level,model,split,target,trial,cup_id,day_t,day_future,y_t,y_future,pred,abs_err
cup,Persist,loo_cup,mask_area_future,trial1,1,19,23,28645.0,33013.0,28645.0,4368.0
cup,Persist,loo_cup,mask_area_future,trial1,1,22,26,41915.0,31691.0,41915.0,10224.0
cup,Persist,loo_cup,mask_area_future,trial1,2,19,23,24715.0,35688.0,24715.0,10973.0
cup,Persist,loo_cup,mask_area_future,trial1,2,21,25,39838.0,32030.0,39838.0,7808.0
cup,Persist,loo_cup,mask_area_future,trial1,2,23,27,35688.0,29755.0,35688.0,5933.0
cup,Persist,loo_cup,mask_area_future,trial1,4,18,22,14385.0,27935.0,14385.0,13550.0
cup,Persist,loo_cup,mask_area_future,trial1,4,19,23,28069.0,31875.0,28069.0,3806.0
cup,Persist,loo_cup,mask_area_future,trial1,4,21,25,33740.0,19194.0,33740.0,14546.0
cup,Persist,loo_cup,mask_area_future,trial1,4,22,26,27935.0,19897.0,27935.0,8038.0
cup,Persist,loo_cup,mask_area_future,trial1,4,23,27,31875.0,27892.0,31875.0,3983.0
cup,Persist,loo_cup,mask_area_future,trial1,5,18,22,23134.0,32578.0,23134.0,9444.0
cup,Persist,loo_cup,mask_area_future,trial1,5,21,25,32279.0,23181.0,32279.0,9098.0
cup,Persist,loo_cup,mask_area_future,trial1,5,22,26,32578.0,14280.0,32578.0,18298.0
cup,Persist,loo_cup,mask_area_future,trial1,6,19,23,30319.0,32650.0,30319.0,2331.0
cup,Persist,loo_cup,mask_area_future,trial1,6,21,25,41227.0,35715.0,41227.0,5512.0
cup,Persist,loo_cup,mask_area_future,trial1,6,22,26,30771.0,44352.0,30771.0,13581.0
cup,Persist,loo_cup,mask_area_future,trial1,6,23,27,32650.0,33385.0,32650.0,735.0
cup,Persist,loo_cup,mask_area_future,trial1,7,5,9,40882.0,44642.0,40882.0,3760.0
cup,Persist,loo_cup,mask_area_future,trial1,7,18,22,37889.0,31077.0,37889.0,6812.0
cup,Persist,loo_cup,mask_area_future,trial1,7,21,25,35028.0,29068.0,35028.0,5960.0
cup,Persist,loo_cup,mask_area_future,trial1,7,22,26,31077.0,18552.0,31077.0,12525.0
cup,Persist,loo_cup,mask_area_future,trial1,7,23,27,33473.0,34065.0,33473.0,592.0
cup,Persist,loo_cup,mask_area_future,trial1,8,1,5,40430.0,38146.0,40430.0,2284.0
cup,Persist,loo_cup,mask_area_future,trial1,8,22,26,39590.0,33117.0,39590.0,6473.0
cup,Persist,loo_cup,mask_area_future,trial1,8,23,27,42584.0,33411.0,42584.0,9173.0
cup,Persist,loo_cup,mask_area_future,trial1,9,18,22,37663.0,36623.0,37663.0,1040.0
cup,Persist,loo_cup,mask_area_future,trial1,9,21,25,42941.0,35789.0,42941.0,7152.0
cup,Persist,loo_cup,mask_area_future,trial1,9,22,26,36623.0,36021.0,36623.0,602.0
cup,Persist,loo_cup,mask_area_future,trial1,9,23,27,39214.0,38813.0,39214.0,401.0
cup,Persist,loo_cup,mask_area_future,trial1,11,1,5,44849.0,42648.0,44849.0,2201.0
cup,Persist,loo_cup,mask_area_future,trial1,11,2,6,44514.0,41506.0,44514.0,3008.0
cup,Persist,loo_cup,mask_area_future,trial1,11,3,7,44603.0,42927.0,44603.0,1676.0
cup,Persist,loo_cup,mask_area_future,trial1,11,4,8,44733.0,41210.0,44733.0,3523.0
cup,Persist,loo_cup,mask_area_future,trial1,11,5,9,42648.0,39268.0,42648.0,3380.0
cup,Persist,loo_cup,mask_area_future,trial1,11,18,22,38546.0,32926.0,38546.0,5620.0
cup,Persist,loo_cup,mask_area_future,trial1,11,21,25,39838.0,38744.0,39838.0,1094.0
cup,Persist,loo_cup,mask_area_future,trial1,11,22,26,32926.0,32097.0,32926.0,829.0
cup,Persist,loo_cup,mask_area_future,trial1,11,23,27,44708.0,39343.0,44708.0,5365.0
cup,Persist,loo_cup,mask_area_future,trial1,12,18,22,42025.0,37679.0,42025.0,4346.0
cup,Persist,loo_cup,mask_area_future,trial1,12,21,25,40298.0,34927.0,40298.0,5371.0
cup,Persist,loo_cup,mask_area_future,trial1,12,22,26,37679.0,17886.0,37679.0,19793.0
cup,Persist,loo_cup,mask_area_future,trial1,14,0,4,76366.0,81850.0,76366.0,5484.0
cup,Persist,loo_cup,mask_area_future,trial1,14,1,5,75818.0,71535.0,75818.0,4283.0
cup,Persist,loo_cup,mask_area_future,trial2,1,1,5,30027.0,26996.0,30027.0,3031.0
cup,Persist,loo_cup,mask_area_future,trial2,1,2,6,28792.0,30866.0,28792.0,2074.0
cup,Persist,loo_cup,mask_area_future,trial2,1,3,7,27671.0,32033.0,27671.0,4362.0
cup,Persist,loo_cup,mask_area_future,trial2,1,4,8,31854.0,31893.0,31854.0,39.0
cup,Persist,loo_cup,mask_area_future,trial2,1,5,9,26996.0,33318.0,26996.0,6322.0
cup,Persist,loo_cup,mask_area_future,trial2,1,6,10,30866.0,39044.0,30866.0,8178.0
cup,Persist,loo_cup,mask_area_future,trial2,1,7,11,32033.0,36797.0,32033.0,4764.0
cup,Persist,loo_cup,mask_area_future,trial2,1,8,12,31893.0,36984.0,31893.0,5091.0
cup,Persist,loo_cup,mask_area_future,trial2,1,9,13,33318.0,41829.0,33318.0,8511.0
cup,Persist,loo_cup,mask_area_future,trial2,1,10,14,39044.0,41624.0,39044.0,2580.0
cup,Persist,loo_cup,mask_area_future,trial2,1,11,15,36797.0,41946.0,36797.0,5149.0
cup,Persist,loo_cup,mask_area_future,trial2,1,12,16,36984.0,43614.0,36984.0,6630.0
cup,Persist,loo_cup,mask_area_future,trial2,2,1,5,18058.0,34221.0,18058.0,16163.0
cup,Persist,loo_cup,mask_area_future,trial2,2,2,6,27175.0,36340.0,27175.0,9165.0
cup,Persist,loo_cup,mask_area_future,trial2,2,3,7,26126.0,36830.0,26126.0,10704.0
cup,Persist,loo_cup,mask_area_future,trial2,2,4,8,27384.0,37521.0,27384.0,10137.0
cup,Persist,loo_cup,mask_area_future,trial2,2,5,9,34221.0,38046.0,34221.0,3825.0
cup,Persist,loo_cup,mask_area_future,trial2,2,6,10,36340.0,32723.0,36340.0,3617.0
cup,Persist,loo_cup,mask_area_future,trial2,2,7,11,36830.0,37249.0,36830.0,419.0
cup,Persist,loo_cup,mask_area_future,trial2,2,8,12,37521.0,38571.0,37521.0,1050.0
cup,Persist,loo_cup,mask_area_future,trial2,2,9,13,38046.0,42374.0,38046.0,4328.0
cup,Persist,loo_cup,mask_area_future,trial2,2,10,14,32723.0,42765.0,32723.0,10042.0
cup,Persist,loo_cup,mask_area_future,trial2,2,11,15,37249.0,44730.0,37249.0,7481.0
cup,Persist,loo_cup,mask_area_future,trial2,3,1,5,31948.0,31994.0,31948.0,46.0
cup,Persist,loo_cup,mask_area_future,trial2,3,2,6,31650.0,32677.0,31650.0,1027.0
cup,Persist,loo_cup,mask_area_future,trial2,3,3,7,44765.0,40230.0,44765.0,4535.0
cup,Persist,loo_cup,mask_area_future,trial2,3,4,8,31644.0,39877.0,31644.0,8233.0
cup,Persist,loo_cup,mask_area_future,trial2,3,5,9,31994.0,43212.0,31994.0,11218.0
cup,Persist,loo_cup,mask_area_future,trial2,3,6,10,32677.0,43376.0,32677.0,10699.0
cup,Persist,loo_cup,mask_area_future,trial2,3,7,11,40230.0,37275.0,40230.0,2955.0
cup,Persist,loo_cup,mask_area_future,trial2,3,8,12,39877.0,39721.0,39877.0,156.0
cup,Persist,loo_cup,mask_area_future,trial2,3,9,13,43212.0,40961.0,43212.0,2251.0
cup,Persist,loo_cup,mask_area_future,trial2,3,10,14,43376.0,43679.0,43376.0,303.0
cup,Persist,loo_cup,mask_area_future,trial2,3,11,15,37275.0,44880.0,37275.0,7605.0
cup,Persist,loo_cup,mask_area_future,trial2,3,12,16,39721.0,43022.0,39721.0,3301.0
cup,Persist,loo_cup,mask_area_future,trial2,4,1,5,44781.0,44933.0,44781.0,152.0
cup,Persist,loo_cup,mask_area_future,trial2,4,2,6,43709.0,44608.0,43709.0,899.0
cup,Persist,loo_cup,mask_area_future,trial2,4,5,9,44933.0,42721.0,44933.0,2212.0
cup,Persist,loo_cup,mask_area_future,trial2,4,6,10,44608.0,44743.0,44608.0,135.0
cup,Persist,loo_cup,mask_area_future,trial2,4,9,13,42721.0,44627.0,42721.0,1906.0
cup,Persist,loo_cup,mask_area_future,trial2,4,10,14,44743.0,43942.0,44743.0,801.0
cup,Persist,loo_cup,mask_area_future,trial2,4,12,16,44607.0,42086.0,44607.0,2521.0
cup,Persist,loo_cup,mask_area_future,trial2,5,1,5,30842.0,30719.0,30842.0,123.0
cup,Persist,loo_cup,mask_area_future,trial2,5,2,6,31103.0,30750.0,31103.0,353.0
cup,Persist,loo_cup,mask_area_future,trial2,5,3,7,31012.0,37057.0,31012.0,6045.0
cup,Persist,loo_cup,mask_area_future,trial2,5,4,8,31206.0,35819.0,31206.0,4613.0
cup,Persist,loo_cup,mask_area_future,trial2,5,5,9,30719.0,38910.0,30719.0,8191.0
cup,Persist,loo_cup,mask_area_future,trial2,5,6,10,30750.0,37743.0,30750.0,6993.0
cup,Persist,loo_cup,mask_area_future,trial2,5,7,11,37057.0,34928.0,37057.0,2129.0
cup,Persist,loo_cup,mask_area_future,trial2,5,8,12,35819.0,33689.0,35819.0,2130.0
cup,Persist,loo_cup,mask_area_future,trial2,5,11,15,34928.0,44451.0,34928.0,9523.0
cup,Persist,loo_cup,mask_area_future,trial2,6,1,5,68393.0,63266.0,68393.0,5127.0
cup,Persist,loo_cup,mask_area_future,trial2,6,2,6,64674.0,64622.0,64674.0,52.0
cup,Persist,loo_cup,mask_area_future,trial2,6,5,9,63266.0,73021.0,63266.0,9755.0
cup,Persist,loo_cup,mask_area_future,trial2,6,6,10,64622.0,73411.0,64622.0,8789.0
cup,Persist,loo_cup,mask_area_future,trial2,6,9,13,73021.0,75553.0,73021.0,2532.0
cup,Persist,loo_cup,mask_area_future,trial2,6,10,14,73411.0,71507.0,73411.0,1904.0
cup,Persist,loo_cup,mask_area_future,trial2,6,11,15,73219.0,68578.0,73219.0,4641.0
cup,Persist,loo_cup,mask_area_future,trial2,6,12,16,75702.0,67064.0,75702.0,8638.0
cup,Persist,loo_cup,mask_area_future,trial2,7,1,5,25235.0,25530.0,25235.0,295.0
cup,Persist,loo_cup,mask_area_future,trial2,7,2,6,25104.0,25735.0,25104.0,631.0
cup,Persist,loo_cup,mask_area_future,trial2,7,3,7,25285.0,26238.0,25285.0,953.0
cup,Persist,loo_cup,mask_area_future,trial2,7,4,8,25263.0,26083.0,25263.0,820.0
cup,Persist,loo_cup,mask_area_future,trial2,7,5,9,25530.0,26737.0,25530.0,1207.0
cup,Persist,loo_cup,mask_area_future,trial2,8,1,5,33102.0,33665.0,33102.0,563.0
cup,Persist,loo_cup,mask_area_future,trial2,8,2,6,36268.0,34810.0,36268.0,1458.0
cup,Persist,loo_cup,mask_area_future,trial2,8,4,8,35796.0,33483.0,35796.0,2313.0
cup,Persist,loo_cup,mask_area_future,trial2,8,5,9,33665.0,44588.0,33665.0,10923.0
cup,Persist,loo_cup,mask_area_future,trial2,8,6,10,34810.0,42877.0,34810.0,8067.0
cup,Persist,loo_cup,mask_area_future,trial2,8,8,12,33483.0,35586.0,33483.0,2103.0
cup,Persist,loo_cup,mask_area_future,trial2,8,9,13,44588.0,40708.0,44588.0,3880.0
cup,Persist,loo_cup,mask_area_future,trial2,8,10,14,42877.0,43816.0,42877.0,939.0
cup,Persist,loo_cup,mask_area_future,trial2,8,11,15,37178.0,44485.0,37178.0,7307.0
cup,Persist,loo_cup,mask_area_future,trial2,8,12,16,35586.0,44561.0,35586.0,8975.0
cup,Persist,loo_cup,mask_area_future,trial2,9,1,5,22788.0,26083.0,22788.0,3295.0
cup,Persist,loo_cup,mask_area_future,trial2,9,2,6,25834.0,25534.0,25834.0,300.0
cup,Persist,loo_cup,mask_area_future,trial2,9,4,8,25275.0,44366.0,25275.0,19091.0
cup,Persist,loo_cup,mask_area_future,trial2,12,10,14,66025.0,83741.0,66025.0,17716.0
cup,GrowMean,loo_cup,mask_area_future,trial1,1,19,23,28645.0,33013.0,29778.32773109244,3234.6722689075614
cup,GrowMean,loo_cup,mask_area_future,trial1,1,22,26,41915.0,31691.0,43048.32773109244,11357.327731092439
cup,GrowMean,loo_cup,mask_area_future,trial1,2,19,23,24715.0,35688.0,25831.76271186441,9856.237288135591
cup,GrowMean,loo_cup,mask_area_future,trial1,2,21,25,39838.0,32030.0,40954.76271186441,8924.762711864409
cup,GrowMean,loo_cup,mask_area_future,trial1,2,23,27,35688.0,29755.0,36804.76271186441,7049.762711864409
cup,GrowMean,loo_cup,mask_area_future,trial1,4,18,22,14385.0,27935.0,15576.560344827587,12358.439655172413
cup,GrowMean,loo_cup,mask_area_future,trial1,4,19,23,28069.0,31875.0,29260.560344827587,2614.439655172413
cup,GrowMean,loo_cup,mask_area_future,trial1,4,21,25,33740.0,19194.0,34931.56034482759,15737.560344827587
cup,GrowMean,loo_cup,mask_area_future,trial1,4,22,26,27935.0,19897.0,29126.560344827587,9229.560344827587
cup,GrowMean,loo_cup,mask_area_future,trial1,4,23,27,31875.0,27892.0,33066.56034482759,5174.560344827587
cup,GrowMean,loo_cup,mask_area_future,trial1,5,18,22,23134.0,32578.0,24379.4406779661,8198.5593220339
cup,GrowMean,loo_cup,mask_area_future,trial1,5,21,25,32279.0,23181.0,33524.4406779661,10343.4406779661
cup,GrowMean,loo_cup,mask_area_future,trial1,5,22,26,32578.0,14280.0,33823.4406779661,19543.4406779661
cup,GrowMean,loo_cup,mask_area_future,trial1,6,19,23,30319.0,32650.0,31326.478632478633,1323.5213675213672
cup,GrowMean,loo_cup,mask_area_future,trial1,6,21,25,41227.0,35715.0,42234.47863247863,6519.478632478633
cup,GrowMean,loo_cup,mask_area_future,trial1,6,22,26,30771.0,44352.0,31778.478632478633,12573.521367521367
cup,GrowMean,loo_cup,mask_area_future,trial1,6,23,27,32650.0,33385.0,33657.47863247863,272.4786324786328
cup,GrowMean,loo_cup,mask_area_future,trial1,7,5,9,40882.0,44642.0,42174.71551724138,2467.284482758623
cup,GrowMean,loo_cup,mask_area_future,trial1,7,18,22,37889.0,31077.0,39181.71551724138,8104.715517241377
cup,GrowMean,loo_cup,mask_area_future,trial1,7,21,25,35028.0,29068.0,36320.71551724138,7252.715517241377
cup,GrowMean,loo_cup,mask_area_future,trial1,7,22,26,31077.0,18552.0,32369.71551724138,13817.71551724138
cup,GrowMean,loo_cup,mask_area_future,trial1,7,23,27,33473.0,34065.0,34765.71551724138,700.7155172413768
cup,GrowMean,loo_cup,mask_area_future,trial1,8,1,5,40430.0,38146.0,41675.254237288136,3529.254237288136
cup,GrowMean,loo_cup,mask_area_future,trial1,8,22,26,39590.0,33117.0,40835.254237288136,7718.254237288136
cup,GrowMean,loo_cup,mask_area_future,trial1,8,23,27,42584.0,33411.0,43829.254237288136,10418.254237288136
cup,GrowMean,loo_cup,mask_area_future,trial1,9,18,22,37663.0,36623.0,38844.23931623931,2221.2393162393128
cup,GrowMean,loo_cup,mask_area_future,trial1,9,21,25,42941.0,35789.0,44122.23931623931,8333.239316239313
cup,GrowMean,loo_cup,mask_area_future,trial1,9,22,26,36623.0,36021.0,37804.23931623931,1783.2393162393128
cup,GrowMean,loo_cup,mask_area_future,trial1,9,23,27,39214.0,38813.0,40395.23931623931,1582.2393162393128
cup,GrowMean,loo_cup,mask_area_future,trial1,11,1,5,44849.0,42648.0,46239.232142857145,3591.232142857145
cup,GrowMean,loo_cup,mask_area_future,trial1,11,2,6,44514.0,41506.0,45904.232142857145,4398.232142857145
cup,GrowMean,loo_cup,mask_area_future,trial1,11,3,7,44603.0,42927.0,45993.232142857145,3066.232142857145
cup,GrowMean,loo_cup,mask_area_future,trial1,11,4,8,44733.0,41210.0,46123.232142857145,4913.232142857145
cup,GrowMean,loo_cup,mask_area_future,trial1,11,5,9,42648.0,39268.0,44038.232142857145,4770.232142857145
cup,GrowMean,loo_cup,mask_area_future,trial1,11,18,22,38546.0,32926.0,39936.232142857145,7010.232142857145
cup,GrowMean,loo_cup,mask_area_future,trial1,11,21,25,39838.0,38744.0,41228.232142857145,2484.232142857145
cup,GrowMean,loo_cup,mask_area_future,trial1,11,22,26,32926.0,32097.0,34316.232142857145,2219.232142857145
cup,GrowMean,loo_cup,mask_area_future,trial1,11,23,27,44708.0,39343.0,46098.232142857145,6755.232142857145
cup,GrowMean,loo_cup,mask_area_future,trial1,12,18,22,42025.0,37679.0,43368.38983050847,5689.389830508473
cup,GrowMean,loo_cup,mask_area_future,trial1,12,21,25,40298.0,34927.0,41641.38983050847,6714.389830508473
cup,GrowMean,loo_cup,mask_area_future,trial1,12,22,26,37679.0,17886.0,39022.38983050847,21136.389830508473
cup,GrowMean,loo_cup,mask_area_future,trial1,14,0,4,76366.0,81850.0,77440.02521008403,4409.97478991597
cup,GrowMean,loo_cup,mask_area_future,trial1,14,1,5,75818.0,71535.0,76892.02521008403,5357.02521008403
cup,GrowMean,loo_cup,mask_area_future,trial2,1,1,5,30027.0,26996.0,30745.724770642202,3749.724770642202
cup,GrowMean,loo_cup,mask_area_future,trial2,1,2,6,28792.0,30866.0,29510.724770642202,1355.2752293577978
cup,GrowMean,loo_cup,mask_area_future,trial2,1,3,7,27671.0,32033.0,28389.724770642202,3643.275229357798
cup,GrowMean,loo_cup,mask_area_future,trial2,1,4,8,31854.0,31893.0,32572.724770642202,679.7247706422022
cup,GrowMean,loo_cup,mask_area_future,trial2,1,5,9,26996.0,33318.0,27714.724770642202,5603.275229357798
cup,GrowMean,loo_cup,mask_area_future,trial2,1,6,10,30866.0,39044.0,31584.724770642202,7459.275229357798
cup,GrowMean,loo_cup,mask_area_future,trial2,1,7,11,32033.0,36797.0,32751.724770642202,4045.275229357798
cup,GrowMean,loo_cup,mask_area_future,trial2,1,8,12,31893.0,36984.0,32611.724770642202,4372.275229357798
cup,GrowMean,loo_cup,mask_area_future,trial2,1,9,13,33318.0,41829.0,34036.7247706422,7792.275229357801
cup,GrowMean,loo_cup,mask_area_future,trial2,1,10,14,39044.0,41624.0,39762.7247706422,1861.2752293578014
cup,GrowMean,loo_cup,mask_area_future,trial2,1,11,15,36797.0,41946.0,37515.7247706422,4430.275229357801
cup,GrowMean,loo_cup,mask_area_future,trial2,1,12,16,36984.0,43614.0,37702.7247706422,5911.275229357801
cup,GrowMean,loo_cup,mask_area_future,trial2,2,1,5,18058.0,34221.0,18597.20909090909,15623.790909090909
cup,GrowMean,loo_cup,mask_area_future,trial2,2,2,6,27175.0,36340.0,27714.20909090909,8625.790909090909
cup,GrowMean,loo_cup,mask_area_future,trial2,2,3,7,26126.0,36830.0,26665.20909090909,10164.790909090909
cup,GrowMean,loo_cup,mask_area_future,trial2,2,4,8,27384.0,37521.0,27923.20909090909,9597.790909090909
cup,GrowMean,loo_cup,mask_area_future,trial2,2,5,9,34221.0,38046.0,34760.20909090909,3285.790909090909
cup,GrowMean,loo_cup,mask_area_future,trial2,2,6,10,36340.0,32723.0,36879.20909090909,4156.209090909091
cup,GrowMean,loo_cup,mask_area_future,trial2,2,7,11,36830.0,37249.0,37369.20909090909,120.20909090909117
cup,GrowMean,loo_cup,mask_area_future,trial2,2,8,12,37521.0,38571.0,38060.20909090909,510.7909090909088
cup,GrowMean,loo_cup,mask_area_future,trial2,2,9,13,38046.0,42374.0,38585.20909090909,3788.790909090909
cup,GrowMean,loo_cup,mask_area_future,trial2,2,10,14,32723.0,42765.0,33262.20909090909,9502.790909090909
cup,GrowMean,loo_cup,mask_area_future,trial2,2,11,15,37249.0,44730.0,37788.20909090909,6941.790909090909
cup,GrowMean,loo_cup,mask_area_future,trial2,3,1,5,31948.0,31994.0,32833.091743119265,839.0917431192647
cup,GrowMean,loo_cup,mask_area_future,trial2,3,2,6,31650.0,32677.0,32535.091743119265,141.90825688073528
cup,GrowMean,loo_cup,mask_area_future,trial2,3,3,7,44765.0,40230.0,45650.091743119265,5420.091743119265
cup,GrowMean,loo_cup,mask_area_future,trial2,3,4,8,31644.0,39877.0,32529.091743119265,7347.908256880735
cup,GrowMean,loo_cup,mask_area_future,trial2,3,5,9,31994.0,43212.0,32879.091743119265,10332.908256880735
cup,GrowMean,loo_cup,mask_area_future,trial2,3,6,10,32677.0,43376.0,33562.091743119265,9813.908256880735
cup,GrowMean,loo_cup,mask_area_future,trial2,3,7,11,40230.0,37275.0,41115.091743119265,3840.0917431192647
cup,GrowMean,loo_cup,mask_area_future,trial2,3,8,12,39877.0,39721.0,40762.091743119265,1041.0917431192647
cup,GrowMean,loo_cup,mask_area_future,trial2,3,9,13,43212.0,40961.0,44097.091743119265,3136.0917431192647
cup,GrowMean,loo_cup,mask_area_future,trial2,3,10,14,43376.0,43679.0,44261.091743119265,582.0917431192647
cup,GrowMean,loo_cup,mask_area_future,trial2,3,11,15,37275.0,44880.0,38160.091743119265,6719.908256880735
cup,GrowMean,loo_cup,mask_area_future,trial2,3,12,16,39721.0,43022.0,40606.091743119265,2415.9082568807353
cup,GrowMean,loo_cup,mask_area_future,trial2,4,1,5,44781.0,44933.0,45934.087719298244,1001.0877192982443
cup,GrowMean,loo_cup,mask_area_future,trial2,4,2,6,43709.0,44608.0,44862.087719298244,254.08771929824434
cup,GrowMean,loo_cup,mask_area_future,trial2,4,5,9,44933.0,42721.0,46086.087719298244,3365.0877192982443
cup,GrowMean,loo_cup,mask_area_future,trial2,4,6,10,44608.0,44743.0,45761.087719298244,1018.0877192982443
cup,GrowMean,loo_cup,mask_area_future,trial2,4,9,13,42721.0,44627.0,43874.087719298244,752.9122807017557
cup,GrowMean,loo_cup,mask_area_future,trial2,4,10,14,44743.0,43942.0,45896.087719298244,1954.0877192982443
cup,GrowMean,loo_cup,mask_area_future,trial2,4,12,16,44607.0,42086.0,45760.087719298244,3674.0877192982443
cup,GrowMean,loo_cup,mask_area_future,trial2,5,1,5,30842.0,30719.0,31720.39285714286,1001.3928571428587
cup,GrowMean,loo_cup,mask_area_future,trial2,5,2,6,31103.0,30750.0,31981.39285714286,1231.3928571428587
cup,GrowMean,loo_cup,mask_area_future,trial2,5,3,7,31012.0,37057.0,31890.39285714286,5166.607142857141
cup,GrowMean,loo_cup,mask_area_future,trial2,5,4,8,31206.0,35819.0,32084.39285714286,3734.6071428571413
cup,GrowMean,loo_cup,mask_area_future,trial2,5,5,9,30719.0,38910.0,31597.39285714286,7312.607142857141
cup,GrowMean,loo_cup,mask_area_future,trial2,5,6,10,30750.0,37743.0,31628.39285714286,6114.607142857141
cup,GrowMean,loo_cup,mask_area_future,trial2,5,7,11,37057.0,34928.0,37935.392857142855,3007.392857142855
cup,GrowMean,loo_cup,mask_area_future,trial2,5,8,12,35819.0,33689.0,36697.392857142855,3008.392857142855
cup,GrowMean,loo_cup,mask_area_future,trial2,5,11,15,34928.0,44451.0,35806.392857142855,8644.607142857145
cup,GrowMean,loo_cup,mask_area_future,trial2,6,1,5,68393.0,63266.0,69528.36283185841,6262.362831858409
cup,GrowMean,loo_cup,mask_area_future,trial2,6,2,6,64674.0,64622.0,65809.36283185841,1187.3628318584088
cup,GrowMean,loo_cup,mask_area_future,trial2,6,5,9,63266.0,73021.0,64401.36283185841,8619.637168141591
cup,GrowMean,loo_cup,mask_area_future,trial2,6,6,10,64622.0,73411.0,65757.36283185841,7653.637168141591
cup,GrowMean,loo_cup,mask_area_future,trial2,6,9,13,73021.0,75553.0,74156.36283185841,1396.6371681415912
cup,GrowMean,loo_cup,mask_area_future,trial2,6,10,14,73411.0,71507.0,74546.36283185841,3039.3628318584088
cup,GrowMean,loo_cup,mask_area_future,trial2,6,11,15,73219.0,68578.0,74354.36283185841,5776.362831858409
cup,GrowMean,loo_cup,mask_area_future,trial2,6,12,16,75702.0,67064.0,76837.36283185841,9773.362831858409
cup,GrowMean,loo_cup,mask_area_future,trial2,7,1,5,25235.0,25530.0,26313.48275862069,783.4827586206884
cup,GrowMean,loo_cup,mask_area_future,trial2,7,2,6,25104.0,25735.0,26182.48275862069,447.4827586206884
cup,GrowMean,loo_cup,mask_area_future,trial2,7,3,7,25285.0,26238.0,26363.48275862069,125.4827586206884
cup,GrowMean,loo_cup,mask_area_future,trial2,7,4,8,25263.0,26083.0,26341.48275862069,258.4827586206884
cup,GrowMean,loo_cup,mask_area_future,trial2,7,5,9,25530.0,26737.0,26608.48275862069,128.5172413793116
cup,GrowMean,loo_cup,mask_area_future,trial2,8,1,5,33102.0,33665.0,33982.93693693694,317.93693693693785
cup,GrowMean,loo_cup,mask_area_future,trial2,8,2,6,36268.0,34810.0,37148.93693693694,2338.936936936938
cup,GrowMean,loo_cup,mask_area_future,trial2,8,4,8,35796.0,33483.0,36676.93693693694,3193.936936936938
cup,GrowMean,loo_cup,mask_area_future,trial2,8,5,9,33665.0,44588.0,34545.93693693694,10042.063063063062
cup,GrowMean,loo_cup,mask_area_future,trial2,8,6,10,34810.0,42877.0,35690.93693693694,7186.063063063062
cup,GrowMean,loo_cup,mask_area_future,trial2,8,8,12,33483.0,35586.0,34363.93693693694,1222.0630630630621
cup,GrowMean,loo_cup,mask_area_future,trial2,8,9,13,44588.0,40708.0,45468.93693693694,4760.936936936938
cup,GrowMean,loo_cup,mask_area_future,trial2,8,10,14,42877.0,43816.0,43757.93693693694,58.063063063062145
cup,GrowMean,loo_cup,mask_area_future,trial2,8,11,15,37178.0,44485.0,38058.93693693694,6426.063063063062
cup,GrowMean,loo_cup,mask_area_future,trial2,8,12,16,35586.0,44561.0,36466.93693693694,8094.063063063062
cup,GrowMean,loo_cup,mask_area_future,trial2,9,1,5,22788.0,26083.0,23694.13559322034,2388.8644067796595
cup,GrowMean,loo_cup,mask_area_future,trial2,9,2,6,25834.0,25534.0,26740.13559322034,1206.1355932203405
cup,GrowMean,loo_cup,mask_area_future,trial2,9,4,8,25275.0,44366.0,26181.13559322034,18184.86440677966
cup,GrowMean,loo_cup,mask_area_future,trial2,12,10,14,66025.0,83741.0,66952.45,16788.550000000003
cup,Ridge,loo_cup,mask_area_future,trial1,1,19,23,28645.0,33013.0,34826.4942922076,1813.4942922076007
cup,Ridge,loo_cup,mask_area_future,trial1,1,22,26,41915.0,31691.0,32502.758542420706,811.7585424207064
cup,Ridge,loo_cup,mask_area_future,trial1,2,19,23,24715.0,35688.0,28694.386538066225,6993.613461933775
cup,Ridge,loo_cup,mask_area_future,trial1,2,21,25,39838.0,32030.0,32586.022468566018,556.0224685660178
cup,Ridge,loo_cup,mask_area_future,trial1,2,23,27,35688.0,29755.0,28531.794452760012,1223.205547239988
cup,Ridge,loo_cup,mask_area_future,trial1,4,18,22,14385.0,27935.0,21080.53584014097,6854.4641598590315
cup,Ridge,loo_cup,mask_area_future,trial1,4,19,23,28069.0,31875.0,31263.753275021216,611.2467249787842
cup,Ridge,loo_cup,mask_area_future,trial1,4,21,25,33740.0,19194.0,29949.179052630723,10755.179052630723
cup,Ridge,loo_cup,mask_area_future,trial1,4,22,26,27935.0,19897.0,16692.981616809353,3204.018383190647
cup,Ridge,loo_cup,mask_area_future,trial1,4,23,27,31875.0,27892.0,25701.233817026878,2190.7661829731223
cup,Ridge,loo_cup,mask_area_future,trial1,5,18,22,23134.0,32578.0,24176.081834531593,8401.918165468407
cup,Ridge,loo_cup,mask_area_future,trial1,5,21,25,32279.0,23181.0,28930.82875283568,5749.828752835681
cup,Ridge,loo_cup,mask_area_future,trial1,5,22,26,32578.0,14280.0,25980.24879650925,11700.248796509251
cup,Ridge,loo_cup,mask_area_future,trial1,6,19,23,30319.0,32650.0,32470.053365590084,179.94663440991644
cup,Ridge,loo_cup,mask_area_future,trial1,6,21,25,41227.0,35715.0,33172.73410884566,2542.2658911543404
cup,Ridge,loo_cup,mask_area_future,trial1,6,22,26,30771.0,44352.0,28332.40963391612,16019.590366083881
cup,Ridge,loo_cup,mask_area_future,trial1,6,23,27,32650.0,33385.0,30520.142326983863,2864.8576730161367
cup,Ridge,loo_cup,mask_area_future,trial1,7,5,9,40882.0,44642.0,39645.658141266635,4996.341858733365
cup,Ridge,loo_cup,mask_area_future,trial1,7,18,22,37889.0,31077.0,35611.49918401442,4534.499184014421
cup,Ridge,loo_cup,mask_area_future,trial1,7,21,25,35028.0,29068.0,31080.312298168243,2012.3122981682427
cup,Ridge,loo_cup,mask_area_future,trial1,7,22,26,31077.0,18552.0,29012.877754910318,10460.877754910318
cup,Ridge,loo_cup,mask_area_future,trial1,7,23,27,33473.0,34065.0,26901.26009941633,7163.7399005836705
cup,Ridge,loo_cup,mask_area_future,trial1,8,1,5,40430.0,38146.0,44692.29134391641,6546.291343916411
cup,Ridge,loo_cup,mask_area_future,trial1,8,22,26,39590.0,33117.0,31416.113383661614,1700.8866163383864
cup,Ridge,loo_cup,mask_area_future,trial1,8,23,27,42584.0,33411.0,39674.93922563812,6263.939225638118
cup,Ridge,loo_cup,mask_area_future,trial1,9,18,22,37663.0,36623.0,34708.71552546387,1914.284474536129
cup,Ridge,loo_cup,mask_area_future,trial1,9,21,25,42941.0,35789.0,37505.718313888676,1716.7183138886758
cup,Ridge,loo_cup,mask_area_future,trial1,9,22,26,36623.0,36021.0,30253.20330365646,5767.796696343539
cup,Ridge,loo_cup,mask_area_future,trial1,9,23,27,39214.0,38813.0,35623.845768287494,3189.154231712506
cup,Ridge,loo_cup,mask_area_future,trial1,11,1,5,44849.0,42648.0,48566.036831785226,5918.036831785226
cup,Ridge,loo_cup,mask_area_future,trial1,11,2,6,44514.0,41506.0,47622.26053018429,6116.260530184292
cup,Ridge,loo_cup,mask_area_future,trial1,11,3,7,44603.0,42927.0,47257.57785316283,4330.577853162831
cup,Ridge,loo_cup,mask_area_future,trial1,11,4,8,44733.0,41210.0,46648.33756984226,5438.337569842261
cup,Ridge,loo_cup,mask_area_future,trial1,11,5,9,42648.0,39268.0,48006.624155513055,8738.624155513055
cup,Ridge,loo_cup,mask_area_future,trial1,11,18,22,38546.0,32926.0,35981.755222998596,3055.755222998596
cup,Ridge,loo_cup,mask_area_future,trial1,11,21,25,39838.0,38744.0,38424.43065228236,319.5693477176392
cup,Ridge,loo_cup,mask_area_future,trial1,11,22,26,32926.0,32097.0,29490.93354859284,2606.0664514071614
cup,Ridge,loo_cup,mask_area_future,trial1,11,23,27,44708.0,39343.0,39173.668869049885,169.33113095011504
cup,Ridge,loo_cup,mask_area_future,trial1,12,18,22,42025.0,37679.0,38618.21018703788,939.2101870378829
cup,Ridge,loo_cup,mask_area_future,trial1,12,21,25,40298.0,34927.0,33822.26790475399,1104.7320952460068
cup,Ridge,loo_cup,mask_area_future,trial1,12,22,26,37679.0,17886.0,33719.42956992149,15833.429569921493
cup,Ridge,loo_cup,mask_area_future,trial1,14,0,4,76366.0,81850.0,66100.24643957318,15749.75356042682
cup,Ridge,loo_cup,mask_area_future,trial1,14,1,5,75818.0,71535.0,66670.18677664828,4864.813223351724
cup,Ridge,loo_cup,mask_area_future,trial2,1,1,5,30027.0,26996.0,34743.01357421258,7747.0135742125785
cup,Ridge,loo_cup,mask_area_future,trial2,1,2,6,28792.0,30866.0,32152.95378935399,1286.9537893539891
cup,Ridge,loo_cup,mask_area_future,trial2,1,3,7,27671.0,32033.0,34753.58434090879,2720.58434090879
cup,Ridge,loo_cup,mask_area_future,trial2,1,4,8,31854.0,31893.0,37411.637021876646,5518.637021876646
cup,Ridge,loo_cup,mask_area_future,trial2,1,5,9,26996.0,33318.0,34093.47338796787,775.4733879678679
cup,Ridge,loo_cup,mask_area_future,trial2,1,6,10,30866.0,39044.0,35688.09360450173,3355.9063954982703
cup,Ridge,loo_cup,mask_area_future,trial2,1,7,11,32033.0,36797.0,35088.80025623818,1708.1997437618193
cup,Ridge,loo_cup,mask_area_future,trial2,1,8,12,31893.0,36984.0,35552.260058343265,1431.739941656735
cup,Ridge,loo_cup,mask_area_future,trial2,1,9,13,33318.0,41829.0,37755.8449280844,4073.1550719156003
cup,Ridge,loo_cup,mask_area_future,trial2,1,10,14,39044.0,41624.0,46851.48672236016,5227.486722360161
cup,Ridge,loo_cup,mask_area_future,trial2,1,11,15,36797.0,41946.0,40688.589848448726,1257.4101515512739
cup,Ridge,loo_cup,mask_area_future,trial2,1,12,16,36984.0,43614.0,41884.80622054009,1729.193779459907
cup,Ridge,loo_cup,mask_area_future,trial2,2,1,5,18058.0,34221.0,23762.27826916815,10458.72173083185
cup,Ridge,loo_cup,mask_area_future,trial2,2,2,6,27175.0,36340.0,29262.463907878184,7077.536092121816
cup,Ridge,loo_cup,mask_area_future,trial2,2,3,7,26126.0,36830.0,32300.167364808272,4529.832635191728
cup,Ridge,loo_cup,mask_area_future,trial2,2,4,8,27384.0,37521.0,32688.853173117124,4832.146826882876
cup,Ridge,loo_cup,mask_area_future,trial2,2,5,9,34221.0,38046.0,33461.985619660256,4584.014380339744
cup,Ridge,loo_cup,mask_area_future,trial2,2,6,10,36340.0,32723.0,37444.046113409444,4721.046113409444
cup,Ridge,loo_cup,mask_area_future,trial2,2,7,11,36830.0,37249.0,35800.767997728886,1448.2320022711137
cup,Ridge,loo_cup,mask_area_future,trial2,2,8,12,37521.0,38571.0,37040.87285878139,1530.1271412186106
cup,Ridge,loo_cup,mask_area_future,trial2,2,9,13,38046.0,42374.0,41932.60720141441,441.39279858559166
cup,Ridge,loo_cup,mask_area_future,trial2,2,10,14,32723.0,42765.0,39149.80571929022,3615.1942807097803
cup,Ridge,loo_cup,mask_area_future,trial2,2,11,15,37249.0,44730.0,42495.214312367156,2234.785687632844
cup,Ridge,loo_cup,mask_area_future,trial2,3,1,5,31948.0,31994.0,35803.2378701334,3809.237870133402
cup,Ridge,loo_cup,mask_area_future,trial2,3,2,6,31650.0,32677.0,34440.97125225667,1763.9712522566697
cup,Ridge,loo_cup,mask_area_future,trial2,3,3,7,44765.0,40230.0,45752.35947776919,5522.359477769191
cup,Ridge,loo_cup,mask_area_future,trial2,3,4,8,31644.0,39877.0,37098.91308536027,2778.086914639731
cup,Ridge,loo_cup,mask_area_future,trial2,3,5,9,31994.0,43212.0,37602.04375761571,5609.956242384287
cup,Ridge,loo_cup,mask_area_future,trial2,3,6,10,32677.0,43376.0,37935.70297302401,5440.29702697599
cup,Ridge,loo_cup,mask_area_future,trial2,3,7,11,40230.0,37275.0,44925.17441216868,7650.174412168679
cup,Ridge,loo_cup,mask_area_future,trial2,3,8,12,39877.0,39721.0,40272.2329323162,551.2329323161975
cup,Ridge,loo_cup,mask_area_future,trial2,3,9,13,43212.0,40961.0,45696.62878653564,4735.628786535643
cup,Ridge,loo_cup,mask_area_future,trial2,3,10,14,43376.0,43679.0,46977.7250706405,3298.725070640503
cup,Ridge,loo_cup,mask_area_future,trial2,3,11,15,37275.0,44880.0,44508.88911012006,371.110889879943
cup,Ridge,loo_cup,mask_area_future,trial2,3,12,16,39721.0,43022.0,46791.86428828312,3769.864288283119
cup,Ridge,loo_cup,mask_area_future,trial2,4,1,5,44781.0,44933.0,43073.87577571343,1859.12422428657
cup,Ridge,loo_cup,mask_area_future,trial2,4,2,6,43709.0,44608.0,40864.649389173894,3743.3506108261063
cup,Ridge,loo_cup,mask_area_future,trial2,4,5,9,44933.0,42721.0,48697.83928869501,5976.83928869501
cup,Ridge,loo_cup,mask_area_future,trial2,4,6,10,44608.0,44743.0,47972.130101073395,3229.130101073395
cup,Ridge,loo_cup,mask_area_future,trial2,4,9,13,42721.0,44627.0,49314.857992934056,4687.857992934056
cup,Ridge,loo_cup,mask_area_future,trial2,4,10,14,44743.0,43942.0,51598.744391364795,7656.744391364795
cup,Ridge,loo_cup,mask_area_future,trial2,4,12,16,44607.0,42086.0,49234.07239746601,7148.072397466007
cup,Ridge,loo_cup,mask_area_future,trial2,5,1,5,30842.0,30719.0,36382.542536794674,5663.542536794674
cup,Ridge,loo_cup,mask_area_future,trial2,5,2,6,31103.0,30750.0,35167.08480528127,4417.084805281273
cup,Ridge,loo_cup,mask_area_future,trial2,5,3,7,31012.0,37057.0,38198.51623562294,1141.5162356229412
cup,Ridge,loo_cup,mask_area_future,trial2,5,4,8,31206.0,35819.0,37802.36117175028,1983.361171750279
cup,Ridge,loo_cup,mask_area_future,trial2,5,5,9,30719.0,38910.0,37619.81258468258,1290.1874153174213
cup,Ridge,loo_cup,mask_area_future,trial2,5,6,10,30750.0,37743.0,37745.99766980475,2.9976698047466925
cup,Ridge,loo_cup,mask_area_future,trial2,5,7,11,37057.0,34928.0,38448.79265646173,3520.79265646173
cup,Ridge,loo_cup,mask_area_future,trial2,5,8,12,35819.0,33689.0,37082.23228030554,3393.232280305543
cup,Ridge,loo_cup,mask_area_future,trial2,5,11,15,34928.0,44451.0,41155.705771014844,3295.294228985156
cup,Ridge,loo_cup,mask_area_future,trial2,6,1,5,68393.0,63266.0,58627.1588405119,4638.841159488104
cup,Ridge,loo_cup,mask_area_future,trial2,6,2,6,64674.0,64622.0,54881.84239126202,9740.15760873798
cup,Ridge,loo_cup,mask_area_future,trial2,6,5,9,63266.0,73021.0,51825.62857541551,21195.37142458449
cup,Ridge,loo_cup,mask_area_future,trial2,6,6,10,64622.0,73411.0,51500.32259243534,21910.67740756466
cup,Ridge,loo_cup,mask_area_future,trial2,6,9,13,73021.0,75553.0,56865.11688137072,18687.88311862928
cup,Ridge,loo_cup,mask_area_future,trial2,6,10,14,73411.0,71507.0,58458.49999929886,13048.50000070114
cup,Ridge,loo_cup,mask_area_future,trial2,6,11,15,73219.0,68578.0,68003.37453114358,574.6254688564222
cup,Ridge,loo_cup,mask_area_future,trial2,6,12,16,75702.0,67064.0,70311.19525078768,3247.195250787685
cup,Ridge,loo_cup,mask_area_future,trial2,7,1,5,25235.0,25530.0,30235.467472796947,4705.467472796947
cup,Ridge,loo_cup,mask_area_future,trial2,7,2,6,25104.0,25735.0,28601.83733215089,2866.8373321508916
cup,Ridge,loo_cup,mask_area_future,trial2,7,3,7,25285.0,26238.0,32382.85477835216,6144.854778352161
cup,Ridge,loo_cup,mask_area_future,trial2,7,4,8,25263.0,26083.0,31845.87787672494,5762.877876724939
cup,Ridge,loo_cup,mask_area_future,trial2,7,5,9,25530.0,26737.0,31463.36000328262,4726.360003282622
cup,Ridge,loo_cup,mask_area_future,trial2,8,1,5,33102.0,33665.0,36127.39729622317,2462.397296223171
cup,Ridge,loo_cup,mask_area_future,trial2,8,2,6,36268.0,34810.0,36992.4977495553,2182.497749555303
cup,Ridge,loo_cup,mask_area_future,trial2,8,4,8,35796.0,33483.0,39178.722397246514,5695.722397246514
cup,Ridge,loo_cup,mask_area_future,trial2,8,5,9,33665.0,44588.0,38286.34272728022,6301.657272719778
cup,Ridge,loo_cup,mask_area_future,trial2,8,6,10,34810.0,42877.0,40023.411994374546,2853.5880056254537
cup,Ridge,loo_cup,mask_area_future,trial2,8,8,12,33483.0,35586.0,37931.54937701662,2345.5493770166213
cup,Ridge,loo_cup,mask_area_future,trial2,8,9,13,44588.0,40708.0,47310.75498892851,6602.754988928507
cup,Ridge,loo_cup,mask_area_future,trial2,8,10,14,42877.0,43816.0,47430.34478476264,3614.3447847626376
cup,Ridge,loo_cup,mask_area_future,trial2,8,11,15,37178.0,44485.0,42193.44398134855,2291.5560186514485
cup,Ridge,loo_cup,mask_area_future,trial2,8,12,16,35586.0,44561.0,41634.612341753906,2926.3876582460944
cup,Ridge,loo_cup,mask_area_future,trial2,9,1,5,22788.0,26083.0,28329.917469938682,2246.917469938682
cup,Ridge,loo_cup,mask_area_future,trial2,9,2,6,25834.0,25534.0,29069.375902622967,3535.3759026229673
cup,Ridge,loo_cup,mask_area_future,trial2,9,4,8,25275.0,44366.0,31347.47421628671,13018.525783713289
cup,Ridge,loo_cup,mask_area_future,trial2,12,10,14,66025.0,83741.0,59248.58049985794,24492.41950014206
cup,ElasticNet,loo_cup,mask_area_future,trial1,1,19,23,28645.0,33013.0,35625.24004508064,2612.240045080638
cup,ElasticNet,loo_cup,mask_area_future,trial1,1,22,26,41915.0,31691.0,32197.812656341695,506.8126563416954
cup,ElasticNet,loo_cup,mask_area_future,trial1,2,19,23,24715.0,35688.0,28901.191098898467,6786.808901101533
cup,ElasticNet,loo_cup,mask_area_future,trial1,2,21,25,39838.0,32030.0,32376.910376974563,346.9103769745634
cup,ElasticNet,loo_cup,mask_area_future,trial1,2,23,27,35688.0,29755.0,28262.59654846877,1492.4034515312305
cup,ElasticNet,loo_cup,mask_area_future,trial1,4,18,22,14385.0,27935.0,20683.801088058535,7251.198911941465
cup,ElasticNet,loo_cup,mask_area_future,trial1,4,19,23,28069.0,31875.0,31599.612434692506,275.3875653074938
cup,ElasticNet,loo_cup,mask_area_future,trial1,4,21,25,33740.0,19194.0,29516.11652003709,10322.116520037089
cup,ElasticNet,loo_cup,mask_area_future,trial1,4,22,26,27935.0,19897.0,15581.515924819207,4315.484075180793
cup,ElasticNet,loo_cup,mask_area_future,trial1,4,23,27,31875.0,27892.0,25193.859188394865,2698.1408116051352
cup,ElasticNet,loo_cup,mask_area_future,trial1,5,18,22,23134.0,32578.0,24015.26676449594,8562.73323550406
cup,ElasticNet,loo_cup,mask_area_future,trial1,5,21,25,32279.0,23181.0,28433.55464717409,5252.554647174089
cup,ElasticNet,loo_cup,mask_area_future,trial1,5,22,26,32578.0,14280.0,25327.361725630744,11047.361725630744
cup,ElasticNet,loo_cup,mask_area_future,trial1,6,19,23,30319.0,32650.0,33148.74496195107,498.7449619510735
cup,ElasticNet,loo_cup,mask_area_future,trial1,6,21,25,41227.0,35715.0,33003.021076423225,2711.978923576775
cup,ElasticNet,loo_cup,mask_area_future,trial1,6,22,26,30771.0,44352.0,27465.74772949281,16886.25227050719
cup,ElasticNet,loo_cup,mask_area_future,trial1,6,23,27,32650.0,33385.0,30477.91536170195,2907.084638298049
cup,ElasticNet,loo_cup,mask_area_future,trial1,7,5,9,40882.0,44642.0,38680.74309264956,5961.256907350442
cup,ElasticNet,loo_cup,mask_area_future,trial1,7,18,22,37889.0,31077.0,36500.23556027452,5423.235560274523
cup,ElasticNet,loo_cup,mask_area_future,trial1,7,21,25,35028.0,29068.0,30706.705011025144,1638.705011025144
cup,ElasticNet,loo_cup,mask_area_future,trial1,7,22,26,31077.0,18552.0,28410.438680162093,9858.438680162093
cup,ElasticNet,loo_cup,mask_area_future,trial1,7,23,27,33473.0,34065.0,26392.439243652007,7672.560756347993
cup,ElasticNet,loo_cup,mask_area_future,trial1,8,1,5,40430.0,38146.0,44392.61214801295,6246.612148012951
cup,ElasticNet,loo_cup,mask_area_future,trial1,8,22,26,39590.0,33117.0,31017.625675821684,2099.374324178316
cup,ElasticNet,loo_cup,mask_area_future,trial1,8,23,27,42584.0,33411.0,40325.323551192996,6914.323551192996
cup,ElasticNet,loo_cup,mask_area_future,trial1,9,18,22,37663.0,36623.0,35569.326241878276,1053.673758121724
cup,ElasticNet,loo_cup,mask_area_future,trial1,9,21,25,42941.0,35789.0,37618.35475163067,1829.3547516306717
cup,ElasticNet,loo_cup,mask_area_future,trial1,9,22,26,36623.0,36021.0,29599.47033068387,6421.529669316129
cup,ElasticNet,loo_cup,mask_area_future,trial1,9,23,27,39214.0,38813.0,35938.895031730404,2874.1049682695957
cup,ElasticNet,loo_cup,mask_area_future,trial1,11,1,5,44849.0,42648.0,47718.70238909795,5070.702389097947
cup,ElasticNet,loo_cup,mask_area_future,trial1,11,2,6,44514.0,41506.0,46552.88594593112,5046.885945931121
cup,ElasticNet,loo_cup,mask_area_future,trial1,11,3,7,44603.0,42927.0,46072.96834046847,3145.9683404684693
cup,ElasticNet,loo_cup,mask_area_future,trial1,11,4,8,44733.0,41210.0,45331.312310699315,4121.312310699315
cup,ElasticNet,loo_cup,mask_area_future,trial1,11,5,9,42648.0,39268.0,46102.37559827232,6834.375598272323
cup,ElasticNet,loo_cup,mask_area_future,trial1,11,18,22,38546.0,32926.0,36932.17846203123,4006.178462031232
cup,ElasticNet,loo_cup,mask_area_future,trial1,11,21,25,39838.0,38744.0,38701.832616695,42.16738330500084
cup,ElasticNet,loo_cup,mask_area_future,trial1,11,22,26,32926.0,32097.0,28789.008029950142,3307.9919700498576
cup,ElasticNet,loo_cup,mask_area_future,trial1,11,23,27,44708.0,39343.0,39862.95582371193,519.9558237119272
cup,ElasticNet,loo_cup,mask_area_future,trial1,12,18,22,42025.0,37679.0,39694.925152685406,2015.925152685406
cup,ElasticNet,loo_cup,mask_area_future,trial1,12,21,25,40298.0,34927.0,33630.21768279039,1296.7823172096105
cup,ElasticNet,loo_cup,mask_area_future,trial1,12,22,26,37679.0,17886.0,33242.59541553441,15356.595415534408
cup,ElasticNet,loo_cup,mask_area_future,trial1,14,0,4,76366.0,81850.0,68510.62537408299,13339.374625917015
cup,ElasticNet,loo_cup,mask_area_future,trial1,14,1,5,75818.0,71535.0,69025.71660870673,2509.2833912932692
cup,ElasticNet,loo_cup,mask_area_future,trial2,1,1,5,30027.0,26996.0,34308.51087684155,7312.510876841552
cup,ElasticNet,loo_cup,mask_area_future,trial2,1,2,6,28792.0,30866.0,31521.65482103362,655.6548210336186
cup,ElasticNet,loo_cup,mask_area_future,trial2,1,3,7,27671.0,32033.0,34622.240400137845,2589.2404001378454
cup,ElasticNet,loo_cup,mask_area_future,trial2,1,4,8,31854.0,31893.0,37629.68512760739,5736.685127607387
cup,ElasticNet,loo_cup,mask_area_future,trial2,1,5,9,26996.0,33318.0,34382.77922785346,1064.7792278534616
cup,ElasticNet,loo_cup,mask_area_future,trial2,1,6,10,30866.0,39044.0,35666.24595086327,3377.7540491367326
cup,ElasticNet,loo_cup,mask_area_future,trial2,1,7,11,32033.0,36797.0,34911.54639596208,1885.453604037917
cup,ElasticNet,loo_cup,mask_area_future,trial2,1,8,12,31893.0,36984.0,35250.30567362136,1733.694326378638
cup,ElasticNet,loo_cup,mask_area_future,trial2,1,9,13,33318.0,41829.0,37586.113696976834,4242.886303023166
cup,ElasticNet,loo_cup,mask_area_future,trial2,1,10,14,39044.0,41624.0,47187.58156170575,5563.581561705752
cup,ElasticNet,loo_cup,mask_area_future,trial2,1,11,15,36797.0,41946.0,40030.186479326134,1915.8135206738662
cup,ElasticNet,loo_cup,mask_area_future,trial2,1,12,16,36984.0,43614.0,41173.96322657432,2440.0367734256797
cup,ElasticNet,loo_cup,mask_area_future,trial2,2,1,5,18058.0,34221.0,22292.450594685495,11928.549405314505
cup,ElasticNet,loo_cup,mask_area_future,trial2,2,2,6,27175.0,36340.0,28348.282399724667,7991.717600275333
cup,ElasticNet,loo_cup,mask_area_future,trial2,2,3,7,26126.0,36830.0,31975.97206120331,4854.027938796691
cup,ElasticNet,loo_cup,mask_area_future,trial2,2,4,8,27384.0,37521.0,32508.50153644799,5012.498463552009
cup,ElasticNet,loo_cup,mask_area_future,trial2,2,5,9,34221.0,38046.0,33654.52763283511,4391.47236716489
cup,ElasticNet,loo_cup,mask_area_future,trial2,2,6,10,36340.0,32723.0,37482.77801921609,4759.7780192160935
cup,ElasticNet,loo_cup,mask_area_future,trial2,2,7,11,36830.0,37249.0,35647.547211527206,1601.452788472794
cup,ElasticNet,loo_cup,mask_area_future,trial2,2,8,12,37521.0,38571.0,36866.54830245378,1704.4516975462175
cup,ElasticNet,loo_cup,mask_area_future,trial2,2,9,13,38046.0,42374.0,41951.196851253226,422.80314874677424
cup,ElasticNet,loo_cup,mask_area_future,trial2,2,10,14,32723.0,42765.0,39065.32044433289,3699.679555667113
cup,ElasticNet,loo_cup,mask_area_future,trial2,2,11,15,37249.0,44730.0,41927.3662873307,2802.6337126693033
cup,ElasticNet,loo_cup,mask_area_future,trial2,3,1,5,31948.0,31994.0,35440.52380995417,3446.5238099541675
cup,ElasticNet,loo_cup,mask_area_future,trial2,3,2,6,31650.0,32677.0,34098.82340498474,1421.8234049847379
cup,ElasticNet,loo_cup,mask_area_future,trial2,3,3,7,44765.0,40230.0,46668.00701560733,6438.007015607327
cup,ElasticNet,loo_cup,mask_area_future,trial2,3,4,8,31644.0,39877.0,37288.654831681975,2588.3451683180247
cup,ElasticNet,loo_cup,mask_area_future,trial2,3,5,9,31994.0,43212.0,37904.150550434344,5307.849449565656
cup,ElasticNet,loo_cup,mask_area_future,trial2,3,6,10,32677.0,43376.0,37993.07719611375,5382.922803886249
cup,ElasticNet,loo_cup,mask_area_future,trial2,3,7,11,40230.0,37275.0,45050.87640161859,7775.876401618589
cup,ElasticNet,loo_cup,mask_area_future,trial2,3,8,12,39877.0,39721.0,40121.257045702616,400.25704570261587
cup,ElasticNet,loo_cup,mask_area_future,trial2,3,9,13,43212.0,40961.0,45697.43645662162,4736.436456621617
cup,ElasticNet,loo_cup,mask_area_future,trial2,3,10,14,43376.0,43679.0,47009.6657367708,3330.665736770803
cup,ElasticNet,loo_cup,mask_area_future,trial2,3,11,15,37275.0,44880.0,44039.22285153457,840.7771484654295
cup,ElasticNet,loo_cup,mask_area_future,trial2,3,12,16,39721.0,43022.0,46186.34653003833,3164.3465300383323
cup,ElasticNet,loo_cup,mask_area_future,trial2,4,1,5,44781.0,44933.0,43368.33799815236,1564.6620018476387
cup,ElasticNet,loo_cup,mask_area_future,trial2,4,2,6,43709.0,44608.0,40982.32408835001,3625.675911649989
cup,ElasticNet,loo_cup,mask_area_future,trial2,4,5,9,44933.0,42721.0,49225.55317397963,6504.553173979628
cup,ElasticNet,loo_cup,mask_area_future,trial2,4,6,10,44608.0,44743.0,48208.59503103221,3465.5950310322078
cup,ElasticNet,loo_cup,mask_area_future,trial2,4,9,13,42721.0,44627.0,49512.93968556645,4885.939685566453
cup,ElasticNet,loo_cup,mask_area_future,trial2,4,10,14,44743.0,43942.0,51932.50013413084,7990.500134130838
cup,ElasticNet,loo_cup,mask_area_future,trial2,4,12,16,44607.0,42086.0,49278.722154096,7192.722154096002
cup,ElasticNet,loo_cup,mask_area_future,trial2,5,1,5,30842.0,30719.0,36067.26086329548,5348.26086329548
cup,ElasticNet,loo_cup,mask_area_future,trial2,5,2,6,31103.0,30750.0,34832.07515765835,4082.07515765835
cup,ElasticNet,loo_cup,mask_area_future,trial2,5,3,7,31012.0,37057.0,38350.35691255665,1293.35691255665
cup,ElasticNet,loo_cup,mask_area_future,trial2,5,4,8,31206.0,35819.0,38011.20671902193,2192.2067190219313
cup,ElasticNet,loo_cup,mask_area_future,trial2,5,5,9,30719.0,38910.0,37981.28163947613,928.7183605238679
cup,ElasticNet,loo_cup,mask_area_future,trial2,5,6,10,30750.0,37743.0,37853.86314991721,110.86314991721156
cup,ElasticNet,loo_cup,mask_area_future,trial2,5,7,11,37057.0,34928.0,38337.39702351811,3409.3970235181114
cup,ElasticNet,loo_cup,mask_area_future,trial2,5,8,12,35819.0,33689.0,36831.76873670415,3142.768736704151
cup,ElasticNet,loo_cup,mask_area_future,trial2,5,11,15,34928.0,44451.0,40633.65594675336,3817.344053246641
cup,ElasticNet,loo_cup,mask_area_future,trial2,6,1,5,68393.0,63266.0,60457.614570119986,2808.3854298800143
cup,ElasticNet,loo_cup,mask_area_future,trial2,6,2,6,64674.0,64622.0,56448.94747343483,8173.052526565167
cup,ElasticNet,loo_cup,mask_area_future,trial2,6,5,9,63266.0,73021.0,51101.35658426854,21919.643415731458
cup,ElasticNet,loo_cup,mask_area_future,trial2,6,6,10,64622.0,73411.0,50482.41150438592,22928.58849561408
cup,ElasticNet,loo_cup,mask_area_future,trial2,6,9,13,73021.0,75553.0,55681.07449220447,19871.92550779553
cup,ElasticNet,loo_cup,mask_area_future,trial2,6,10,14,73411.0,71507.0,57295.12175882475,14211.878241175247
cup,ElasticNet,loo_cup,mask_area_future,trial2,6,11,15,73219.0,68578.0,70426.85349710796,1848.8534971079644
cup,ElasticNet,loo_cup,mask_area_future,trial2,6,12,16,75702.0,67064.0,72715.9843827738,5651.984382773793
cup,ElasticNet,loo_cup,mask_area_future,trial2,7,1,5,25235.0,25530.0,29418.03028745715,3888.03028745715
cup,ElasticNet,loo_cup,mask_area_future,trial2,7,2,6,25104.0,25735.0,27718.233042818632,1983.2330428186324
cup,ElasticNet,loo_cup,mask_area_future,trial2,7,3,7,25285.0,26238.0,32110.38170858171,5872.38170858171
cup,ElasticNet,loo_cup,mask_area_future,trial2,7,4,8,25263.0,26083.0,31625.07523472655,5542.075234726552
cup,ElasticNet,loo_cup,mask_area_future,trial2,7,5,9,25530.0,26737.0,31602.243802711248,4865.243802711248
cup,ElasticNet,loo_cup,mask_area_future,trial2,8,1,5,33102.0,33665.0,35812.04989356184,2147.049893561838
cup,ElasticNet,loo_cup,mask_area_future,trial2,8,2,6,36268.0,34810.0,36845.08549186251,2035.0854918625118
cup,ElasticNet,loo_cup,mask_area_future,trial2,8,4,8,35796.0,33483.0,39608.584885695134,6125.584885695134
cup,ElasticNet,loo_cup,mask_area_future,trial2,8,5,9,33665.0,44588.0,38517.97293162049,6070.02706837951
cup,ElasticNet,loo_cup,mask_area_future,trial2,8,6,10,34810.0,42877.0,40063.26856835588,2813.731431644119
cup,ElasticNet,loo_cup,mask_area_future,trial2,8,8,12,33483.0,35586.0,37738.413238558096,2152.413238558096
cup,ElasticNet,loo_cup,mask_area_future,trial2,8,9,13,44588.0,40708.0,47466.47819730417,6758.478197304168
cup,ElasticNet,loo_cup,mask_area_future,trial2,8,10,14,42877.0,43816.0,47534.29357244766,3718.293572447663
cup,ElasticNet,loo_cup,mask_area_future,trial2,8,11,15,37178.0,44485.0,41806.643773249474,2678.356226750526
cup,ElasticNet,loo_cup,mask_area_future,trial2,8,12,16,35586.0,44561.0,40779.1751007254,3781.824899274601
cup,ElasticNet,loo_cup,mask_area_future,trial2,9,1,5,22788.0,26083.0,27410.039486380774,1327.0394863807742
cup,ElasticNet,loo_cup,mask_area_future,trial2,9,2,6,25834.0,25534.0,28306.767997125287,2772.7679971252874
cup,ElasticNet,loo_cup,mask_area_future,trial2,9,4,8,25275.0,44366.0,31070.684753913687,13295.315246086313
cup,ElasticNet,loo_cup,mask_area_future,trial2,12,10,14,66025.0,83741.0,60595.20838089087,23145.791619109128
cup,SVR-RBF,loo_cup,mask_area_future,trial1,1,19,23,28645.0,33013.0,37524.42198567336,4511.421985673362
cup,SVR-RBF,loo_cup,mask_area_future,trial1,1,22,26,41915.0,31691.0,37445.8876806357,5754.8876806357
cup,SVR-RBF,loo_cup,mask_area_future,trial1,2,19,23,24715.0,35688.0,37566.9490143795,1878.9490143794974
cup,SVR-RBF,loo_cup,mask_area_future,trial1,2,21,25,39838.0,32030.0,37551.38719336327,5521.387193363269
cup,SVR-RBF,loo_cup,mask_area_future,trial1,2,23,27,35688.0,29755.0,37647.02147589884,7892.021475898837
cup,SVR-RBF,loo_cup,mask_area_future,trial1,4,18,22,14385.0,27935.0,37729.050997404855,9794.050997404855
cup,SVR-RBF,loo_cup,mask_area_future,trial1,4,19,23,28069.0,31875.0,37708.35290906692,5833.352909066918
cup,SVR-RBF,loo_cup,mask_area_future,trial1,4,21,25,33740.0,19194.0,37687.166113835825,18493.166113835825
cup,SVR-RBF,loo_cup,mask_area_future,trial1,4,22,26,27935.0,19897.0,37755.86241294308,17858.862412943083
cup,SVR-RBF,loo_cup,mask_area_future,trial1,4,23,27,31875.0,27892.0,37726.00535807641,9834.005358076407
cup,SVR-RBF,loo_cup,mask_area_future,trial1,5,18,22,23134.0,32578.0,37570.958323108214,4992.958323108214
cup,SVR-RBF,loo_cup,mask_area_future,trial1,5,21,25,32279.0,23181.0,37554.17929127022,14373.179291270222
cup,SVR-RBF,loo_cup,mask_area_future,trial1,5,22,26,32578.0,14280.0,37607.90526051291,23327.90526051291
cup,SVR-RBF,loo_cup,mask_area_future,trial1,6,19,23,30319.0,32650.0,37457.23508465525,4807.235084655251
cup,SVR-RBF,loo_cup,mask_area_future,trial1,6,21,25,41227.0,35715.0,37469.74277865727,1754.7427786572734
cup,SVR-RBF,loo_cup,mask_area_future,trial1,6,22,26,30771.0,44352.0,37553.33417080393,6798.66582919607
cup,SVR-RBF,loo_cup,mask_area_future,trial1,6,23,27,32650.0,33385.0,37558.296706709516,4173.296706709516
cup,SVR-RBF,loo_cup,mask_area_future,trial1,7,5,9,40882.0,44642.0,37748.46078635679,6893.539213643213
cup,SVR-RBF,loo_cup,mask_area_future,trial1,7,18,22,37889.0,31077.0,37574.046955606624,6497.046955606624
cup,SVR-RBF,loo_cup,mask_area_future,trial1,7,21,25,35028.0,29068.0,37552.12076149755,8484.12076149755
cup,SVR-RBF,loo_cup,mask_area_future,trial1,7,22,26,31077.0,18552.0,37591.47108164439,19039.47108164439
cup,SVR-RBF,loo_cup,mask_area_future,trial1,7,23,27,33473.0,34065.0,37611.73547790944,3546.7354779094385
cup,SVR-RBF,loo_cup,mask_area_future,trial1,8,1,5,40430.0,38146.0,37479.65539243961,666.3446075603933
cup,SVR-RBF,loo_cup,mask_area_future,trial1,8,22,26,39590.0,33117.0,37301.51502616819,4184.515026168192
cup,SVR-RBF,loo_cup,mask_area_future,trial1,8,23,27,42584.0,33411.0,37415.38576500822,4004.385765008221
cup,SVR-RBF,loo_cup,mask_area_future,trial1,9,18,22,37663.0,36623.0,37472.33240363895,849.3324036389531
cup,SVR-RBF,loo_cup,mask_area_future,trial1,9,21,25,42941.0,35789.0,37496.69682015938,1707.6968201593772
cup,SVR-RBF,loo_cup,mask_area_future,trial1,9,22,26,36623.0,36021.0,37471.956833773715,1450.9568337737146
cup,SVR-RBF,loo_cup,mask_area_future,trial1,9,23,27,39214.0,38813.0,37548.435117865636,1264.5648821343639
cup,SVR-RBF,loo_cup,mask_area_future,trial1,11,1,5,44849.0,42648.0,37055.666094969274,5592.333905030726
cup,SVR-RBF,loo_cup,mask_area_future,trial1,11,2,6,44514.0,41506.0,37056.05990414701,4449.940095852988
cup,SVR-RBF,loo_cup,mask_area_future,trial1,11,3,7,44603.0,42927.0,37055.88924934782,5871.11075065218
cup,SVR-RBF,loo_cup,mask_area_future,trial1,11,4,8,44733.0,41210.0,37056.252732802284,4153.747267197716
cup,SVR-RBF,loo_cup,mask_area_future,trial1,11,5,9,42648.0,39268.0,37048.27909424119,2219.7209057588116
cup,SVR-RBF,loo_cup,mask_area_future,trial1,11,18,22,38546.0,32926.0,36927.21876107082,4001.2187610708206
cup,SVR-RBF,loo_cup,mask_area_future,trial1,11,21,25,39838.0,38744.0,36981.47612572416,1762.5238742758374
cup,SVR-RBF,loo_cup,mask_area_future,trial1,11,22,26,32926.0,32097.0,36932.99211102249,4835.99211102249
cup,SVR-RBF,loo_cup,mask_area_future,trial1,11,23,27,44708.0,39343.0,36985.35880855178,2357.6411914482233
cup,SVR-RBF,loo_cup,mask_area_future,trial1,12,18,22,42025.0,37679.0,37317.209729759124,361.79027024087554
cup,SVR-RBF,loo_cup,mask_area_future,trial1,12,21,25,40298.0,34927.0,37305.331554933386,2378.3315549333856
cup,SVR-RBF,loo_cup,mask_area_future,trial1,12,22,26,37679.0,17886.0,37329.20896766124,19443.208967661238
cup,SVR-RBF,loo_cup,mask_area_future,trial1,14,0,4,76366.0,81850.0,37286.88699241443,44563.11300758557
cup,SVR-RBF,loo_cup,mask_area_future,trial1,14,1,5,75818.0,71535.0,37285.59938927841,34249.40061072159
cup,SVR-RBF,loo_cup,mask_area_future,trial2,1,1,5,30027.0,26996.0,37535.71406660354,10539.714066603541
cup,SVR-RBF,loo_cup,mask_area_future,trial2,1,2,6,28792.0,30866.0,37494.163828532015,6628.163828532015
cup,SVR-RBF,loo_cup,mask_area_future,trial2,1,3,7,27671.0,32033.0,37541.09656440384,5508.096564403837
cup,SVR-RBF,loo_cup,mask_area_future,trial2,1,4,8,31854.0,31893.0,37533.017637669465,5640.017637669465
cup,SVR-RBF,loo_cup,mask_area_future,trial2,1,5,9,26996.0,33318.0,37537.330406194145,4219.330406194145
cup,SVR-RBF,loo_cup,mask_area_future,trial2,1,6,10,30866.0,39044.0,37549.11058066269,1494.8894193373126
cup,SVR-RBF,loo_cup,mask_area_future,trial2,1,7,11,32033.0,36797.0,37536.40623582766,739.4062358276569
cup,SVR-RBF,loo_cup,mask_area_future,trial2,1,8,12,31893.0,36984.0,37524.88993180047,540.8899318004696
cup,SVR-RBF,loo_cup,mask_area_future,trial2,1,9,13,33318.0,41829.0,37594.319648180426,4234.680351819574
cup,SVR-RBF,loo_cup,mask_area_future,trial2,1,10,14,39044.0,41624.0,37596.96481274413,4027.0351872558676
cup,SVR-RBF,loo_cup,mask_area_future,trial2,1,11,15,36797.0,41946.0,37632.73442773776,4313.265572262237
cup,SVR-RBF,loo_cup,mask_area_future,trial2,1,12,16,36984.0,43614.0,37636.7657114438,5977.234288556203
cup,SVR-RBF,loo_cup,mask_area_future,trial2,2,1,5,18058.0,34221.0,37127.24548917211,2906.2454891721136
cup,SVR-RBF,loo_cup,mask_area_future,trial2,2,2,6,27175.0,36340.0,37098.18830362109,758.1883036210929
cup,SVR-RBF,loo_cup,mask_area_future,trial2,2,3,7,26126.0,36830.0,37144.299229777054,314.2992297770543
cup,SVR-RBF,loo_cup,mask_area_future,trial2,2,4,8,27384.0,37521.0,37132.28363975163,388.7163602483706
cup,SVR-RBF,loo_cup,mask_area_future,trial2,2,5,9,34221.0,38046.0,37183.10899124464,862.8910087553595
cup,SVR-RBF,loo_cup,mask_area_future,trial2,2,6,10,36340.0,32723.0,37179.88446443831,4456.884464438313
cup,SVR-RBF,loo_cup,mask_area_future,trial2,2,7,11,36830.0,37249.0,37172.86836073271,76.13163926728885
cup,SVR-RBF,loo_cup,mask_area_future,trial2,2,8,12,37521.0,38571.0,37164.254851029465,1406.7451489705345
cup,SVR-RBF,loo_cup,mask_area_future,trial2,2,9,13,38046.0,42374.0,37218.708745309035,5155.291254690965
cup,SVR-RBF,loo_cup,mask_area_future,trial2,2,10,14,32723.0,42765.0,37213.38353493942,5551.616465060579
cup,SVR-RBF,loo_cup,mask_area_future,trial2,2,11,15,37249.0,44730.0,37247.25470687479,7482.745293125212
cup,SVR-RBF,loo_cup,mask_area_future,trial2,3,1,5,31948.0,31994.0,36827.90777970822,4833.907779708221
cup,SVR-RBF,loo_cup,mask_area_future,trial2,3,2,6,31650.0,32677.0,36789.91783479973,4112.9178347997295
cup,SVR-RBF,loo_cup,mask_area_future,trial2,3,3,7,44765.0,40230.0,36856.55680851616,3373.4431914838424
cup,SVR-RBF,loo_cup,mask_area_future,trial2,3,4,8,31644.0,39877.0,36820.910315545225,3056.089684454775
cup,SVR-RBF,loo_cup,mask_area_future,trial2,3,5,9,31994.0,43212.0,36833.05382879938,6378.946171200623
cup,SVR-RBF,loo_cup,mask_area_future,trial2,3,6,10,32677.0,43376.0,36847.41797854872,6528.582021451279
cup,SVR-RBF,loo_cup,mask_area_future,trial2,3,7,11,40230.0,37275.0,36862.91015145829,412.08984854171285
cup,SVR-RBF,loo_cup,mask_area_future,trial2,3,8,12,39877.0,39721.0,36844.51681674262,2876.4831832573764
cup,SVR-RBF,loo_cup,mask_area_future,trial2,3,9,13,43212.0,40961.0,36906.6501567398,4054.349843260199
cup,SVR-RBF,loo_cup,mask_area_future,trial2,3,10,14,43376.0,43679.0,36920.15987683165,6758.840123168353
cup,SVR-RBF,loo_cup,mask_area_future,trial2,3,11,15,37275.0,44880.0,36924.713482500534,7955.286517499466
cup,SVR-RBF,loo_cup,mask_area_future,trial2,3,12,16,39721.0,43022.0,36936.426398544434,6085.573601455566
cup,SVR-RBF,loo_cup,mask_area_future,trial2,4,1,5,44781.0,44933.0,36920.57763754362,8012.422362456382
cup,SVR-RBF,loo_cup,mask_area_future,trial2,4,2,6,43709.0,44608.0,36881.98770008956,7726.012299910442
cup,SVR-RBF,loo_cup,mask_area_future,trial2,4,5,9,44933.0,42721.0,36949.59929441973,5771.400705580272
cup,SVR-RBF,loo_cup,mask_area_future,trial2,4,6,10,44608.0,44743.0,36957.18965622835,7785.810343771649
cup,SVR-RBF,loo_cup,mask_area_future,trial2,4,9,13,42721.0,44627.0,36977.04755915064,7649.95244084936
cup,SVR-RBF,loo_cup,mask_area_future,trial2,4,10,14,44743.0,43942.0,36994.894889257455,6947.105110742545
cup,SVR-RBF,loo_cup,mask_area_future,trial2,4,12,16,44607.0,42086.0,37014.21252246997,5071.78747753003
cup,SVR-RBF,loo_cup,mask_area_future,trial2,5,1,5,30842.0,30719.0,37648.96686805669,6929.96686805669
cup,SVR-RBF,loo_cup,mask_area_future,trial2,5,2,6,31103.0,30750.0,37616.35439902762,6866.354399027623
cup,SVR-RBF,loo_cup,mask_area_future,trial2,5,3,7,31012.0,37057.0,37651.73558826353,594.7355882635311
cup,SVR-RBF,loo_cup,mask_area_future,trial2,5,4,8,31206.0,35819.0,37640.49533745359,1821.4953374535908
cup,SVR-RBF,loo_cup,mask_area_future,trial2,5,5,9,30719.0,38910.0,37645.92137985021,1264.0786201497904
cup,SVR-RBF,loo_cup,mask_area_future,trial2,5,6,10,30750.0,37743.0,37658.06760579262,84.93239420738246
cup,SVR-RBF,loo_cup,mask_area_future,trial2,5,7,11,37057.0,34928.0,37664.41995785457,2736.4199578545667
cup,SVR-RBF,loo_cup,mask_area_future,trial2,5,8,12,35819.0,33689.0,37650.29866608682,3961.298666086819
cup,SVR-RBF,loo_cup,mask_area_future,trial2,5,11,15,34928.0,44451.0,37750.08378243156,6700.91621756844
cup,SVR-RBF,loo_cup,mask_area_future,trial2,6,1,5,68393.0,63266.0,36873.921567712336,26392.078432287664
cup,SVR-RBF,loo_cup,mask_area_future,trial2,6,2,6,64674.0,64622.0,36852.44553729197,27769.55446270803
cup,SVR-RBF,loo_cup,mask_area_future,trial2,6,5,9,63266.0,73021.0,36856.58605735688,36164.41394264312
cup,SVR-RBF,loo_cup,mask_area_future,trial2,6,6,10,64622.0,73411.0,36860.41869158211,36550.58130841789
cup,SVR-RBF,loo_cup,mask_area_future,trial2,6,9,13,73021.0,75553.0,36858.12414651457,38694.87585348543
cup,SVR-RBF,loo_cup,mask_area_future,trial2,6,10,14,73411.0,71507.0,36856.84913003946,34650.15086996054
cup,SVR-RBF,loo_cup,mask_area_future,trial2,6,11,15,73219.0,68578.0,36899.30178946405,31678.69821053595
cup,SVR-RBF,loo_cup,mask_area_future,trial2,6,12,16,75702.0,67064.0,36891.59001392205,30172.409986077953
cup,SVR-RBF,loo_cup,mask_area_future,trial2,7,1,5,25235.0,25530.0,37740.03788454165,12210.037884541649
cup,SVR-RBF,loo_cup,mask_area_future,trial2,7,2,6,25104.0,25735.0,37710.030885846885,11975.030885846885
cup,SVR-RBF,loo_cup,mask_area_future,trial2,7,3,7,25285.0,26238.0,37743.45850918147,11505.458509181473
cup,SVR-RBF,loo_cup,mask_area_future,trial2,7,4,8,25263.0,26083.0,37735.075874510214,11652.075874510214
cup,SVR-RBF,loo_cup,mask_area_future,trial2,7,5,9,25530.0,26737.0,37740.17198872914,11003.17198872914
cup,SVR-RBF,loo_cup,mask_area_future,trial2,8,1,5,33102.0,33665.0,37225.94431435248,3560.944314352477
cup,SVR-RBF,loo_cup,mask_area_future,trial2,8,2,6,36268.0,34810.0,37197.24562997361,2387.2456299736077
cup,SVR-RBF,loo_cup,mask_area_future,trial2,8,4,8,35796.0,33483.0,37225.747179436956,3742.747179436956
cup,SVR-RBF,loo_cup,mask_area_future,trial2,8,5,9,33665.0,44588.0,37234.26121153586,7353.738788464143
cup,SVR-RBF,loo_cup,mask_area_future,trial2,8,6,10,34810.0,42877.0,37252.59049103416,5624.409508965837
cup,SVR-RBF,loo_cup,mask_area_future,trial2,8,8,12,33483.0,35586.0,37226.51960105508,1640.519601055079
cup,SVR-RBF,loo_cup,mask_area_future,trial2,8,9,13,44588.0,40708.0,37309.529783630554,3398.4702163694456
cup,SVR-RBF,loo_cup,mask_area_future,trial2,8,10,14,42877.0,43816.0,37324.426096704774,6491.573903295226
cup,SVR-RBF,loo_cup,mask_area_future,trial2,8,11,15,37178.0,44485.0,37326.15943719311,7158.840562806887
cup,SVR-RBF,loo_cup,mask_area_future,trial2,8,12,16,35586.0,44561.0,37330.11755696418,7230.882443035822
cup,SVR-RBF,loo_cup,mask_area_future,trial2,9,1,5,22788.0,26083.0,37380.614600085406,11297.614600085406
cup,SVR-RBF,loo_cup,mask_area_future,trial2,9,2,6,25834.0,25534.0,37348.32058666437,11814.32058666437
cup,SVR-RBF,loo_cup,mask_area_future,trial2,9,4,8,25275.0,44366.0,37372.83037008328,6993.169629916723
cup,SVR-RBF,loo_cup,mask_area_future,trial2,12,10,14,66025.0,83741.0,37350.62766254013,46390.37233745987
cup,RandomForest,loo_cup,mask_area_future,trial1,1,19,23,28645.0,33013.0,33931.234692224505,918.2346922245051
cup,RandomForest,loo_cup,mask_area_future,trial1,1,22,26,41915.0,31691.0,33865.51061257043,2174.5106125704333
cup,RandomForest,loo_cup,mask_area_future,trial1,2,19,23,24715.0,35688.0,31794.50953750229,3893.49046249771
cup,RandomForest,loo_cup,mask_area_future,trial1,2,21,25,39838.0,32030.0,34316.29923102625,2286.299231026249
cup,RandomForest,loo_cup,mask_area_future,trial1,2,23,27,35688.0,29755.0,31971.27449853391,2216.2744985339086
cup,RandomForest,loo_cup,mask_area_future,trial1,4,18,22,14385.0,27935.0,30863.814855885095,2928.8148558850953
cup,RandomForest,loo_cup,mask_area_future,trial1,4,19,23,28069.0,31875.0,31292.30693032492,582.6930696750787
cup,RandomForest,loo_cup,mask_area_future,trial1,4,21,25,33740.0,19194.0,32981.946322424345,13787.946322424345
cup,RandomForest,loo_cup,mask_area_future,trial1,4,22,26,27935.0,19897.0,27032.14572617889,7135.145726178889
cup,RandomForest,loo_cup,mask_area_future,trial1,4,23,27,31875.0,27892.0,32461.757984439628,4569.757984439628
cup,RandomForest,loo_cup,mask_area_future,trial1,5,18,22,23134.0,32578.0,30157.614894434406,2420.385105565594
cup,RandomForest,loo_cup,mask_area_future,trial1,5,21,25,32279.0,23181.0,32602.3882635674,9421.388263567402
cup,RandomForest,loo_cup,mask_area_future,trial1,5,22,26,32578.0,14280.0,30832.750716123275,16552.750716123275
cup,RandomForest,loo_cup,mask_area_future,trial1,6,19,23,30319.0,32650.0,32613.791440320998,36.208559679002065
cup,RandomForest,loo_cup,mask_area_future,trial1,6,21,25,41227.0,35715.0,34087.60703049141,1627.3929695085899
cup,RandomForest,loo_cup,mask_area_future,trial1,6,22,26,30771.0,44352.0,25525.49344024771,18826.50655975229
cup,RandomForest,loo_cup,mask_area_future,trial1,6,23,27,32650.0,33385.0,32339.70044876351,1045.2995512364905
cup,RandomForest,loo_cup,mask_area_future,trial1,7,5,9,40882.0,44642.0,38006.66251005058,6635.337489949423
cup,RandomForest,loo_cup,mask_area_future,trial1,7,18,22,37889.0,31077.0,34420.159588819944,3343.1595888199445
cup,RandomForest,loo_cup,mask_area_future,trial1,7,21,25,35028.0,29068.0,32657.62983815908,3589.6298381590786
cup,RandomForest,loo_cup,mask_area_future,trial1,7,22,26,31077.0,18552.0,31332.085617899,12780.085617899
cup,RandomForest,loo_cup,mask_area_future,trial1,7,23,27,33473.0,34065.0,33433.65310806446,631.3468919355364
cup,RandomForest,loo_cup,mask_area_future,trial1,8,1,5,40430.0,38146.0,39330.763412416316,1184.763412416316
cup,RandomForest,loo_cup,mask_area_future,trial1,8,22,26,39590.0,33117.0,33165.955753866874,48.95575386687415
cup,RandomForest,loo_cup,mask_area_future,trial1,8,23,27,42584.0,33411.0,37269.5393924909,3858.5393924909004
cup,RandomForest,loo_cup,mask_area_future,trial1,9,18,22,37663.0,36623.0,32936.28759867709,3686.7124013229113
cup,RandomForest,loo_cup,mask_area_future,trial1,9,21,25,42941.0,35789.0,32450.786854475038,3338.213145524962
cup,RandomForest,loo_cup,mask_area_future,trial1,9,22,26,36623.0,36021.0,29640.843254661035,6380.156745338965
cup,RandomForest,loo_cup,mask_area_future,trial1,9,23,27,39214.0,38813.0,35510.92336272353,3302.07663727647
cup,RandomForest,loo_cup,mask_area_future,trial1,11,1,5,44849.0,42648.0,39269.663087306166,3378.336912693834
cup,RandomForest,loo_cup,mask_area_future,trial1,11,2,6,44514.0,41506.0,39280.64907775219,2225.3509222478096
cup,RandomForest,loo_cup,mask_area_future,trial1,11,3,7,44603.0,42927.0,39228.39915711727,3698.6008428827336
cup,RandomForest,loo_cup,mask_area_future,trial1,11,4,8,44733.0,41210.0,39228.39915711727,1981.6008428827336
cup,RandomForest,loo_cup,mask_area_future,trial1,11,5,9,42648.0,39268.0,36028.31781713465,3239.6821828653483
cup,RandomForest,loo_cup,mask_area_future,trial1,11,18,22,38546.0,32926.0,33626.32611398345,700.3261139834503
cup,RandomForest,loo_cup,mask_area_future,trial1,11,21,25,39838.0,38744.0,34437.3193955075,4306.680604492503
cup,RandomForest,loo_cup,mask_area_future,trial1,11,22,26,32926.0,32097.0,27538.443068736717,4558.556931263283
cup,RandomForest,loo_cup,mask_area_future,trial1,11,23,27,44708.0,39343.0,35766.92314377295,3576.076856227053
cup,RandomForest,loo_cup,mask_area_future,trial1,12,18,22,42025.0,37679.0,34578.17802257643,3100.8219774235695
cup,RandomForest,loo_cup,mask_area_future,trial1,12,21,25,40298.0,34927.0,34602.641980243156,324.35801975684444
cup,RandomForest,loo_cup,mask_area_future,trial1,12,22,26,37679.0,17886.0,34513.606943903236,16627.606943903236
cup,RandomForest,loo_cup,mask_area_future,trial1,14,0,4,76366.0,81850.0,75079.82403846153,6770.175961538465
cup,RandomForest,loo_cup,mask_area_future,trial1,14,1,5,75818.0,71535.0,74302.36403846154,2767.364038461543
cup,RandomForest,loo_cup,mask_area_future,trial2,1,1,5,30027.0,26996.0,33603.667052046425,6607.667052046425
cup,RandomForest,loo_cup,mask_area_future,trial2,1,2,6,28792.0,30866.0,32850.766706756076,1984.766706756076
cup,RandomForest,loo_cup,mask_area_future,trial2,1,3,7,27671.0,32033.0,35322.70808931231,3289.708089312313
cup,RandomForest,loo_cup,mask_area_future,trial2,1,4,8,31854.0,31893.0,36127.53685287304,4234.53685287304
cup,RandomForest,loo_cup,mask_area_future,trial2,1,5,9,26996.0,33318.0,35790.82016256708,2472.820162567077
cup,RandomForest,loo_cup,mask_area_future,trial2,1,6,10,30866.0,39044.0,36894.90355856448,2149.0964414355185
cup,RandomForest,loo_cup,mask_area_future,trial2,1,7,11,32033.0,36797.0,37422.90943682593,625.9094368259321
cup,RandomForest,loo_cup,mask_area_future,trial2,1,8,12,31893.0,36984.0,37152.9229027816,168.92290278160363
cup,RandomForest,loo_cup,mask_area_future,trial2,1,9,13,33318.0,41829.0,39240.88556881997,2588.114431180031
cup,RandomForest,loo_cup,mask_area_future,trial2,1,10,14,39044.0,41624.0,41048.26438044768,575.7356195523171
cup,RandomForest,loo_cup,mask_area_future,trial2,1,11,15,36797.0,41946.0,41072.64339315494,873.35660684506
cup,RandomForest,loo_cup,mask_area_future,trial2,1,12,16,36984.0,43614.0,41672.851840388525,1941.1481596114754
cup,RandomForest,loo_cup,mask_area_future,trial2,2,1,5,18058.0,34221.0,31134.726899334484,3086.273100665516
cup,RandomForest,loo_cup,mask_area_future,trial2,2,2,6,27175.0,36340.0,30757.27589109652,5582.72410890348
cup,RandomForest,loo_cup,mask_area_future,trial2,2,3,7,26126.0,36830.0,33299.52330482287,3530.4766951771308
cup,RandomForest,loo_cup,mask_area_future,trial2,2,4,8,27384.0,37521.0,33296.58605130941,4224.4139486905915
cup,RandomForest,loo_cup,mask_area_future,trial2,2,5,9,34221.0,38046.0,36776.41458819688,1269.5854118031202
cup,RandomForest,loo_cup,mask_area_future,trial2,2,6,10,36340.0,32723.0,39396.53112965206,6673.5311296520595
cup,RandomForest,loo_cup,mask_area_future,trial2,2,7,11,36830.0,37249.0,37891.96966627986,642.9696662798597
cup,RandomForest,loo_cup,mask_area_future,trial2,2,8,12,37521.0,38571.0,38167.38982180325,403.6101781967518
cup,RandomForest,loo_cup,mask_area_future,trial2,2,9,13,38046.0,42374.0,41595.314607193344,778.6853928066557
cup,RandomForest,loo_cup,mask_area_future,trial2,2,10,14,32723.0,42765.0,36822.32788733955,5942.672112660453
cup,RandomForest,loo_cup,mask_area_future,trial2,2,11,15,37249.0,44730.0,41864.087634913834,2865.9123650861657
cup,RandomForest,loo_cup,mask_area_future,trial2,3,1,5,31948.0,31994.0,33967.313928117364,1973.3139281173644
cup,RandomForest,loo_cup,mask_area_future,trial2,3,2,6,31650.0,32677.0,33576.91752939709,899.9175293970911
cup,RandomForest,loo_cup,mask_area_future,trial2,3,3,7,44765.0,40230.0,40567.79568626372,337.795686263722
cup,RandomForest,loo_cup,mask_area_future,trial2,3,4,8,31644.0,39877.0,35061.43212144439,4815.567878555608
cup,RandomForest,loo_cup,mask_area_future,trial2,3,5,9,31994.0,43212.0,35606.72769395294,7605.27230604706
cup,RandomForest,loo_cup,mask_area_future,trial2,3,6,10,32677.0,43376.0,36083.26177377168,7292.738226228321
cup,RandomForest,loo_cup,mask_area_future,trial2,3,7,11,40230.0,37275.0,35786.74062941855,1488.2593705814506
cup,RandomForest,loo_cup,mask_area_future,trial2,3,8,12,39877.0,39721.0,38606.73781108392,1114.26218891608
cup,RandomForest,loo_cup,mask_area_future,trial2,3,9,13,43212.0,40961.0,42033.82742555071,1072.827425550713
cup,RandomForest,loo_cup,mask_area_future,trial2,3,10,14,43376.0,43679.0,42174.93108498115,1504.0689150188482
cup,RandomForest,loo_cup,mask_area_future,trial2,3,11,15,37275.0,44880.0,42367.71488383262,2512.2851161673825
cup,RandomForest,loo_cup,mask_area_future,trial2,3,12,16,39721.0,43022.0,42643.99210850006,378.00789149993943
cup,RandomForest,loo_cup,mask_area_future,trial2,4,1,5,44781.0,44933.0,36001.67132633566,8931.328673664342
cup,RandomForest,loo_cup,mask_area_future,trial2,4,2,6,43709.0,44608.0,35345.32325553501,9262.676744464989
cup,RandomForest,loo_cup,mask_area_future,trial2,4,5,9,44933.0,42721.0,38779.04875449576,3941.9512455042423
cup,RandomForest,loo_cup,mask_area_future,trial2,4,6,10,44608.0,44743.0,38901.21843728945,5841.781562710552
cup,RandomForest,loo_cup,mask_area_future,trial2,4,9,13,42721.0,44627.0,41490.58077829101,3136.4192217089876
cup,RandomForest,loo_cup,mask_area_future,trial2,4,10,14,44743.0,43942.0,42133.384122391326,1808.615877608674
cup,RandomForest,loo_cup,mask_area_future,trial2,4,12,16,44607.0,42086.0,42340.72421114984,254.72421114984172
cup,RandomForest,loo_cup,mask_area_future,trial2,5,1,5,30842.0,30719.0,33806.554231532486,3087.5542315324856
cup,RandomForest,loo_cup,mask_area_future,trial2,5,2,6,31103.0,30750.0,33635.65233276279,2885.6523327627874
cup,RandomForest,loo_cup,mask_area_future,trial2,5,3,7,31012.0,37057.0,35265.29330284108,1791.706697158923
cup,RandomForest,loo_cup,mask_area_future,trial2,5,4,8,31206.0,35819.0,35529.869898229736,289.13010177026445
cup,RandomForest,loo_cup,mask_area_future,trial2,5,5,9,30719.0,38910.0,35850.993282588635,3059.0067174113647
cup,RandomForest,loo_cup,mask_area_future,trial2,5,6,10,30750.0,37743.0,35941.73815408165,1801.2618459183504
cup,RandomForest,loo_cup,mask_area_future,trial2,5,7,11,37057.0,34928.0,39071.17082578108,4143.170825781082
cup,RandomForest,loo_cup,mask_area_future,trial2,5,8,12,35819.0,33689.0,38346.965716661856,4657.965716661856
cup,RandomForest,loo_cup,mask_area_future,trial2,5,11,15,34928.0,44451.0,41545.04176899913,2905.95823100087
cup,RandomForest,loo_cup,mask_area_future,trial2,6,1,5,68393.0,63266.0,74201.33642174135,10935.336421741347
cup,RandomForest,loo_cup,mask_area_future,trial2,6,2,6,64674.0,64622.0,74171.19511701977,9549.195117019772
cup,RandomForest,loo_cup,mask_area_future,trial2,6,5,9,63266.0,73021.0,74440.064725184,1419.0647251839982
cup,RandomForest,loo_cup,mask_area_future,trial2,6,6,10,64622.0,73411.0,74435.49310413451,1024.4931041345117
cup,RandomForest,loo_cup,mask_area_future,trial2,6,9,13,73021.0,75553.0,74307.42125817457,1245.578741825433
cup,RandomForest,loo_cup,mask_area_future,trial2,6,10,14,73411.0,71507.0,75434.11178496029,3927.111784960289
cup,RandomForest,loo_cup,mask_area_future,trial2,6,11,15,73219.0,68578.0,74301.69767152237,5723.697671522372
cup,RandomForest,loo_cup,mask_area_future,trial2,6,12,16,75702.0,67064.0,74342.50212390334,7278.502123903338
cup,RandomForest,loo_cup,mask_area_future,trial2,7,1,5,25235.0,25530.0,33787.76402219747,8257.764022197473
cup,RandomForest,loo_cup,mask_area_future,trial2,7,2,6,25104.0,25735.0,33181.834939663575,7446.834939663575
cup,RandomForest,loo_cup,mask_area_future,trial2,7,3,7,25285.0,26238.0,36165.899776460676,9927.899776460676
cup,RandomForest,loo_cup,mask_area_future,trial2,7,4,8,25263.0,26083.0,37741.81659290772,11658.816592907722
cup,RandomForest,loo_cup,mask_area_future,trial2,7,5,9,25530.0,26737.0,37044.39235400249,10307.392354002492
cup,RandomForest,loo_cup,mask_area_future,trial2,8,1,5,33102.0,33665.0,36515.188164934174,2850.188164934174
cup,RandomForest,loo_cup,mask_area_future,trial2,8,2,6,36268.0,34810.0,36344.18661693835,1534.1866169383502
cup,RandomForest,loo_cup,mask_area_future,trial2,8,4,8,35796.0,33483.0,37847.95753361329,4364.957533613291
cup,RandomForest,loo_cup,mask_area_future,trial2,8,5,9,33665.0,44588.0,38053.01817349755,6534.981826502451
cup,RandomForest,loo_cup,mask_area_future,trial2,8,6,10,34810.0,42877.0,38297.07077631634,4579.929223683663
cup,RandomForest,loo_cup,mask_area_future,trial2,8,8,12,33483.0,35586.0,37580.09641995901,1994.096419959009
cup,RandomForest,loo_cup,mask_area_future,trial2,8,9,13,44588.0,40708.0,42109.637472921415,1401.6374729214149
cup,RandomForest,loo_cup,mask_area_future,trial2,8,10,14,42877.0,43816.0,42209.15613884503,1606.8438611549718
cup,RandomForest,loo_cup,mask_area_future,trial2,8,11,15,37178.0,44485.0,41767.89463318945,2717.1053668105524
cup,RandomForest,loo_cup,mask_area_future,trial2,8,12,16,35586.0,44561.0,40748.181541690814,3812.818458309186
cup,RandomForest,loo_cup,mask_area_future,trial2,9,1,5,22788.0,26083.0,31028.42030408899,4945.4203040889915
cup,RandomForest,loo_cup,mask_area_future,trial2,9,2,6,25834.0,25534.0,31505.088374159815,5971.088374159815
cup,RandomForest,loo_cup,mask_area_future,trial2,9,4,8,25275.0,44366.0,31164.677139824926,13201.322860175074
cup,RandomForest,loo_cup,mask_area_future,trial2,12,10,14,66025.0,83741.0,68416.03299404762,15324.967005952378
cup,GradBoost,loo_cup,mask_area_future,trial1,1,19,23,28645.0,33013.0,34569.21202907158,1556.212029071583
cup,GradBoost,loo_cup,mask_area_future,trial1,1,22,26,41915.0,31691.0,32943.35018089626,1252.350180896261
cup,GradBoost,loo_cup,mask_area_future,trial1,2,19,23,24715.0,35688.0,32262.07754037543,3425.9224596245695
cup,GradBoost,loo_cup,mask_area_future,trial1,2,21,25,39838.0,32030.0,32068.41458129602,38.414581296019605
cup,GradBoost,loo_cup,mask_area_future,trial1,2,23,27,35688.0,29755.0,23646.159050069713,6108.840949930287
cup,GradBoost,loo_cup,mask_area_future,trial1,4,18,22,14385.0,27935.0,30519.755801061176,2584.7558010611756
cup,GradBoost,loo_cup,mask_area_future,trial1,4,19,23,28069.0,31875.0,30613.630095676857,1261.3699043231427
cup,GradBoost,loo_cup,mask_area_future,trial1,4,21,25,33740.0,19194.0,31153.744436254467,11959.744436254467
cup,GradBoost,loo_cup,mask_area_future,trial1,4,22,26,27935.0,19897.0,20808.865404712673,911.8654047126729
cup,GradBoost,loo_cup,mask_area_future,trial1,4,23,27,31875.0,27892.0,31202.0480645121,3310.048064512099
cup,GradBoost,loo_cup,mask_area_future,trial1,5,18,22,23134.0,32578.0,29883.322240315094,2694.677759684906
cup,GradBoost,loo_cup,mask_area_future,trial1,5,21,25,32279.0,23181.0,31032.47027289603,7851.470272896029
cup,GradBoost,loo_cup,mask_area_future,trial1,5,22,26,32578.0,14280.0,27058.412904754467,12778.412904754467
cup,GradBoost,loo_cup,mask_area_future,trial1,6,19,23,30319.0,32650.0,33631.67433061452,981.6743306145218
cup,GradBoost,loo_cup,mask_area_future,trial1,6,21,25,41227.0,35715.0,29601.432398559173,6113.567601440827
cup,GradBoost,loo_cup,mask_area_future,trial1,6,22,26,30771.0,44352.0,29417.983833571987,14934.016166428013
cup,GradBoost,loo_cup,mask_area_future,trial1,6,23,27,32650.0,33385.0,32058.070880426047,1326.9291195739534
cup,GradBoost,loo_cup,mask_area_future,trial1,7,5,9,40882.0,44642.0,37295.1550365302,7346.844963469797
cup,GradBoost,loo_cup,mask_area_future,trial1,7,18,22,37889.0,31077.0,37071.81349662773,5994.8134966277285
cup,GradBoost,loo_cup,mask_area_future,trial1,7,21,25,35028.0,29068.0,30848.114261313567,1780.114261313567
cup,GradBoost,loo_cup,mask_area_future,trial1,7,22,26,31077.0,18552.0,28280.37378444828,9728.373784448278
cup,GradBoost,loo_cup,mask_area_future,trial1,7,23,27,33473.0,34065.0,33290.89276805715,774.1072319428495
cup,GradBoost,loo_cup,mask_area_future,trial1,8,1,5,40430.0,38146.0,35971.43189240979,2174.5681075902103
cup,GradBoost,loo_cup,mask_area_future,trial1,8,22,26,39590.0,33117.0,31647.128117649427,1469.8718823505733
cup,GradBoost,loo_cup,mask_area_future,trial1,8,23,27,42584.0,33411.0,38008.7701546649,4597.770154664897
cup,GradBoost,loo_cup,mask_area_future,trial1,9,18,22,37663.0,36623.0,33962.3759869321,2660.6240130679
cup,GradBoost,loo_cup,mask_area_future,trial1,9,21,25,42941.0,35789.0,29407.921180674606,6381.078819325394
cup,GradBoost,loo_cup,mask_area_future,trial1,9,22,26,36623.0,36021.0,29434.742390062645,6586.257609937355
cup,GradBoost,loo_cup,mask_area_future,trial1,9,23,27,39214.0,38813.0,36128.77066335709,2684.2293366429076
cup,GradBoost,loo_cup,mask_area_future,trial1,11,1,5,44849.0,42648.0,45539.993686631264,2891.9936866312637
cup,GradBoost,loo_cup,mask_area_future,trial1,11,2,6,44514.0,41506.0,42622.8943632625,1116.8943632625014
cup,GradBoost,loo_cup,mask_area_future,trial1,11,3,7,44603.0,42927.0,42442.46561742576,484.5343825742384
cup,GradBoost,loo_cup,mask_area_future,trial1,11,4,8,44733.0,41210.0,44188.08258036061,2978.082580360613
cup,GradBoost,loo_cup,mask_area_future,trial1,11,5,9,42648.0,39268.0,39284.676527402036,16.6765274020363
cup,GradBoost,loo_cup,mask_area_future,trial1,11,18,22,38546.0,32926.0,34717.39419877436,1791.3941987743601
cup,GradBoost,loo_cup,mask_area_future,trial1,11,21,25,39838.0,38744.0,46124.617515018406,7380.617515018406
cup,GradBoost,loo_cup,mask_area_future,trial1,11,22,26,32926.0,32097.0,21858.21824038546,10238.78175961454
cup,GradBoost,loo_cup,mask_area_future,trial1,11,23,27,44708.0,39343.0,38802.72964992815,540.270350071849
cup,GradBoost,loo_cup,mask_area_future,trial1,12,18,22,42025.0,37679.0,33247.44371742441,4431.5562825755915
cup,GradBoost,loo_cup,mask_area_future,trial1,12,21,25,40298.0,34927.0,32899.52206423479,2027.4779357652078
cup,GradBoost,loo_cup,mask_area_future,trial1,12,22,26,37679.0,17886.0,34168.14668698866,16282.146686988657
cup,GradBoost,loo_cup,mask_area_future,trial1,14,0,4,76366.0,81850.0,71664.52200606148,10185.477993938519
cup,GradBoost,loo_cup,mask_area_future,trial1,14,1,5,75818.0,71535.0,71664.52200606148,129.52200606148108
cup,GradBoost,loo_cup,mask_area_future,trial2,1,1,5,30027.0,26996.0,31345.898144783183,4349.898144783183
cup,GradBoost,loo_cup,mask_area_future,trial2,1,2,6,28792.0,30866.0,31340.056907776,474.056907776001
cup,GradBoost,loo_cup,mask_area_future,trial2,1,3,7,27671.0,32033.0,35304.37972535914,3271.37972535914
cup,GradBoost,loo_cup,mask_area_future,trial2,1,4,8,31854.0,31893.0,36188.04342178718,4295.043421787181
cup,GradBoost,loo_cup,mask_area_future,trial2,1,5,9,26996.0,33318.0,37868.531354830484,4550.531354830484
cup,GradBoost,loo_cup,mask_area_future,trial2,1,6,10,30866.0,39044.0,36759.75799226895,2284.2420077310526
cup,GradBoost,loo_cup,mask_area_future,trial2,1,7,11,32033.0,36797.0,35026.8137897686,1770.1862102313971
cup,GradBoost,loo_cup,mask_area_future,trial2,1,8,12,31893.0,36984.0,36325.77612245733,658.2238775426667
cup,GradBoost,loo_cup,mask_area_future,trial2,1,9,13,33318.0,41829.0,39014.81995320006,2814.180046799942
cup,GradBoost,loo_cup,mask_area_future,trial2,1,10,14,39044.0,41624.0,43125.848874337964,1501.848874337964
cup,GradBoost,loo_cup,mask_area_future,trial2,1,11,15,36797.0,41946.0,42836.68751446709,890.6875144670921
cup,GradBoost,loo_cup,mask_area_future,trial2,1,12,16,36984.0,43614.0,41076.47919761314,2537.5208023868618
cup,GradBoost,loo_cup,mask_area_future,trial2,2,1,5,18058.0,34221.0,29247.07137582281,4973.9286241771915
cup,GradBoost,loo_cup,mask_area_future,trial2,2,2,6,27175.0,36340.0,29191.2495762814,7148.7504237186
cup,GradBoost,loo_cup,mask_area_future,trial2,2,3,7,26126.0,36830.0,33102.47412993599,3727.5258700640115
cup,GradBoost,loo_cup,mask_area_future,trial2,2,4,8,27384.0,37521.0,33999.622543952595,3521.377456047405
cup,GradBoost,loo_cup,mask_area_future,trial2,2,5,9,34221.0,38046.0,35142.811682939544,2903.188317060456
cup,GradBoost,loo_cup,mask_area_future,trial2,2,6,10,36340.0,32723.0,40312.87706403305,7589.877064033048
cup,GradBoost,loo_cup,mask_area_future,trial2,2,7,11,36830.0,37249.0,38024.86031213348,775.8603121334818
cup,GradBoost,loo_cup,mask_area_future,trial2,2,8,12,37521.0,38571.0,36832.97245870636,1738.027541293639
cup,GradBoost,loo_cup,mask_area_future,trial2,2,9,13,38046.0,42374.0,39304.76683899677,3069.233161003227
cup,GradBoost,loo_cup,mask_area_future,trial2,2,10,14,32723.0,42765.0,36519.44253596811,6245.557464031888
cup,GradBoost,loo_cup,mask_area_future,trial2,2,11,15,37249.0,44730.0,40615.80814205535,4114.19185794465
cup,GradBoost,loo_cup,mask_area_future,trial2,3,1,5,31948.0,31994.0,30950.440962191005,1043.5590378089946
cup,GradBoost,loo_cup,mask_area_future,trial2,3,2,6,31650.0,32677.0,32754.94863881079,77.94863881079073
cup,GradBoost,loo_cup,mask_area_future,trial2,3,3,7,44765.0,40230.0,42342.85717736012,2112.8571773601216
cup,GradBoost,loo_cup,mask_area_future,trial2,3,4,8,31644.0,39877.0,35648.3462277586,4228.6537722414
cup,GradBoost,loo_cup,mask_area_future,trial2,3,5,9,31994.0,43212.0,37620.1709050904,5591.829094909597
cup,GradBoost,loo_cup,mask_area_future,trial2,3,6,10,32677.0,43376.0,38365.26474331985,5010.735256680149
cup,GradBoost,loo_cup,mask_area_future,trial2,3,7,11,40230.0,37275.0,35329.15407099598,1945.8459290040191
cup,GradBoost,loo_cup,mask_area_future,trial2,3,8,12,39877.0,39721.0,38720.58430412493,1000.4156958750682
cup,GradBoost,loo_cup,mask_area_future,trial2,3,9,13,43212.0,40961.0,43675.532494295534,2714.532494295534
cup,GradBoost,loo_cup,mask_area_future,trial2,3,10,14,43376.0,43679.0,44262.79629523352,583.796295233522
cup,GradBoost,loo_cup,mask_area_future,trial2,3,11,15,37275.0,44880.0,43511.42816277666,1368.5718372233387
cup,GradBoost,loo_cup,mask_area_future,trial2,3,12,16,39721.0,43022.0,43888.480567875915,866.4805678759149
cup,GradBoost,loo_cup,mask_area_future,trial2,4,1,5,44781.0,44933.0,38950.72446679747,5982.275533202534
cup,GradBoost,loo_cup,mask_area_future,trial2,4,2,6,43709.0,44608.0,38667.48072062702,5940.51927937298
cup,GradBoost,loo_cup,mask_area_future,trial2,4,5,9,44933.0,42721.0,47193.53845984194,4472.5384598419405
cup,GradBoost,loo_cup,mask_area_future,trial2,4,6,10,44608.0,44743.0,44189.44425091834,553.5557490816573
cup,GradBoost,loo_cup,mask_area_future,trial2,4,9,13,42721.0,44627.0,47749.63027293147,3122.6302729314702
cup,GradBoost,loo_cup,mask_area_future,trial2,4,10,14,44743.0,43942.0,48186.32057708004,4244.320577080041
cup,GradBoost,loo_cup,mask_area_future,trial2,4,12,16,44607.0,42086.0,45675.484414045655,3589.4844140456553
cup,GradBoost,loo_cup,mask_area_future,trial2,5,1,5,30842.0,30719.0,32975.15479859233,2256.1547985923316
cup,GradBoost,loo_cup,mask_area_future,trial2,5,2,6,31103.0,30750.0,33251.200831815884,2501.200831815884
cup,GradBoost,loo_cup,mask_area_future,trial2,5,3,7,31012.0,37057.0,35885.75268319845,1171.2473168015495
cup,GradBoost,loo_cup,mask_area_future,trial2,5,4,8,31206.0,35819.0,36475.48934276921,656.4893427692077
cup,GradBoost,loo_cup,mask_area_future,trial2,5,5,9,30719.0,38910.0,38736.84602561902,173.15397438097716
cup,GradBoost,loo_cup,mask_area_future,trial2,5,6,10,30750.0,37743.0,38147.109366048266,404.10936604826566
cup,GradBoost,loo_cup,mask_area_future,trial2,5,7,11,37057.0,34928.0,39556.48810598803,4628.488105988028
cup,GradBoost,loo_cup,mask_area_future,trial2,5,8,12,35819.0,33689.0,38468.38694394981,4779.3869439498085
cup,GradBoost,loo_cup,mask_area_future,trial2,5,11,15,34928.0,44451.0,42300.23513222737,2150.764867772632
cup,GradBoost,loo_cup,mask_area_future,trial2,6,1,5,68393.0,63266.0,75794.26270178838,12528.262701788379
cup,GradBoost,loo_cup,mask_area_future,trial2,6,2,6,64674.0,64622.0,76086.7580971361,11464.758097136102
cup,GradBoost,loo_cup,mask_area_future,trial2,6,5,9,63266.0,73021.0,69903.05508023793,3117.9449197620706
cup,GradBoost,loo_cup,mask_area_future,trial2,6,6,10,64622.0,73411.0,78148.23706979818,4737.237069798182
cup,GradBoost,loo_cup,mask_area_future,trial2,6,9,13,73021.0,75553.0,73008.26311442434,2544.736885575665
cup,GradBoost,loo_cup,mask_area_future,trial2,6,10,14,73411.0,71507.0,78804.47595092272,7297.475950922715
cup,GradBoost,loo_cup,mask_area_future,trial2,6,11,15,73219.0,68578.0,78212.60181500867,9634.601815008675
cup,GradBoost,loo_cup,mask_area_future,trial2,6,12,16,75702.0,67064.0,77816.29403087136,10752.294030871359
cup,GradBoost,loo_cup,mask_area_future,trial2,7,1,5,25235.0,25530.0,32087.167081849802,6557.167081849802
cup,GradBoost,loo_cup,mask_area_future,trial2,7,2,6,25104.0,25735.0,32846.64618340815,7111.646183408149
cup,GradBoost,loo_cup,mask_area_future,trial2,7,3,7,25285.0,26238.0,36290.15221832015,10052.152218320152
cup,GradBoost,loo_cup,mask_area_future,trial2,7,4,8,25263.0,26083.0,40348.78886136414,14265.78886136414
cup,GradBoost,loo_cup,mask_area_future,trial2,7,5,9,25530.0,26737.0,35959.07144947805,9222.071449478048
cup,GradBoost,loo_cup,mask_area_future,trial2,8,1,5,33102.0,33665.0,34790.54873845081,1125.5487384508087
cup,GradBoost,loo_cup,mask_area_future,trial2,8,2,6,36268.0,34810.0,34326.55909036503,483.44090963497
cup,GradBoost,loo_cup,mask_area_future,trial2,8,4,8,35796.0,33483.0,38171.77811628769,4688.778116287693
cup,GradBoost,loo_cup,mask_area_future,trial2,8,5,9,33665.0,44588.0,38906.42104910344,5681.578950896561
cup,GradBoost,loo_cup,mask_area_future,trial2,8,6,10,34810.0,42877.0,39670.91146505133,3206.0885349486707
cup,GradBoost,loo_cup,mask_area_future,trial2,8,8,12,33483.0,35586.0,38357.941134082335,2771.9411340823353
cup,GradBoost,loo_cup,mask_area_future,trial2,8,9,13,44588.0,40708.0,44622.48028536426,3914.4802853642614
cup,GradBoost,loo_cup,mask_area_future,trial2,8,10,14,42877.0,43816.0,43547.10314034722,268.8968596527775
cup,GradBoost,loo_cup,mask_area_future,trial2,8,11,15,37178.0,44485.0,43199.241243833094,1285.758756166906
cup,GradBoost,loo_cup,mask_area_future,trial2,8,12,16,35586.0,44561.0,40493.09332124667,4067.90667875333
cup,GradBoost,loo_cup,mask_area_future,trial2,9,1,5,22788.0,26083.0,29612.52939741296,3529.52939741296
cup,GradBoost,loo_cup,mask_area_future,trial2,9,2,6,25834.0,25534.0,31916.79846644403,6382.79846644403
cup,GradBoost,loo_cup,mask_area_future,trial2,9,4,8,25275.0,44366.0,33826.22802306513,10539.77197693487
cup,GradBoost,loo_cup,mask_area_future,trial2,12,10,14,66025.0,83741.0,68435.51132753868,15305.488672461317
cup,XGBoost,loo_cup,mask_area_future,trial1,1,19,23,28645.0,33013.0,36101.7109375,3088.7109375
cup,XGBoost,loo_cup,mask_area_future,trial1,1,22,26,41915.0,31691.0,32631.56640625,940.56640625
cup,XGBoost,loo_cup,mask_area_future,trial1,2,19,23,24715.0,35688.0,31520.7421875,4167.2578125
cup,XGBoost,loo_cup,mask_area_future,trial1,2,21,25,39838.0,32030.0,32404.462890625,374.462890625
cup,XGBoost,loo_cup,mask_area_future,trial1,2,23,27,35688.0,29755.0,29001.490234375,753.509765625
cup,XGBoost,loo_cup,mask_area_future,trial1,4,18,22,14385.0,27935.0,32140.751953125,4205.751953125
cup,XGBoost,loo_cup,mask_area_future,trial1,4,19,23,28069.0,31875.0,32137.962890625,262.962890625
cup,XGBoost,loo_cup,mask_area_future,trial1,4,21,25,33740.0,19194.0,31307.69921875,12113.69921875
cup,XGBoost,loo_cup,mask_area_future,trial1,4,22,26,27935.0,19897.0,24796.982421875,4899.982421875
cup,XGBoost,loo_cup,mask_area_future,trial1,4,23,27,31875.0,27892.0,29757.2734375,1865.2734375
cup,XGBoost,loo_cup,mask_area_future,trial1,5,18,22,23134.0,32578.0,29823.9453125,2754.0546875
cup,XGBoost,loo_cup,mask_area_future,trial1,5,21,25,32279.0,23181.0,29611.7109375,6430.7109375
cup,XGBoost,loo_cup,mask_area_future,trial1,5,22,26,32578.0,14280.0,26728.720703125,12448.720703125
cup,XGBoost,loo_cup,mask_area_future,trial1,6,19,23,30319.0,32650.0,33672.53125,1022.53125
cup,XGBoost,loo_cup,mask_area_future,trial1,6,21,25,41227.0,35715.0,33466.5546875,2248.4453125
cup,XGBoost,loo_cup,mask_area_future,trial1,6,22,26,30771.0,44352.0,24958.255859375,19393.744140625
cup,XGBoost,loo_cup,mask_area_future,trial1,6,23,27,32650.0,33385.0,30125.650390625,3259.349609375
cup,XGBoost,loo_cup,mask_area_future,trial1,7,5,9,40882.0,44642.0,40126.09765625,4515.90234375
cup,XGBoost,loo_cup,mask_area_future,trial1,7,18,22,37889.0,31077.0,36278.125,5201.125
cup,XGBoost,loo_cup,mask_area_future,trial1,7,21,25,35028.0,29068.0,29674.83984375,606.83984375
cup,XGBoost,loo_cup,mask_area_future,trial1,7,22,26,31077.0,18552.0,27163.6953125,8611.6953125
cup,XGBoost,loo_cup,mask_area_future,trial1,7,23,27,33473.0,34065.0,31479.103515625,2585.896484375
cup,XGBoost,loo_cup,mask_area_future,trial1,8,1,5,40430.0,38146.0,42800.84765625,4654.84765625
cup,XGBoost,loo_cup,mask_area_future,trial1,8,22,26,39590.0,33117.0,31876.185546875,1240.814453125
cup,XGBoost,loo_cup,mask_area_future,trial1,8,23,27,42584.0,33411.0,38730.5703125,5319.5703125
cup,XGBoost,loo_cup,mask_area_future,trial1,9,18,22,37663.0,36623.0,32803.34375,3819.65625
cup,XGBoost,loo_cup,mask_area_future,trial1,9,21,25,42941.0,35789.0,28333.2578125,7455.7421875
cup,XGBoost,loo_cup,mask_area_future,trial1,9,22,26,36623.0,36021.0,26841.541015625,9179.458984375
cup,XGBoost,loo_cup,mask_area_future,trial1,9,23,27,39214.0,38813.0,36945.97265625,1867.02734375
cup,XGBoost,loo_cup,mask_area_future,trial1,11,1,5,44849.0,42648.0,43555.57421875,907.57421875
cup,XGBoost,loo_cup,mask_area_future,trial1,11,2,6,44514.0,41506.0,43436.03515625,1930.03515625
cup,XGBoost,loo_cup,mask_area_future,trial1,11,3,7,44603.0,42927.0,43422.10546875,495.10546875
cup,XGBoost,loo_cup,mask_area_future,trial1,11,4,8,44733.0,41210.0,42292.58984375,1082.58984375
cup,XGBoost,loo_cup,mask_area_future,trial1,11,5,9,42648.0,39268.0,39185.73828125,82.26171875
cup,XGBoost,loo_cup,mask_area_future,trial1,11,18,22,38546.0,32926.0,35019.00390625,2093.00390625
cup,XGBoost,loo_cup,mask_area_future,trial1,11,21,25,39838.0,38744.0,37596.29296875,1147.70703125
cup,XGBoost,loo_cup,mask_area_future,trial1,11,22,26,32926.0,32097.0,22460.794921875,9636.205078125
cup,XGBoost,loo_cup,mask_area_future,trial1,11,23,27,44708.0,39343.0,36635.89453125,2707.10546875
cup,XGBoost,loo_cup,mask_area_future,trial1,12,18,22,42025.0,37679.0,34716.6640625,2962.3359375
cup,XGBoost,loo_cup,mask_area_future,trial1,12,21,25,40298.0,34927.0,34805.23046875,121.76953125
cup,XGBoost,loo_cup,mask_area_future,trial1,12,22,26,37679.0,17886.0,33828.9453125,15942.9453125
cup,XGBoost,loo_cup,mask_area_future,trial1,14,0,4,76366.0,81850.0,61060.0390625,20789.9609375
cup,XGBoost,loo_cup,mask_area_future,trial1,14,1,5,75818.0,71535.0,60477.3515625,11057.6484375
cup,XGBoost,loo_cup,mask_area_future,trial2,1,1,5,30027.0,26996.0,31438.18359375,4442.18359375
cup,XGBoost,loo_cup,mask_area_future,trial2,1,2,6,28792.0,30866.0,30491.703125,374.296875
cup,XGBoost,loo_cup,mask_area_future,trial2,1,3,7,27671.0,32033.0,35474.4609375,3441.4609375
cup,XGBoost,loo_cup,mask_area_future,trial2,1,4,8,31854.0,31893.0,37034.84375,5141.84375
cup,XGBoost,loo_cup,mask_area_future,trial2,1,5,9,26996.0,33318.0,36693.125,3375.125
cup,XGBoost,loo_cup,mask_area_future,trial2,1,6,10,30866.0,39044.0,37164.33984375,1879.66015625
cup,XGBoost,loo_cup,mask_area_future,trial2,1,7,11,32033.0,36797.0,36545.265625,251.734375
cup,XGBoost,loo_cup,mask_area_future,trial2,1,8,12,31893.0,36984.0,37663.19140625,679.19140625
cup,XGBoost,loo_cup,mask_area_future,trial2,1,9,13,33318.0,41829.0,39176.046875,2652.953125
cup,XGBoost,loo_cup,mask_area_future,trial2,1,10,14,39044.0,41624.0,43111.44140625,1487.44140625
cup,XGBoost,loo_cup,mask_area_future,trial2,1,11,15,36797.0,41946.0,42655.11328125,709.11328125
cup,XGBoost,loo_cup,mask_area_future,trial2,1,12,16,36984.0,43614.0,42181.69140625,1432.30859375
cup,XGBoost,loo_cup,mask_area_future,trial2,2,1,5,18058.0,34221.0,29905.1015625,4315.8984375
cup,XGBoost,loo_cup,mask_area_future,trial2,2,2,6,27175.0,36340.0,29773.056640625,6566.943359375
cup,XGBoost,loo_cup,mask_area_future,trial2,2,3,7,26126.0,36830.0,34851.53515625,1978.46484375
cup,XGBoost,loo_cup,mask_area_future,trial2,2,4,8,27384.0,37521.0,33512.3125,4008.6875
cup,XGBoost,loo_cup,mask_area_future,trial2,2,5,9,34221.0,38046.0,37764.984375,281.015625
cup,XGBoost,loo_cup,mask_area_future,trial2,2,6,10,36340.0,32723.0,40089.89453125,7366.89453125
cup,XGBoost,loo_cup,mask_area_future,trial2,2,7,11,36830.0,37249.0,39871.8515625,2622.8515625
cup,XGBoost,loo_cup,mask_area_future,trial2,2,8,12,37521.0,38571.0,36101.69140625,2469.30859375
cup,XGBoost,loo_cup,mask_area_future,trial2,2,9,13,38046.0,42374.0,40800.203125,1573.796875
cup,XGBoost,loo_cup,mask_area_future,trial2,2,10,14,32723.0,42765.0,33923.546875,8841.453125
cup,XGBoost,loo_cup,mask_area_future,trial2,2,11,15,37249.0,44730.0,42010.86328125,2719.13671875
cup,XGBoost,loo_cup,mask_area_future,trial2,3,1,5,31948.0,31994.0,33242.17578125,1248.17578125
cup,XGBoost,loo_cup,mask_area_future,trial2,3,2,6,31650.0,32677.0,33063.40234375,386.40234375
cup,XGBoost,loo_cup,mask_area_future,trial2,3,3,7,44765.0,40230.0,40132.57421875,97.42578125
cup,XGBoost,loo_cup,mask_area_future,trial2,3,4,8,31644.0,39877.0,36936.94140625,2940.05859375
cup,XGBoost,loo_cup,mask_area_future,trial2,3,5,9,31994.0,43212.0,38639.65625,4572.34375
cup,XGBoost,loo_cup,mask_area_future,trial2,3,6,10,32677.0,43376.0,37877.9296875,5498.0703125
cup,XGBoost,loo_cup,mask_area_future,trial2,3,7,11,40230.0,37275.0,37190.60546875,84.39453125
cup,XGBoost,loo_cup,mask_area_future,trial2,3,8,12,39877.0,39721.0,38486.35546875,1234.64453125
cup,XGBoost,loo_cup,mask_area_future,trial2,3,9,13,43212.0,40961.0,42159.04296875,1198.04296875
cup,XGBoost,loo_cup,mask_area_future,trial2,3,10,14,43376.0,43679.0,42916.1640625,762.8359375
cup,XGBoost,loo_cup,mask_area_future,trial2,3,11,15,37275.0,44880.0,43508.29296875,1371.70703125
cup,XGBoost,loo_cup,mask_area_future,trial2,3,12,16,39721.0,43022.0,43950.453125,928.453125
cup,XGBoost,loo_cup,mask_area_future,trial2,4,1,5,44781.0,44933.0,42232.5703125,2700.4296875
cup,XGBoost,loo_cup,mask_area_future,trial2,4,2,6,43709.0,44608.0,40532.1484375,4075.8515625
cup,XGBoost,loo_cup,mask_area_future,trial2,4,5,9,44933.0,42721.0,48810.00390625,6089.00390625
cup,XGBoost,loo_cup,mask_area_future,trial2,4,6,10,44608.0,44743.0,47187.81640625,2444.81640625
cup,XGBoost,loo_cup,mask_area_future,trial2,4,9,13,42721.0,44627.0,48427.828125,3800.828125
cup,XGBoost,loo_cup,mask_area_future,trial2,4,10,14,44743.0,43942.0,49841.109375,5899.109375
cup,XGBoost,loo_cup,mask_area_future,trial2,4,12,16,44607.0,42086.0,47883.71875,5797.71875
cup,XGBoost,loo_cup,mask_area_future,trial2,5,1,5,30842.0,30719.0,32929.52734375,2210.52734375
cup,XGBoost,loo_cup,mask_area_future,trial2,5,2,6,31103.0,30750.0,33554.953125,2804.953125
cup,XGBoost,loo_cup,mask_area_future,trial2,5,3,7,31012.0,37057.0,36829.27734375,227.72265625
cup,XGBoost,loo_cup,mask_area_future,trial2,5,4,8,31206.0,35819.0,37207.90234375,1388.90234375
cup,XGBoost,loo_cup,mask_area_future,trial2,5,5,9,30719.0,38910.0,38509.19140625,400.80859375
cup,XGBoost,loo_cup,mask_area_future,trial2,5,6,10,30750.0,37743.0,38114.078125,371.078125
cup,XGBoost,loo_cup,mask_area_future,trial2,5,7,11,37057.0,34928.0,38613.265625,3685.265625
cup,XGBoost,loo_cup,mask_area_future,trial2,5,8,12,35819.0,33689.0,37039.1328125,3350.1328125
cup,XGBoost,loo_cup,mask_area_future,trial2,5,11,15,34928.0,44451.0,42912.18359375,1538.81640625
cup,XGBoost,loo_cup,mask_area_future,trial2,6,1,5,68393.0,63266.0,72979.2734375,9713.2734375
cup,XGBoost,loo_cup,mask_area_future,trial2,6,2,6,64674.0,64622.0,45474.79296875,19147.20703125
cup,XGBoost,loo_cup,mask_area_future,trial2,6,5,9,63266.0,73021.0,39945.734375,33075.265625
cup,XGBoost,loo_cup,mask_area_future,trial2,6,6,10,64622.0,73411.0,46566.15234375,26844.84765625
cup,XGBoost,loo_cup,mask_area_future,trial2,6,9,13,73021.0,75553.0,75093.9140625,459.0859375
cup,XGBoost,loo_cup,mask_area_future,trial2,6,10,14,73411.0,71507.0,75281.09375,3774.09375
cup,XGBoost,loo_cup,mask_area_future,trial2,6,11,15,73219.0,68578.0,76037.890625,7459.890625
cup,XGBoost,loo_cup,mask_area_future,trial2,6,12,16,75702.0,67064.0,75262.09375,8198.09375
cup,XGBoost,loo_cup,mask_area_future,trial2,7,1,5,25235.0,25530.0,31700.958984375,6170.958984375
cup,XGBoost,loo_cup,mask_area_future,trial2,7,2,6,25104.0,25735.0,31986.8359375,6251.8359375
cup,XGBoost,loo_cup,mask_area_future,trial2,7,3,7,25285.0,26238.0,36545.69140625,10307.69140625
cup,XGBoost,loo_cup,mask_area_future,trial2,7,4,8,25263.0,26083.0,43207.78515625,17124.78515625
cup,XGBoost,loo_cup,mask_area_future,trial2,7,5,9,25530.0,26737.0,35937.71875,9200.71875
cup,XGBoost,loo_cup,mask_area_future,trial2,8,1,5,33102.0,33665.0,35772.203125,2107.203125
cup,XGBoost,loo_cup,mask_area_future,trial2,8,2,6,36268.0,34810.0,34153.703125,656.296875
cup,XGBoost,loo_cup,mask_area_future,trial2,8,4,8,35796.0,33483.0,38198.94140625,4715.94140625
cup,XGBoost,loo_cup,mask_area_future,trial2,8,5,9,33665.0,44588.0,38752.890625,5835.109375
cup,XGBoost,loo_cup,mask_area_future,trial2,8,6,10,34810.0,42877.0,39105.703125,3771.296875
cup,XGBoost,loo_cup,mask_area_future,trial2,8,8,12,33483.0,35586.0,39235.40625,3649.40625
cup,XGBoost,loo_cup,mask_area_future,trial2,8,9,13,44588.0,40708.0,42310.1796875,1602.1796875
cup,XGBoost,loo_cup,mask_area_future,trial2,8,10,14,42877.0,43816.0,43298.203125,517.796875
cup,XGBoost,loo_cup,mask_area_future,trial2,8,11,15,37178.0,44485.0,43431.65234375,1053.34765625
cup,XGBoost,loo_cup,mask_area_future,trial2,8,12,16,35586.0,44561.0,41956.6015625,2604.3984375
cup,XGBoost,loo_cup,mask_area_future,trial2,9,1,5,22788.0,26083.0,29935.583984375,3852.583984375
cup,XGBoost,loo_cup,mask_area_future,trial2,9,2,6,25834.0,25534.0,30893.40625,5359.40625
cup,XGBoost,loo_cup,mask_area_future,trial2,9,4,8,25275.0,44366.0,32466.376953125,11899.623046875
cup,XGBoost,loo_cup,mask_area_future,trial2,12,10,14,66025.0,83741.0,66919.703125,16821.296875
cup,Persist,loo_trial,mask_area_future,trial1,1,19,23,28645.0,33013.0,28645.0,4368.0
cup,Persist,loo_trial,mask_area_future,trial1,1,22,26,41915.0,31691.0,41915.0,10224.0
cup,Persist,loo_trial,mask_area_future,trial1,2,19,23,24715.0,35688.0,24715.0,10973.0
cup,Persist,loo_trial,mask_area_future,trial1,2,21,25,39838.0,32030.0,39838.0,7808.0
cup,Persist,loo_trial,mask_area_future,trial1,2,23,27,35688.0,29755.0,35688.0,5933.0
cup,Persist,loo_trial,mask_area_future,trial1,4,18,22,14385.0,27935.0,14385.0,13550.0
cup,Persist,loo_trial,mask_area_future,trial1,4,19,23,28069.0,31875.0,28069.0,3806.0
cup,Persist,loo_trial,mask_area_future,trial1,4,21,25,33740.0,19194.0,33740.0,14546.0
cup,Persist,loo_trial,mask_area_future,trial1,4,22,26,27935.0,19897.0,27935.0,8038.0
cup,Persist,loo_trial,mask_area_future,trial1,4,23,27,31875.0,27892.0,31875.0,3983.0
cup,Persist,loo_trial,mask_area_future,trial1,5,18,22,23134.0,32578.0,23134.0,9444.0
cup,Persist,loo_trial,mask_area_future,trial1,5,21,25,32279.0,23181.0,32279.0,9098.0
cup,Persist,loo_trial,mask_area_future,trial1,5,22,26,32578.0,14280.0,32578.0,18298.0
cup,Persist,loo_trial,mask_area_future,trial1,6,19,23,30319.0,32650.0,30319.0,2331.0
cup,Persist,loo_trial,mask_area_future,trial1,6,21,25,41227.0,35715.0,41227.0,5512.0
cup,Persist,loo_trial,mask_area_future,trial1,6,22,26,30771.0,44352.0,30771.0,13581.0
cup,Persist,loo_trial,mask_area_future,trial1,6,23,27,32650.0,33385.0,32650.0,735.0
cup,Persist,loo_trial,mask_area_future,trial1,7,5,9,40882.0,44642.0,40882.0,3760.0
cup,Persist,loo_trial,mask_area_future,trial1,7,18,22,37889.0,31077.0,37889.0,6812.0
cup,Persist,loo_trial,mask_area_future,trial1,7,21,25,35028.0,29068.0,35028.0,5960.0
cup,Persist,loo_trial,mask_area_future,trial1,7,22,26,31077.0,18552.0,31077.0,12525.0
cup,Persist,loo_trial,mask_area_future,trial1,7,23,27,33473.0,34065.0,33473.0,592.0
cup,Persist,loo_trial,mask_area_future,trial1,8,1,5,40430.0,38146.0,40430.0,2284.0
cup,Persist,loo_trial,mask_area_future,trial1,8,22,26,39590.0,33117.0,39590.0,6473.0
cup,Persist,loo_trial,mask_area_future,trial1,8,23,27,42584.0,33411.0,42584.0,9173.0
cup,Persist,loo_trial,mask_area_future,trial1,9,18,22,37663.0,36623.0,37663.0,1040.0
cup,Persist,loo_trial,mask_area_future,trial1,9,21,25,42941.0,35789.0,42941.0,7152.0
cup,Persist,loo_trial,mask_area_future,trial1,9,22,26,36623.0,36021.0,36623.0,602.0
cup,Persist,loo_trial,mask_area_future,trial1,9,23,27,39214.0,38813.0,39214.0,401.0
cup,Persist,loo_trial,mask_area_future,trial1,11,1,5,44849.0,42648.0,44849.0,2201.0
cup,Persist,loo_trial,mask_area_future,trial1,11,2,6,44514.0,41506.0,44514.0,3008.0
cup,Persist,loo_trial,mask_area_future,trial1,11,3,7,44603.0,42927.0,44603.0,1676.0
cup,Persist,loo_trial,mask_area_future,trial1,11,4,8,44733.0,41210.0,44733.0,3523.0
cup,Persist,loo_trial,mask_area_future,trial1,11,5,9,42648.0,39268.0,42648.0,3380.0
cup,Persist,loo_trial,mask_area_future,trial1,11,18,22,38546.0,32926.0,38546.0,5620.0
cup,Persist,loo_trial,mask_area_future,trial1,11,21,25,39838.0,38744.0,39838.0,1094.0
cup,Persist,loo_trial,mask_area_future,trial1,11,22,26,32926.0,32097.0,32926.0,829.0
cup,Persist,loo_trial,mask_area_future,trial1,11,23,27,44708.0,39343.0,44708.0,5365.0
cup,Persist,loo_trial,mask_area_future,trial1,12,18,22,42025.0,37679.0,42025.0,4346.0
cup,Persist,loo_trial,mask_area_future,trial1,12,21,25,40298.0,34927.0,40298.0,5371.0
cup,Persist,loo_trial,mask_area_future,trial1,12,22,26,37679.0,17886.0,37679.0,19793.0
cup,Persist,loo_trial,mask_area_future,trial1,14,0,4,76366.0,81850.0,76366.0,5484.0
cup,Persist,loo_trial,mask_area_future,trial1,14,1,5,75818.0,71535.0,75818.0,4283.0
cup,Persist,loo_trial,mask_area_future,trial2,1,1,5,30027.0,26996.0,30027.0,3031.0
cup,Persist,loo_trial,mask_area_future,trial2,1,2,6,28792.0,30866.0,28792.0,2074.0
cup,Persist,loo_trial,mask_area_future,trial2,1,3,7,27671.0,32033.0,27671.0,4362.0
cup,Persist,loo_trial,mask_area_future,trial2,1,4,8,31854.0,31893.0,31854.0,39.0
cup,Persist,loo_trial,mask_area_future,trial2,1,5,9,26996.0,33318.0,26996.0,6322.0
cup,Persist,loo_trial,mask_area_future,trial2,1,6,10,30866.0,39044.0,30866.0,8178.0
cup,Persist,loo_trial,mask_area_future,trial2,1,7,11,32033.0,36797.0,32033.0,4764.0
cup,Persist,loo_trial,mask_area_future,trial2,1,8,12,31893.0,36984.0,31893.0,5091.0
cup,Persist,loo_trial,mask_area_future,trial2,1,9,13,33318.0,41829.0,33318.0,8511.0
cup,Persist,loo_trial,mask_area_future,trial2,1,10,14,39044.0,41624.0,39044.0,2580.0
cup,Persist,loo_trial,mask_area_future,trial2,1,11,15,36797.0,41946.0,36797.0,5149.0
cup,Persist,loo_trial,mask_area_future,trial2,1,12,16,36984.0,43614.0,36984.0,6630.0
cup,Persist,loo_trial,mask_area_future,trial2,2,1,5,18058.0,34221.0,18058.0,16163.0
cup,Persist,loo_trial,mask_area_future,trial2,2,2,6,27175.0,36340.0,27175.0,9165.0
cup,Persist,loo_trial,mask_area_future,trial2,2,3,7,26126.0,36830.0,26126.0,10704.0
cup,Persist,loo_trial,mask_area_future,trial2,2,4,8,27384.0,37521.0,27384.0,10137.0
cup,Persist,loo_trial,mask_area_future,trial2,2,5,9,34221.0,38046.0,34221.0,3825.0
cup,Persist,loo_trial,mask_area_future,trial2,2,6,10,36340.0,32723.0,36340.0,3617.0
cup,Persist,loo_trial,mask_area_future,trial2,2,7,11,36830.0,37249.0,36830.0,419.0
cup,Persist,loo_trial,mask_area_future,trial2,2,8,12,37521.0,38571.0,37521.0,1050.0
cup,Persist,loo_trial,mask_area_future,trial2,2,9,13,38046.0,42374.0,38046.0,4328.0
cup,Persist,loo_trial,mask_area_future,trial2,2,10,14,32723.0,42765.0,32723.0,10042.0
cup,Persist,loo_trial,mask_area_future,trial2,2,11,15,37249.0,44730.0,37249.0,7481.0
cup,Persist,loo_trial,mask_area_future,trial2,3,1,5,31948.0,31994.0,31948.0,46.0
cup,Persist,loo_trial,mask_area_future,trial2,3,2,6,31650.0,32677.0,31650.0,1027.0
cup,Persist,loo_trial,mask_area_future,trial2,3,3,7,44765.0,40230.0,44765.0,4535.0
cup,Persist,loo_trial,mask_area_future,trial2,3,4,8,31644.0,39877.0,31644.0,8233.0
cup,Persist,loo_trial,mask_area_future,trial2,3,5,9,31994.0,43212.0,31994.0,11218.0
cup,Persist,loo_trial,mask_area_future,trial2,3,6,10,32677.0,43376.0,32677.0,10699.0
cup,Persist,loo_trial,mask_area_future,trial2,3,7,11,40230.0,37275.0,40230.0,2955.0
cup,Persist,loo_trial,mask_area_future,trial2,3,8,12,39877.0,39721.0,39877.0,156.0
cup,Persist,loo_trial,mask_area_future,trial2,3,9,13,43212.0,40961.0,43212.0,2251.0
cup,Persist,loo_trial,mask_area_future,trial2,3,10,14,43376.0,43679.0,43376.0,303.0
cup,Persist,loo_trial,mask_area_future,trial2,3,11,15,37275.0,44880.0,37275.0,7605.0
cup,Persist,loo_trial,mask_area_future,trial2,3,12,16,39721.0,43022.0,39721.0,3301.0
cup,Persist,loo_trial,mask_area_future,trial2,4,1,5,44781.0,44933.0,44781.0,152.0
cup,Persist,loo_trial,mask_area_future,trial2,4,2,6,43709.0,44608.0,43709.0,899.0
cup,Persist,loo_trial,mask_area_future,trial2,4,5,9,44933.0,42721.0,44933.0,2212.0
cup,Persist,loo_trial,mask_area_future,trial2,4,6,10,44608.0,44743.0,44608.0,135.0
cup,Persist,loo_trial,mask_area_future,trial2,4,9,13,42721.0,44627.0,42721.0,1906.0
cup,Persist,loo_trial,mask_area_future,trial2,4,10,14,44743.0,43942.0,44743.0,801.0
cup,Persist,loo_trial,mask_area_future,trial2,4,12,16,44607.0,42086.0,44607.0,2521.0
cup,Persist,loo_trial,mask_area_future,trial2,5,1,5,30842.0,30719.0,30842.0,123.0
cup,Persist,loo_trial,mask_area_future,trial2,5,2,6,31103.0,30750.0,31103.0,353.0
cup,Persist,loo_trial,mask_area_future,trial2,5,3,7,31012.0,37057.0,31012.0,6045.0
cup,Persist,loo_trial,mask_area_future,trial2,5,4,8,31206.0,35819.0,31206.0,4613.0
cup,Persist,loo_trial,mask_area_future,trial2,5,5,9,30719.0,38910.0,30719.0,8191.0
cup,Persist,loo_trial,mask_area_future,trial2,5,6,10,30750.0,37743.0,30750.0,6993.0
cup,Persist,loo_trial,mask_area_future,trial2,5,7,11,37057.0,34928.0,37057.0,2129.0
cup,Persist,loo_trial,mask_area_future,trial2,5,8,12,35819.0,33689.0,35819.0,2130.0
cup,Persist,loo_trial,mask_area_future,trial2,5,11,15,34928.0,44451.0,34928.0,9523.0
cup,Persist,loo_trial,mask_area_future,trial2,6,1,5,68393.0,63266.0,68393.0,5127.0
cup,Persist,loo_trial,mask_area_future,trial2,6,2,6,64674.0,64622.0,64674.0,52.0
cup,Persist,loo_trial,mask_area_future,trial2,6,5,9,63266.0,73021.0,63266.0,9755.0
cup,Persist,loo_trial,mask_area_future,trial2,6,6,10,64622.0,73411.0,64622.0,8789.0
cup,Persist,loo_trial,mask_area_future,trial2,6,9,13,73021.0,75553.0,73021.0,2532.0
cup,Persist,loo_trial,mask_area_future,trial2,6,10,14,73411.0,71507.0,73411.0,1904.0
cup,Persist,loo_trial,mask_area_future,trial2,6,11,15,73219.0,68578.0,73219.0,4641.0
cup,Persist,loo_trial,mask_area_future,trial2,6,12,16,75702.0,67064.0,75702.0,8638.0
cup,Persist,loo_trial,mask_area_future,trial2,7,1,5,25235.0,25530.0,25235.0,295.0
cup,Persist,loo_trial,mask_area_future,trial2,7,2,6,25104.0,25735.0,25104.0,631.0
cup,Persist,loo_trial,mask_area_future,trial2,7,3,7,25285.0,26238.0,25285.0,953.0
cup,Persist,loo_trial,mask_area_future,trial2,7,4,8,25263.0,26083.0,25263.0,820.0
cup,Persist,loo_trial,mask_area_future,trial2,7,5,9,25530.0,26737.0,25530.0,1207.0
cup,Persist,loo_trial,mask_area_future,trial2,8,1,5,33102.0,33665.0,33102.0,563.0
cup,Persist,loo_trial,mask_area_future,trial2,8,2,6,36268.0,34810.0,36268.0,1458.0
cup,Persist,loo_trial,mask_area_future,trial2,8,4,8,35796.0,33483.0,35796.0,2313.0
cup,Persist,loo_trial,mask_area_future,trial2,8,5,9,33665.0,44588.0,33665.0,10923.0
cup,Persist,loo_trial,mask_area_future,trial2,8,6,10,34810.0,42877.0,34810.0,8067.0
cup,Persist,loo_trial,mask_area_future,trial2,8,8,12,33483.0,35586.0,33483.0,2103.0
cup,Persist,loo_trial,mask_area_future,trial2,8,9,13,44588.0,40708.0,44588.0,3880.0
cup,Persist,loo_trial,mask_area_future,trial2,8,10,14,42877.0,43816.0,42877.0,939.0
cup,Persist,loo_trial,mask_area_future,trial2,8,11,15,37178.0,44485.0,37178.0,7307.0
cup,Persist,loo_trial,mask_area_future,trial2,8,12,16,35586.0,44561.0,35586.0,8975.0
cup,Persist,loo_trial,mask_area_future,trial2,9,1,5,22788.0,26083.0,22788.0,3295.0
cup,Persist,loo_trial,mask_area_future,trial2,9,2,6,25834.0,25534.0,25834.0,300.0
cup,Persist,loo_trial,mask_area_future,trial2,9,4,8,25275.0,44366.0,25275.0,19091.0
cup,Persist,loo_trial,mask_area_future,trial2,12,10,14,66025.0,83741.0,66025.0,17716.0
cup,GrowMean,loo_trial,mask_area_future,trial1,1,19,23,28645.0,33013.0,31936.5,1076.5
cup,GrowMean,loo_trial,mask_area_future,trial1,1,22,26,41915.0,31691.0,45206.5,13515.5
cup,GrowMean,loo_trial,mask_area_future,trial1,2,19,23,24715.0,35688.0,28006.5,7681.5
cup,GrowMean,loo_trial,mask_area_future,trial1,2,21,25,39838.0,32030.0,43129.5,11099.5
cup,GrowMean,loo_trial,mask_area_future,trial1,2,23,27,35688.0,29755.0,38979.5,9224.5
cup,GrowMean,loo_trial,mask_area_future,trial1,4,18,22,14385.0,27935.0,17676.5,10258.5
cup,GrowMean,loo_trial,mask_area_future,trial1,4,19,23,28069.0,31875.0,31360.5,514.5
cup,GrowMean,loo_trial,mask_area_future,trial1,4,21,25,33740.0,19194.0,37031.5,17837.5
cup,GrowMean,loo_trial,mask_area_future,trial1,4,22,26,27935.0,19897.0,31226.5,11329.5
cup,GrowMean,loo_trial,mask_area_future,trial1,4,23,27,31875.0,27892.0,35166.5,7274.5
cup,GrowMean,loo_trial,mask_area_future,trial1,5,18,22,23134.0,32578.0,26425.5,6152.5
cup,GrowMean,loo_trial,mask_area_future,trial1,5,21,25,32279.0,23181.0,35570.5,12389.5
cup,GrowMean,loo_trial,mask_area_future,trial1,5,22,26,32578.0,14280.0,35869.5,21589.5
cup,GrowMean,loo_trial,mask_area_future,trial1,6,19,23,30319.0,32650.0,33610.5,960.5
cup,GrowMean,loo_trial,mask_area_future,trial1,6,21,25,41227.0,35715.0,44518.5,8803.5
cup,GrowMean,loo_trial,mask_area_future,trial1,6,22,26,30771.0,44352.0,34062.5,10289.5
cup,GrowMean,loo_trial,mask_area_future,trial1,6,23,27,32650.0,33385.0,35941.5,2556.5
cup,GrowMean,loo_trial,mask_area_future,trial1,7,5,9,40882.0,44642.0,44173.5,468.5
cup,GrowMean,loo_trial,mask_area_future,trial1,7,18,22,37889.0,31077.0,41180.5,10103.5
cup,GrowMean,loo_trial,mask_area_future,trial1,7,21,25,35028.0,29068.0,38319.5,9251.5
cup,GrowMean,loo_trial,mask_area_future,trial1,7,22,26,31077.0,18552.0,34368.5,15816.5
cup,GrowMean,loo_trial,mask_area_future,trial1,7,23,27,33473.0,34065.0,36764.5,2699.5
cup,GrowMean,loo_trial,mask_area_future,trial1,8,1,5,40430.0,38146.0,43721.5,5575.5
cup,GrowMean,loo_trial,mask_area_future,trial1,8,22,26,39590.0,33117.0,42881.5,9764.5
cup,GrowMean,loo_trial,mask_area_future,trial1,8,23,27,42584.0,33411.0,45875.5,12464.5
cup,GrowMean,loo_trial,mask_area_future,trial1,9,18,22,37663.0,36623.0,40954.5,4331.5
cup,GrowMean,loo_trial,mask_area_future,trial1,9,21,25,42941.0,35789.0,46232.5,10443.5
cup,GrowMean,loo_trial,mask_area_future,trial1,9,22,26,36623.0,36021.0,39914.5,3893.5
cup,GrowMean,loo_trial,mask_area_future,trial1,9,23,27,39214.0,38813.0,42505.5,3692.5
cup,GrowMean,loo_trial,mask_area_future,trial1,11,1,5,44849.0,42648.0,48140.5,5492.5
cup,GrowMean,loo_trial,mask_area_future,trial1,11,2,6,44514.0,41506.0,47805.5,6299.5
cup,GrowMean,loo_trial,mask_area_future,trial1,11,3,7,44603.0,42927.0,47894.5,4967.5
cup,GrowMean,loo_trial,mask_area_future,trial1,11,4,8,44733.0,41210.0,48024.5,6814.5
cup,GrowMean,loo_trial,mask_area_future,trial1,11,5,9,42648.0,39268.0,45939.5,6671.5
cup,GrowMean,loo_trial,mask_area_future,trial1,11,18,22,38546.0,32926.0,41837.5,8911.5
cup,GrowMean,loo_trial,mask_area_future,trial1,11,21,25,39838.0,38744.0,43129.5,4385.5
cup,GrowMean,loo_trial,mask_area_future,trial1,11,22,26,32926.0,32097.0,36217.5,4120.5
cup,GrowMean,loo_trial,mask_area_future,trial1,11,23,27,44708.0,39343.0,47999.5,8656.5
cup,GrowMean,loo_trial,mask_area_future,trial1,12,18,22,42025.0,37679.0,45316.5,7637.5
cup,GrowMean,loo_trial,mask_area_future,trial1,12,21,25,40298.0,34927.0,43589.5,8662.5
cup,GrowMean,loo_trial,mask_area_future,trial1,12,22,26,37679.0,17886.0,40970.5,23084.5
cup,GrowMean,loo_trial,mask_area_future,trial1,14,0,4,76366.0,81850.0,79657.5,2192.5
cup,GrowMean,loo_trial,mask_area_future,trial1,14,1,5,75818.0,71535.0,79109.5,7574.5
cup,GrowMean,loo_trial,mask_area_future,trial2,1,1,5,30027.0,26996.0,27056.60465116279,60.604651162790105
cup,GrowMean,loo_trial,mask_area_future,trial2,1,2,6,28792.0,30866.0,25821.60465116279,5044.39534883721
cup,GrowMean,loo_trial,mask_area_future,trial2,1,3,7,27671.0,32033.0,24700.60465116279,7332.39534883721
cup,GrowMean,loo_trial,mask_area_future,trial2,1,4,8,31854.0,31893.0,28883.60465116279,3009.39534883721
cup,GrowMean,loo_trial,mask_area_future,trial2,1,5,9,26996.0,33318.0,24025.60465116279,9292.39534883721
cup,GrowMean,loo_trial,mask_area_future,trial2,1,6,10,30866.0,39044.0,27895.60465116279,11148.39534883721
cup,GrowMean,loo_trial,mask_area_future,trial2,1,7,11,32033.0,36797.0,29062.60465116279,7734.39534883721
cup,GrowMean,loo_trial,mask_area_future,trial2,1,8,12,31893.0,36984.0,28922.60465116279,8061.39534883721
cup,GrowMean,loo_trial,mask_area_future,trial2,1,9,13,33318.0,41829.0,30347.60465116279,11481.39534883721
cup,GrowMean,loo_trial,mask_area_future,trial2,1,10,14,39044.0,41624.0,36073.604651162794,5550.395348837206
cup,GrowMean,loo_trial,mask_area_future,trial2,1,11,15,36797.0,41946.0,33826.604651162794,8119.395348837206
cup,GrowMean,loo_trial,mask_area_future,trial2,1,12,16,36984.0,43614.0,34013.604651162794,9600.395348837206
cup,GrowMean,loo_trial,mask_area_future,trial2,2,1,5,18058.0,34221.0,15087.60465116279,19133.39534883721
cup,GrowMean,loo_trial,mask_area_future,trial2,2,2,6,27175.0,36340.0,24204.60465116279,12135.39534883721
cup,GrowMean,loo_trial,mask_area_future,trial2,2,3,7,26126.0,36830.0,23155.60465116279,13674.39534883721
cup,GrowMean,loo_trial,mask_area_future,trial2,2,4,8,27384.0,37521.0,24413.60465116279,13107.39534883721
cup,GrowMean,loo_trial,mask_area_future,trial2,2,5,9,34221.0,38046.0,31250.60465116279,6795.39534883721
cup,GrowMean,loo_trial,mask_area_future,trial2,2,6,10,36340.0,32723.0,33369.604651162794,646.6046511627937
cup,GrowMean,loo_trial,mask_area_future,trial2,2,7,11,36830.0,37249.0,33859.604651162794,3389.3953488372063
cup,GrowMean,loo_trial,mask_area_future,trial2,2,8,12,37521.0,38571.0,34550.604651162794,4020.3953488372063
cup,GrowMean,loo_trial,mask_area_future,trial2,2,9,13,38046.0,42374.0,35075.604651162794,7298.395348837206
cup,GrowMean,loo_trial,mask_area_future,trial2,2,10,14,32723.0,42765.0,29752.60465116279,13012.39534883721
cup,GrowMean,loo_trial,mask_area_future,trial2,2,11,15,37249.0,44730.0,34278.604651162794,10451.395348837206
cup,GrowMean,loo_trial,mask_area_future,trial2,3,1,5,31948.0,31994.0,28977.60465116279,3016.39534883721
cup,GrowMean,loo_trial,mask_area_future,trial2,3,2,6,31650.0,32677.0,28679.60465116279,3997.39534883721
cup,GrowMean,loo_trial,mask_area_future,trial2,3,3,7,44765.0,40230.0,41794.604651162794,1564.6046511627937
cup,GrowMean,loo_trial,mask_area_future,trial2,3,4,8,31644.0,39877.0,28673.60465116279,11203.39534883721
cup,GrowMean,loo_trial,mask_area_future,trial2,3,5,9,31994.0,43212.0,29023.60465116279,14188.39534883721
cup,GrowMean,loo_trial,mask_area_future,trial2,3,6,10,32677.0,43376.0,29706.60465116279,13669.39534883721
cup,GrowMean,loo_trial,mask_area_future,trial2,3,7,11,40230.0,37275.0,37259.604651162794,15.395348837206257
cup,GrowMean,loo_trial,mask_area_future,trial2,3,8,12,39877.0,39721.0,36906.604651162794,2814.3953488372063
cup,GrowMean,loo_trial,mask_area_future,trial2,3,9,13,43212.0,40961.0,40241.604651162794,719.3953488372063
cup,GrowMean,loo_trial,mask_area_future,trial2,3,10,14,43376.0,43679.0,40405.604651162794,3273.3953488372063
cup,GrowMean,loo_trial,mask_area_future,trial2,3,11,15,37275.0,44880.0,34304.604651162794,10575.395348837206
cup,GrowMean,loo_trial,mask_area_future,trial2,3,12,16,39721.0,43022.0,36750.604651162794,6271.395348837206
cup,GrowMean,loo_trial,mask_area_future,trial2,4,1,5,44781.0,44933.0,41810.604651162794,3122.3953488372063
cup,GrowMean,loo_trial,mask_area_future,trial2,4,2,6,43709.0,44608.0,40738.604651162794,3869.3953488372063
cup,GrowMean,loo_trial,mask_area_future,trial2,4,5,9,44933.0,42721.0,41962.604651162794,758.3953488372063
cup,GrowMean,loo_trial,mask_area_future,trial2,4,6,10,44608.0,44743.0,41637.604651162794,3105.3953488372063
cup,GrowMean,loo_trial,mask_area_future,trial2,4,9,13,42721.0,44627.0,39750.604651162794,4876.395348837206
cup,GrowMean,loo_trial,mask_area_future,trial2,4,10,14,44743.0,43942.0,41772.604651162794,2169.3953488372063
cup,GrowMean,loo_trial,mask_area_future,trial2,4,12,16,44607.0,42086.0,41636.604651162794,449.39534883720626
cup,GrowMean,loo_trial,mask_area_future,trial2,5,1,5,30842.0,30719.0,27871.60465116279,2847.39534883721
cup,GrowMean,loo_trial,mask_area_future,trial2,5,2,6,31103.0,30750.0,28132.60465116279,2617.39534883721
cup,GrowMean,loo_trial,mask_area_future,trial2,5,3,7,31012.0,37057.0,28041.60465116279,9015.39534883721
cup,GrowMean,loo_trial,mask_area_future,trial2,5,4,8,31206.0,35819.0,28235.60465116279,7583.39534883721
cup,GrowMean,loo_trial,mask_area_future,trial2,5,5,9,30719.0,38910.0,27748.60465116279,11161.39534883721
cup,GrowMean,loo_trial,mask_area_future,trial2,5,6,10,30750.0,37743.0,27779.60465116279,9963.39534883721
cup,GrowMean,loo_trial,mask_area_future,trial2,5,7,11,37057.0,34928.0,34086.604651162794,841.3953488372063
cup,GrowMean,loo_trial,mask_area_future,trial2,5,8,12,35819.0,33689.0,32848.604651162794,840.3953488372063
cup,GrowMean,loo_trial,mask_area_future,trial2,5,11,15,34928.0,44451.0,31957.60465116279,12493.39534883721
cup,GrowMean,loo_trial,mask_area_future,trial2,6,1,5,68393.0,63266.0,65422.604651162794,2156.6046511627937
cup,GrowMean,loo_trial,mask_area_future,trial2,6,2,6,64674.0,64622.0,61703.604651162794,2918.3953488372063
cup,GrowMean,loo_trial,mask_area_future,trial2,6,5,9,63266.0,73021.0,60295.604651162794,12725.395348837206
cup,GrowMean,loo_trial,mask_area_future,trial2,6,6,10,64622.0,73411.0,61651.604651162794,11759.395348837206
cup,GrowMean,loo_trial,mask_area_future,trial2,6,9,13,73021.0,75553.0,70050.6046511628,5502.395348837206
cup,GrowMean,loo_trial,mask_area_future,trial2,6,10,14,73411.0,71507.0,70440.6046511628,1066.3953488372063
cup,GrowMean,loo_trial,mask_area_future,trial2,6,11,15,73219.0,68578.0,70248.6046511628,1670.6046511627937
cup,GrowMean,loo_trial,mask_area_future,trial2,6,12,16,75702.0,67064.0,72731.6046511628,5667.604651162794
cup,GrowMean,loo_trial,mask_area_future,trial2,7,1,5,25235.0,25530.0,22264.60465116279,3265.39534883721
cup,GrowMean,loo_trial,mask_area_future,trial2,7,2,6,25104.0,25735.0,22133.60465116279,3601.39534883721
cup,GrowMean,loo_trial,mask_area_future,trial2,7,3,7,25285.0,26238.0,22314.60465116279,3923.39534883721
cup,GrowMean,loo_trial,mask_area_future,trial2,7,4,8,25263.0,26083.0,22292.60465116279,3790.39534883721
cup,GrowMean,loo_trial,mask_area_future,trial2,7,5,9,25530.0,26737.0,22559.60465116279,4177.39534883721
cup,GrowMean,loo_trial,mask_area_future,trial2,8,1,5,33102.0,33665.0,30131.60465116279,3533.39534883721
cup,GrowMean,loo_trial,mask_area_future,trial2,8,2,6,36268.0,34810.0,33297.604651162794,1512.3953488372063
cup,GrowMean,loo_trial,mask_area_future,trial2,8,4,8,35796.0,33483.0,32825.604651162794,657.3953488372063
cup,GrowMean,loo_trial,mask_area_future,trial2,8,5,9,33665.0,44588.0,30694.60465116279,13893.39534883721
cup,GrowMean,loo_trial,mask_area_future,trial2,8,6,10,34810.0,42877.0,31839.60465116279,11037.39534883721
cup,GrowMean,loo_trial,mask_area_future,trial2,8,8,12,33483.0,35586.0,30512.60465116279,5073.39534883721
cup,GrowMean,loo_trial,mask_area_future,trial2,8,9,13,44588.0,40708.0,41617.604651162794,909.6046511627937
cup,GrowMean,loo_trial,mask_area_future,trial2,8,10,14,42877.0,43816.0,39906.604651162794,3909.3953488372063
cup,GrowMean,loo_trial,mask_area_future,trial2,8,11,15,37178.0,44485.0,34207.604651162794,10277.395348837206
cup,GrowMean,loo_trial,mask_area_future,trial2,8,12,16,35586.0,44561.0,32615.60465116279,11945.39534883721
cup,GrowMean,loo_trial,mask_area_future,trial2,9,1,5,22788.0,26083.0,19817.60465116279,6265.39534883721
cup,GrowMean,loo_trial,mask_area_future,trial2,9,2,6,25834.0,25534.0,22863.60465116279,2670.39534883721
cup,GrowMean,loo_trial,mask_area_future,trial2,9,4,8,25275.0,44366.0,22304.60465116279,22061.39534883721
cup,GrowMean,loo_trial,mask_area_future,trial2,12,10,14,66025.0,83741.0,63054.604651162794,20686.395348837206
cup,Ridge,loo_trial,mask_area_future,trial1,1,19,23,28645.0,33013.0,36086.47906220732,3073.4790622073197
cup,Ridge,loo_trial,mask_area_future,trial1,1,22,26,41915.0,31691.0,44672.116482634556,12981.116482634556
cup,Ridge,loo_trial,mask_area_future,trial1,2,19,23,24715.0,35688.0,33799.87089807498,1888.1291019250202
cup,Ridge,loo_trial,mask_area_future,trial1,2,21,25,39838.0,32030.0,46089.26125816364,14059.261258163642
cup,Ridge,loo_trial,mask_area_future,trial1,2,23,27,35688.0,29755.0,35873.19368987427,6118.1936898742715
cup,Ridge,loo_trial,mask_area_future,trial1,4,18,22,14385.0,27935.0,27064.213286165417,870.7867138345828
cup,Ridge,loo_trial,mask_area_future,trial1,4,19,23,28069.0,31875.0,35797.99903234967,3922.9990323496677
cup,Ridge,loo_trial,mask_area_future,trial1,4,21,25,33740.0,19194.0,41314.46314468019,22120.463144680187
cup,Ridge,loo_trial,mask_area_future,trial1,4,22,26,27935.0,19897.0,29898.159142202923,10001.159142202923
cup,Ridge,loo_trial,mask_area_future,trial1,4,23,27,31875.0,27892.0,35823.31296755383,7931.312967553829
cup,Ridge,loo_trial,mask_area_future,trial1,5,18,22,23134.0,32578.0,34213.32022681289,1635.320226812888
cup,Ridge,loo_trial,mask_area_future,trial1,5,21,25,32279.0,23181.0,40774.5498791815,17593.549879181497
cup,Ridge,loo_trial,mask_area_future,trial1,5,22,26,32578.0,14280.0,34421.47971822878,20141.47971822878
cup,Ridge,loo_trial,mask_area_future,trial1,6,19,23,30319.0,32650.0,37723.92372874536,5073.923728745358
cup,Ridge,loo_trial,mask_area_future,trial1,6,21,25,41227.0,35715.0,47414.70226721732,11699.702267217319
cup,Ridge,loo_trial,mask_area_future,trial1,6,22,26,30771.0,44352.0,35421.125702073005,8930.874297926995
cup,Ridge,loo_trial,mask_area_future,trial1,6,23,27,32650.0,33385.0,35538.324989598776,2153.3249895987756
cup,Ridge,loo_trial,mask_area_future,trial1,7,5,9,40882.0,44642.0,45976.40788659084,1334.4078865908377
cup,Ridge,loo_trial,mask_area_future,trial1,7,18,22,37889.0,31077.0,44106.47813499986,13029.47813499986
cup,Ridge,loo_trial,mask_area_future,trial1,7,21,25,35028.0,29068.0,42358.74810851533,13290.748108515327
cup,Ridge,loo_trial,mask_area_future,trial1,7,22,26,31077.0,18552.0,39550.09379072754,20998.093790727537
cup,Ridge,loo_trial,mask_area_future,trial1,7,23,27,33473.0,34065.0,38638.51800618464,4573.51800618464
cup,Ridge,loo_trial,mask_area_future,trial1,8,1,5,40430.0,38146.0,44952.016322919495,6806.016322919495
cup,Ridge,loo_trial,mask_area_future,trial1,8,22,26,39590.0,33117.0,42777.98576587402,9660.985765874022
cup,Ridge,loo_trial,mask_area_future,trial1,8,23,27,42584.0,33411.0,43568.16672892258,10157.16672892258
cup,Ridge,loo_trial,mask_area_future,trial1,9,18,22,37663.0,36623.0,43962.50817575017,7339.508175750168
cup,Ridge,loo_trial,mask_area_future,trial1,9,21,25,42941.0,35789.0,46983.16439621198,11194.164396211978
cup,Ridge,loo_trial,mask_area_future,trial1,9,22,26,36623.0,36021.0,42054.738697003755,6033.738697003755
cup,Ridge,loo_trial,mask_area_future,trial1,9,23,27,39214.0,38813.0,41536.19010592527,2723.1901059252705
cup,Ridge,loo_trial,mask_area_future,trial1,11,1,5,44849.0,42648.0,48889.16244502262,6241.162445022623
cup,Ridge,loo_trial,mask_area_future,trial1,11,2,6,44514.0,41506.0,48701.90552633531,7195.9055263353075
cup,Ridge,loo_trial,mask_area_future,trial1,11,3,7,44603.0,42927.0,48755.43587355628,5828.435873556278
cup,Ridge,loo_trial,mask_area_future,trial1,11,4,8,44733.0,41210.0,48701.741470622525,7491.7414706225245
cup,Ridge,loo_trial,mask_area_future,trial1,11,5,9,42648.0,39268.0,50346.18256038314,11078.182560383138
cup,Ridge,loo_trial,mask_area_future,trial1,11,18,22,38546.0,32926.0,44732.6965876795,11806.6965876795
cup,Ridge,loo_trial,mask_area_future,trial1,11,21,25,39838.0,38744.0,44273.70171340733,5529.701713407332
cup,Ridge,loo_trial,mask_area_future,trial1,11,22,26,32926.0,32097.0,40963.13239744415,8866.132397444148
cup,Ridge,loo_trial,mask_area_future,trial1,11,23,27,44708.0,39343.0,45279.052758146245,5936.052758146245
cup,Ridge,loo_trial,mask_area_future,trial1,12,18,22,42025.0,37679.0,46951.13183515106,9272.131835151064
cup,Ridge,loo_trial,mask_area_future,trial1,12,21,25,40298.0,34927.0,46622.92498294041,11695.924982940407
cup,Ridge,loo_trial,mask_area_future,trial1,12,22,26,37679.0,17886.0,44761.71573084583,26875.715730845834
cup,Ridge,loo_trial,mask_area_future,trial1,14,0,4,76366.0,81850.0,68988.39739342577,12861.602606574234
cup,Ridge,loo_trial,mask_area_future,trial1,14,1,5,75818.0,71535.0,68386.20390135587,3148.796098644132
cup,Ridge,loo_trial,mask_area_future,trial2,1,1,5,30027.0,26996.0,2180.173596806446,24815.826403193554
cup,Ridge,loo_trial,mask_area_future,trial2,1,2,6,28792.0,30866.0,7076.133252445641,23789.86674755436
cup,Ridge,loo_trial,mask_area_future,trial2,1,3,7,27671.0,32033.0,4672.015672841517,27360.984327158483
cup,Ridge,loo_trial,mask_area_future,trial2,1,4,8,31854.0,31893.0,9616.229362860158,22276.77063713984
cup,Ridge,loo_trial,mask_area_future,trial2,1,5,9,26996.0,33318.0,2675.2283919250112,30642.77160807499
cup,Ridge,loo_trial,mask_area_future,trial2,1,6,10,30866.0,39044.0,-1933.8911315241203,40977.89113152412
cup,Ridge,loo_trial,mask_area_future,trial2,1,7,11,32033.0,36797.0,-97.7476612325263,36894.747661232526
cup,Ridge,loo_trial,mask_area_future,trial2,1,8,12,31893.0,36984.0,587.2501684432791,36396.74983155672
cup,Ridge,loo_trial,mask_area_future,trial2,1,9,13,33318.0,41829.0,-3372.453965208995,45201.453965208995
cup,Ridge,loo_trial,mask_area_future,trial2,1,10,14,39044.0,41624.0,5051.4658734128025,36572.5341265872
cup,Ridge,loo_trial,mask_area_future,trial2,1,11,15,36797.0,41946.0,-5139.747883187025,47085.747883187025
cup,Ridge,loo_trial,mask_area_future,trial2,1,12,16,36984.0,43614.0,-10170.085127737548,53784.08512773755
cup,Ridge,loo_trial,mask_area_future,trial2,2,1,5,18058.0,34221.0,-3596.0996777673063,37817.099677767306
cup,Ridge,loo_trial,mask_area_future,trial2,2,2,6,27175.0,36340.0,6352.351940331169,29987.64805966883
cup,Ridge,loo_trial,mask_area_future,trial2,2,3,7,26126.0,36830.0,3870.8580005291187,32959.141999470885
cup,Ridge,loo_trial,mask_area_future,trial2,2,4,8,27384.0,37521.0,7220.349616109124,30300.650383890876
cup,Ridge,loo_trial,mask_area_future,trial2,2,5,9,34221.0,38046.0,3703.928220974227,34342.07177902578
cup,Ridge,loo_trial,mask_area_future,trial2,2,6,10,36340.0,32723.0,-700.4410418776752,33423.441041877675
cup,Ridge,loo_trial,mask_area_future,trial2,2,7,11,36830.0,37249.0,-52.84873110063927,37301.84873110064
cup,Ridge,loo_trial,mask_area_future,trial2,2,8,12,37521.0,38571.0,1632.0350415743887,36938.96495842561
cup,Ridge,loo_trial,mask_area_future,trial2,2,9,13,38046.0,42374.0,-1377.5436237085887,43751.54362370859
cup,Ridge,loo_trial,mask_area_future,trial2,2,10,14,32723.0,42765.0,-3138.884103502198,45903.8841035022
cup,Ridge,loo_trial,mask_area_future,trial2,2,11,15,37249.0,44730.0,-4363.978860750278,49093.97886075028
cup,Ridge,loo_trial,mask_area_future,trial2,3,1,5,31948.0,31994.0,3840.327062712189,28153.67293728781
cup,Ridge,loo_trial,mask_area_future,trial2,3,2,6,31650.0,32677.0,9240.607872904675,23436.392127095325
cup,Ridge,loo_trial,mask_area_future,trial2,3,3,7,44765.0,40230.0,12297.376778577775,27932.623221422225
cup,Ridge,loo_trial,mask_area_future,trial2,3,4,8,31644.0,39877.0,10193.335753471358,29683.664246528642
cup,Ridge,loo_trial,mask_area_future,trial2,3,5,9,31994.0,43212.0,5634.847403296364,37577.152596703636
cup,Ridge,loo_trial,mask_area_future,trial2,3,6,10,32677.0,43376.0,-491.06499788706424,43867.064997887064
cup,Ridge,loo_trial,mask_area_future,trial2,3,7,11,40230.0,37275.0,4894.373706348146,32380.626293651854
cup,Ridge,loo_trial,mask_area_future,trial2,3,8,12,39877.0,39721.0,3289.896328500741,36431.10367149926
cup,Ridge,loo_trial,mask_area_future,trial2,3,9,13,43212.0,40961.0,1184.1978886207726,39776.80211137923
cup,Ridge,loo_trial,mask_area_future,trial2,3,10,14,43376.0,43679.0,2259.1928261512003,41419.8071738488
cup,Ridge,loo_trial,mask_area_future,trial2,3,11,15,37275.0,44880.0,-3438.2111824011226,48318.21118240112
cup,Ridge,loo_trial,mask_area_future,trial2,3,12,16,39721.0,43022.0,-7521.883696573808,50543.88369657381
cup,Ridge,loo_trial,mask_area_future,trial2,4,1,5,44781.0,44933.0,8134.517153349796,36798.48284665021
cup,Ridge,loo_trial,mask_area_future,trial2,4,2,6,43709.0,44608.0,13325.374726749178,31282.625273250822
cup,Ridge,loo_trial,mask_area_future,trial2,4,5,9,44933.0,42721.0,10954.34226940466,31766.65773059534
cup,Ridge,loo_trial,mask_area_future,trial2,4,6,10,44608.0,44743.0,4262.803687811083,40480.19631218891
cup,Ridge,loo_trial,mask_area_future,trial2,4,9,13,42721.0,44627.0,1579.9602202632886,43047.03977973671
cup,Ridge,loo_trial,mask_area_future,trial2,4,10,14,44743.0,43942.0,3312.526261224546,40629.47373877546
cup,Ridge,loo_trial,mask_area_future,trial2,4,12,16,44607.0,42086.0,-6258.1123971979105,48344.11239719791
cup,Ridge,loo_trial,mask_area_future,trial2,5,1,5,30842.0,30719.0,4673.88059987505,26045.11940012495
cup,Ridge,loo_trial,mask_area_future,trial2,5,2,6,31103.0,30750.0,10240.88720312967,20509.11279687033
cup,Ridge,loo_trial,mask_area_future,trial2,5,3,7,31012.0,37057.0,8183.839244210936,28873.160755789064
cup,Ridge,loo_trial,mask_area_future,trial2,5,4,8,31206.0,35819.0,11030.362147494143,24788.637852505857
cup,Ridge,loo_trial,mask_area_future,trial2,5,5,9,30719.0,38910.0,6027.38789391434,32882.61210608566
cup,Ridge,loo_trial,mask_area_future,trial2,5,6,10,30750.0,37743.0,-238.71309860541078,37981.71309860541
cup,Ridge,loo_trial,mask_area_future,trial2,5,7,11,37057.0,34928.0,850.2856866870643,34077.714313312936
cup,Ridge,loo_trial,mask_area_future,trial2,5,8,12,35819.0,33689.0,662.5771757723996,33026.4228242276
cup,Ridge,loo_trial,mask_area_future,trial2,5,11,15,34928.0,44451.0,-5277.583724984994,49728.583724984994
cup,Ridge,loo_trial,mask_area_future,trial2,6,1,5,68393.0,63266.0,19521.929050298368,43744.070949701636
cup,Ridge,loo_trial,mask_area_future,trial2,6,2,6,64674.0,64622.0,23272.690559903815,41349.309440096185
cup,Ridge,loo_trial,mask_area_future,trial2,6,5,9,63266.0,73021.0,21478.5906540691,51542.4093459309
cup,Ridge,loo_trial,mask_area_future,trial2,6,6,10,64622.0,73411.0,15140.632979384194,58270.367020615806
cup,Ridge,loo_trial,mask_area_future,trial2,6,9,13,73021.0,75553.0,16255.22344139064,59297.77655860936
cup,Ridge,loo_trial,mask_area_future,trial2,6,10,14,73411.0,71507.0,17454.42036310777,54052.57963689223
cup,Ridge,loo_trial,mask_area_future,trial2,6,11,15,73219.0,68578.0,12243.12326506292,56334.876734937076
cup,Ridge,loo_trial,mask_area_future,trial2,6,12,16,75702.0,67064.0,8321.742648624622,58742.257351375374
cup,Ridge,loo_trial,mask_area_future,trial2,7,1,5,25235.0,25530.0,-942.3770876187336,26472.377087618734
cup,Ridge,loo_trial,mask_area_future,trial2,7,2,6,25104.0,25735.0,4525.525421206101,21209.4745787939
cup,Ridge,loo_trial,mask_area_future,trial2,7,3,7,25285.0,26238.0,2667.264571757707,23570.735428242293
cup,Ridge,loo_trial,mask_area_future,trial2,7,4,8,25263.0,26083.0,5312.824703221158,20770.17529677884
cup,Ridge,loo_trial,mask_area_future,trial2,7,5,9,25530.0,26737.0,582.1177241608748,26154.882275839125
cup,Ridge,loo_trial,mask_area_future,trial2,8,1,5,33102.0,33665.0,3894.9099002074945,29770.090099792505
cup,Ridge,loo_trial,mask_area_future,trial2,8,2,6,36268.0,34810.0,10847.77702397438,23962.22297602562
cup,Ridge,loo_trial,mask_area_future,trial2,8,4,8,35796.0,33483.0,11364.933554651612,22118.066445348388
cup,Ridge,loo_trial,mask_area_future,trial2,8,5,9,33665.0,44588.0,5625.903589962472,38962.09641003753
cup,Ridge,loo_trial,mask_area_future,trial2,8,6,10,34810.0,42877.0,435.37235872197925,42441.62764127802
cup,Ridge,loo_trial,mask_area_future,trial2,8,8,12,33483.0,35586.0,1985.9302229578243,33600.069777042176
cup,Ridge,loo_trial,mask_area_future,trial2,8,9,13,44588.0,40708.0,2058.9027877708504,38649.09721222915
cup,Ridge,loo_trial,mask_area_future,trial2,8,10,14,42877.0,43816.0,2446.7981362101564,41369.20186378984
cup,Ridge,loo_trial,mask_area_future,trial2,8,11,15,37178.0,44485.0,-3964.788791685307,48449.78879168531
cup,Ridge,loo_trial,mask_area_future,trial2,8,12,16,35586.0,44561.0,-9970.090028304548,54531.09002830455
cup,Ridge,loo_trial,mask_area_future,trial2,9,1,5,22788.0,26083.0,-1710.108288072246,27793.108288072246
cup,Ridge,loo_trial,mask_area_future,trial2,9,2,6,25834.0,25534.0,5111.336143882665,20422.663856117335
cup,Ridge,loo_trial,mask_area_future,trial2,9,4,8,25275.0,44366.0,5868.264382724017,38497.73561727598
cup,Ridge,loo_trial,mask_area_future,trial2,12,10,14,66025.0,83741.0,12430.587148419552,71310.41285158045
cup,ElasticNet,loo_trial,mask_area_future,trial1,1,19,23,28645.0,33013.0,34512.81400050033,1499.8140005003297
cup,ElasticNet,loo_trial,mask_area_future,trial1,1,22,26,41915.0,31691.0,41120.93908047455,9429.939080474549
cup,ElasticNet,loo_trial,mask_area_future,trial1,2,19,23,24715.0,35688.0,30550.572403913826,5137.427596086174
cup,ElasticNet,loo_trial,mask_area_future,trial1,2,21,25,39838.0,32030.0,44813.35993311602,12783.359933116022
cup,ElasticNet,loo_trial,mask_area_future,trial1,2,23,27,35688.0,29755.0,28655.636570480994,1099.3634295190059
cup,ElasticNet,loo_trial,mask_area_future,trial1,4,18,22,14385.0,27935.0,22239.793189463722,5695.206810536278
cup,ElasticNet,loo_trial,mask_area_future,trial1,4,19,23,28069.0,31875.0,32047.973149059406,172.97314905940584
cup,ElasticNet,loo_trial,mask_area_future,trial1,4,21,25,33740.0,19194.0,38830.053170684805,19636.053170684805
cup,ElasticNet,loo_trial,mask_area_future,trial1,4,22,26,27935.0,19897.0,25428.743521532953,5531.743521532953
cup,ElasticNet,loo_trial,mask_area_future,trial1,4,23,27,31875.0,27892.0,28715.285018475322,823.2850184753224
cup,ElasticNet,loo_trial,mask_area_future,trial1,5,18,22,23134.0,32578.0,31098.725651713175,1479.2743482868245
cup,ElasticNet,loo_trial,mask_area_future,trial1,5,21,25,32279.0,23181.0,39348.796861918774,16167.796861918774
cup,ElasticNet,loo_trial,mask_area_future,trial1,5,22,26,32578.0,14280.0,29322.569078198918,15042.569078198918
cup,ElasticNet,loo_trial,mask_area_future,trial1,6,19,23,30319.0,32650.0,35095.015906525194,2445.0159065251937
cup,ElasticNet,loo_trial,mask_area_future,trial1,6,21,25,41227.0,35715.0,47067.9606592656,11352.960659265598
cup,ElasticNet,loo_trial,mask_area_future,trial1,6,22,26,30771.0,44352.0,32032.86270620142,12319.13729379858
cup,ElasticNet,loo_trial,mask_area_future,trial1,6,23,27,32650.0,33385.0,29487.5877070002,3897.412292999801
cup,ElasticNet,loo_trial,mask_area_future,trial1,7,5,9,40882.0,44642.0,48756.77125645456,4114.771256454558
cup,ElasticNet,loo_trial,mask_area_future,trial1,7,18,22,37889.0,31077.0,42466.05161567472,11389.051615674718
cup,ElasticNet,loo_trial,mask_area_future,trial1,7,21,25,35028.0,29068.0,40562.067828826985,11494.067828826985
cup,ElasticNet,loo_trial,mask_area_future,trial1,7,22,26,31077.0,18552.0,35944.123673234564,17392.123673234564
cup,ElasticNet,loo_trial,mask_area_future,trial1,7,23,27,33473.0,34065.0,32114.871977984723,1950.1280220152767
cup,ElasticNet,loo_trial,mask_area_future,trial1,8,1,5,40430.0,38146.0,48021.58716236462,9875.587162364624
cup,ElasticNet,loo_trial,mask_area_future,trial1,8,22,26,39590.0,33117.0,38619.25459555326,5502.254595553262
cup,ElasticNet,loo_trial,mask_area_future,trial1,8,23,27,42584.0,33411.0,39228.626848367516,5817.626848367516
cup,ElasticNet,loo_trial,mask_area_future,trial1,9,18,22,37663.0,36623.0,42313.023155714654,5690.023155714654
cup,ElasticNet,loo_trial,mask_area_future,trial1,9,21,25,42941.0,35789.0,45415.2131541907,9626.2131541907
cup,ElasticNet,loo_trial,mask_area_future,trial1,9,22,26,36623.0,36021.0,37370.16500909584,1349.1650090958428
cup,ElasticNet,loo_trial,mask_area_future,trial1,9,23,27,39214.0,38813.0,37071.79143544431,1741.2085645556872
cup,ElasticNet,loo_trial,mask_area_future,trial1,11,1,5,44849.0,42648.0,53359.91129120583,10711.911291205834
cup,ElasticNet,loo_trial,mask_area_future,trial1,11,2,6,44514.0,41506.0,53034.3949697472,11528.394969747198
cup,ElasticNet,loo_trial,mask_area_future,trial1,11,3,7,44603.0,42927.0,52995.617830782496,10068.617830782496
cup,ElasticNet,loo_trial,mask_area_future,trial1,11,4,8,44733.0,41210.0,52561.92658140073,11351.92658140073
cup,ElasticNet,loo_trial,mask_area_future,trial1,11,5,9,42648.0,39268.0,53181.310371071195,13913.310371071195
cup,ElasticNet,loo_trial,mask_area_future,trial1,11,18,22,38546.0,32926.0,43611.90087138702,10685.90087138702
cup,ElasticNet,loo_trial,mask_area_future,trial1,11,21,25,39838.0,38744.0,44086.52220732765,5342.522207327653
cup,ElasticNet,loo_trial,mask_area_future,trial1,11,22,26,32926.0,32097.0,37740.68021733217,5643.68021733217
cup,ElasticNet,loo_trial,mask_area_future,trial1,11,23,27,44708.0,39343.0,41077.923781713296,1734.9237817132962
cup,ElasticNet,loo_trial,mask_area_future,trial1,12,18,22,42025.0,37679.0,46091.86963179745,8412.869631797454
cup,ElasticNet,loo_trial,mask_area_future,trial1,12,21,25,40298.0,34927.0,46104.87931810664,11177.879318106643
cup,ElasticNet,loo_trial,mask_area_future,trial1,12,22,26,37679.0,17886.0,41459.383139916,23573.383139915997
cup,ElasticNet,loo_trial,mask_area_future,trial1,14,0,4,76366.0,81850.0,76853.84491966819,4996.15508033181
cup,ElasticNet,loo_trial,mask_area_future,trial1,14,1,5,75818.0,71535.0,76024.31406173436,4489.31406173436
cup,ElasticNet,loo_trial,mask_area_future,trial2,1,1,5,30027.0,26996.0,-21455.288207218407,48451.28820721841
cup,ElasticNet,loo_trial,mask_area_future,trial2,1,2,6,28792.0,30866.0,-11147.301145110636,42013.301145110636
cup,ElasticNet,loo_trial,mask_area_future,trial2,1,3,7,27671.0,32033.0,-15823.513360995203,47856.5133609952
cup,ElasticNet,loo_trial,mask_area_future,trial2,1,4,8,31854.0,31893.0,-8498.09584351976,40391.09584351976
cup,ElasticNet,loo_trial,mask_area_future,trial2,1,5,9,26996.0,33318.0,-19445.986820820428,52763.98682082043
cup,ElasticNet,loo_trial,mask_area_future,trial2,1,6,10,30866.0,39044.0,-28096.703184618782,67140.70318461879
cup,ElasticNet,loo_trial,mask_area_future,trial2,1,7,11,32033.0,36797.0,-24505.293706556782,61302.29370655678
cup,ElasticNet,loo_trial,mask_area_future,trial2,1,8,12,31893.0,36984.0,-23539.619262158754,60523.619262158754
cup,ElasticNet,loo_trial,mask_area_future,trial2,1,9,13,33318.0,41829.0,-26128.131346386122,67957.13134638613
cup,ElasticNet,loo_trial,mask_area_future,trial2,1,10,14,39044.0,41624.0,-16123.084826352148,57747.08482635215
cup,ElasticNet,loo_trial,mask_area_future,trial2,1,11,15,36797.0,41946.0,-27808.667087692433,69754.66708769243
cup,ElasticNet,loo_trial,mask_area_future,trial2,1,12,16,36984.0,43614.0,-37320.14732359379,80934.14732359379
cup,ElasticNet,loo_trial,mask_area_future,trial2,2,1,5,18058.0,34221.0,-29010.960392210036,63231.960392210036
cup,ElasticNet,loo_trial,mask_area_future,trial2,2,2,6,27175.0,36340.0,-12280.928429030471,48620.92842903047
cup,ElasticNet,loo_trial,mask_area_future,trial2,2,3,7,26126.0,36830.0,-17022.578760701297,53852.5787607013
cup,ElasticNet,loo_trial,mask_area_future,trial2,2,4,8,27384.0,37521.0,-11739.134144494914,49260.134144494914
cup,ElasticNet,loo_trial,mask_area_future,trial2,2,5,9,34221.0,38046.0,-18234.99333888395,56280.99333888395
cup,ElasticNet,loo_trial,mask_area_future,trial2,2,6,10,36340.0,32723.0,-26638.579181922112,59361.57918192211
cup,ElasticNet,loo_trial,mask_area_future,trial2,2,7,11,36830.0,37249.0,-24394.323412294914,61643.323412294914
cup,ElasticNet,loo_trial,mask_area_future,trial2,2,8,12,37521.0,38571.0,-22125.429464013723,60696.42946401372
cup,ElasticNet,loo_trial,mask_area_future,trial2,2,9,13,38046.0,42374.0,-23833.957068379445,66207.95706837944
cup,ElasticNet,loo_trial,mask_area_future,trial2,2,10,14,32723.0,42765.0,-25385.698762102213,68150.69876210221
cup,ElasticNet,loo_trial,mask_area_future,trial2,2,11,15,37249.0,44730.0,-26856.496252855664,71586.49625285566
cup,ElasticNet,loo_trial,mask_area_future,trial2,3,1,5,31948.0,31994.0,-19575.75616599586,51569.75616599586
cup,ElasticNet,loo_trial,mask_area_future,trial2,3,2,6,31650.0,32677.0,-8630.199393424235,41307.199393424235
cup,ElasticNet,loo_trial,mask_area_future,trial2,3,3,7,44765.0,40230.0,-6139.697287095616,46369.697287095616
cup,ElasticNet,loo_trial,mask_area_future,trial2,3,4,8,31644.0,39877.0,-8000.330820744639,47877.33082074464
cup,ElasticNet,loo_trial,mask_area_future,trial2,3,5,9,31994.0,43212.0,-16210.860875597355,59422.860875597355
cup,ElasticNet,loo_trial,mask_area_future,trial2,3,6,10,32677.0,43376.0,-26449.67517640607,69825.67517640608
cup,ElasticNet,loo_trial,mask_area_future,trial2,3,7,11,40230.0,37275.0,-19025.344407342935,56300.344407342935
cup,ElasticNet,loo_trial,mask_area_future,trial2,3,8,12,39877.0,39721.0,-20432.975636458817,60153.97563645882
cup,ElasticNet,loo_trial,mask_area_future,trial2,3,9,13,43212.0,40961.0,-20936.71246087792,61897.71246087792
cup,ElasticNet,loo_trial,mask_area_future,trial2,3,10,14,43376.0,43679.0,-19038.4719027631,62717.4719027631
cup,ElasticNet,loo_trial,mask_area_future,trial2,3,11,15,37275.0,44880.0,-26004.629996680895,70884.62999668089
cup,ElasticNet,loo_trial,mask_area_future,trial2,3,12,16,39721.0,43022.0,-34475.08570801382,77497.08570801382
cup,ElasticNet,loo_trial,mask_area_future,trial2,4,1,5,44781.0,44933.0,-13845.905384044745,58778.905384044745
cup,ElasticNet,loo_trial,mask_area_future,trial2,4,2,6,43709.0,44608.0,-3164.7926938211895,47772.79269382119
cup,ElasticNet,loo_trial,mask_area_future,trial2,4,5,9,44933.0,42721.0,-10236.419515562295,52957.419515562295
cup,ElasticNet,loo_trial,mask_area_future,trial2,4,6,10,44608.0,44743.0,-21108.02327970958,65851.02327970958
cup,ElasticNet,loo_trial,mask_area_future,trial2,4,9,13,42721.0,44627.0,-20500.842899342846,65127.842899342846
cup,ElasticNet,loo_trial,mask_area_future,trial2,4,10,14,44743.0,43942.0,-17795.30872030372,61737.30872030372
cup,ElasticNet,loo_trial,mask_area_future,trial2,4,12,16,44607.0,42086.0,-32053.101355372026,74139.10135537203
cup,ElasticNet,loo_trial,mask_area_future,trial2,5,1,5,30842.0,30719.0,-18810.98602330014,49529.98602330014
cup,ElasticNet,loo_trial,mask_area_future,trial2,5,2,6,31103.0,30750.0,-7643.654569733815,38393.654569733815
cup,ElasticNet,loo_trial,mask_area_future,trial2,5,3,7,31012.0,37057.0,-11849.74184079565,48906.74184079565
cup,ElasticNet,loo_trial,mask_area_future,trial2,5,4,8,31206.0,35819.0,-7193.2314107000275,43012.23141070003
cup,ElasticNet,loo_trial,mask_area_future,trial2,5,5,9,30719.0,38910.0,-15866.761062228965,54776.761062228965
cup,ElasticNet,loo_trial,mask_area_future,trial2,5,6,10,30750.0,37743.0,-26278.373822426896,64021.3738224269
cup,ElasticNet,loo_trial,mask_area_future,trial2,5,7,11,37057.0,34928.0,-23450.613065090285,58378.613065090285
cup,ElasticNet,loo_trial,mask_area_future,trial2,5,8,12,35819.0,33689.0,-23447.519754294313,57136.51975429431
cup,ElasticNet,loo_trial,mask_area_future,trial2,5,11,15,34928.0,44451.0,-27985.259200111817,72436.25920011182
cup,ElasticNet,loo_trial,mask_area_future,trial2,6,1,5,68393.0,63266.0,723.3155969654181,62542.68440303458
cup,ElasticNet,loo_trial,mask_area_future,trial2,6,2,6,64674.0,64622.0,9553.78700343467,55068.21299656533
cup,ElasticNet,loo_trial,mask_area_future,trial2,6,5,9,63266.0,73021.0,1549.5006847890982,71471.49931521091
cup,ElasticNet,loo_trial,mask_area_future,trial2,6,6,10,64622.0,73411.0,-8863.792266230506,82274.7922662305
cup,ElasticNet,loo_trial,mask_area_future,trial2,6,9,13,73021.0,75553.0,-3829.209112319986,79382.20911231998
cup,ElasticNet,loo_trial,mask_area_future,trial2,6,10,14,73411.0,71507.0,-1797.1990552282805,73304.19905522828
cup,ElasticNet,loo_trial,mask_area_future,trial2,6,11,15,73219.0,68578.0,-5290.012012573534,73868.01201257354
cup,ElasticNet,loo_trial,mask_area_future,trial2,6,12,16,75702.0,67064.0,-13434.469902995123,80498.46990299513
cup,ElasticNet,loo_trial,mask_area_future,trial2,7,1,5,25235.0,25530.0,-25559.926407903586,51089.926407903586
cup,ElasticNet,loo_trial,mask_area_future,trial2,7,2,6,25104.0,25735.0,-14527.748387931395,40262.748387931395
cup,ElasticNet,loo_trial,mask_area_future,trial2,7,3,7,25285.0,26238.0,-18479.598547008973,44717.59854700897
cup,ElasticNet,loo_trial,mask_area_future,trial2,7,4,8,25263.0,26083.0,-14070.137818559095,40153.137818559095
cup,ElasticNet,loo_trial,mask_area_future,trial2,7,5,9,25530.0,26737.0,-22017.0444977453,48754.0444977453
cup,ElasticNet,loo_trial,mask_area_future,trial2,8,1,5,33102.0,33665.0,-19521.09953881191,53186.09953881191
cup,ElasticNet,loo_trial,mask_area_future,trial2,8,2,6,36268.0,34810.0,-6588.576217858368,41398.57621785837
cup,ElasticNet,loo_trial,mask_area_future,trial2,8,4,8,35796.0,33483.0,-6483.428483510383,39966.42848351038
cup,ElasticNet,loo_trial,mask_area_future,trial2,8,5,9,33665.0,44588.0,-16303.572486941412,60891.57248694141
cup,ElasticNet,loo_trial,mask_area_future,trial2,8,6,10,34810.0,42877.0,-25527.043961527328,68404.04396152732
cup,ElasticNet,loo_trial,mask_area_future,trial2,8,8,12,33483.0,35586.0,-22081.97737864063,57667.97737864063
cup,ElasticNet,loo_trial,mask_area_future,trial2,8,9,13,44588.0,40708.0,-19959.104857246974,60667.10485724697
cup,ElasticNet,loo_trial,mask_area_future,trial2,8,10,14,42877.0,43816.0,-18871.462424992882,62687.46242499288
cup,ElasticNet,loo_trial,mask_area_future,trial2,8,11,15,37178.0,44485.0,-26339.79505683937,70824.79505683937
cup,ElasticNet,loo_trial,mask_area_future,trial2,8,12,16,35586.0,44561.0,-37177.461850308784,81738.46185030878
cup,ElasticNet,loo_trial,mask_area_future,trial2,9,1,5,22788.0,26083.0,-26427.367602965984,52510.367602965984
cup,ElasticNet,loo_trial,mask_area_future,trial2,9,2,6,25834.0,25534.0,-13657.91100449938,39191.91100449938
cup,ElasticNet,loo_trial,mask_area_future,trial2,9,4,8,25275.0,44366.0,-13290.623675644318,57656.62367564432
cup,ElasticNet,loo_trial,mask_area_future,trial2,12,10,14,66025.0,83741.0,-5393.315818184732,89134.31581818472
cup,SVR-RBF,loo_trial,mask_area_future,trial1,1,19,23,28645.0,33013.0,39886.038902101594,6873.038902101594
cup,SVR-RBF,loo_trial,mask_area_future,trial1,1,22,26,41915.0,31691.0,39886.03812269028,8195.038122690283
cup,SVR-RBF,loo_trial,mask_area_future,trial1,2,19,23,24715.0,35688.0,39886.04236661732,4198.042366617323
cup,SVR-RBF,loo_trial,mask_area_future,trial1,2,21,25,39838.0,32030.0,39886.03812269041,7856.038122690406
cup,SVR-RBF,loo_trial,mask_area_future,trial1,2,23,27,35688.0,29755.0,39886.03812269028,10131.038122690283
cup,SVR-RBF,loo_trial,mask_area_future,trial1,4,18,22,14385.0,27935.0,39886.0382830655,11951.0382830655
cup,SVR-RBF,loo_trial,mask_area_future,trial1,4,19,23,28069.0,31875.0,39886.039207137495,8011.039207137495
cup,SVR-RBF,loo_trial,mask_area_future,trial1,4,21,25,33740.0,19194.0,39886.038122690305,20692.038122690305
cup,SVR-RBF,loo_trial,mask_area_future,trial1,4,22,26,27935.0,19897.0,39886.03812269028,19989.038122690283
cup,SVR-RBF,loo_trial,mask_area_future,trial1,4,23,27,31875.0,27892.0,39886.03812269028,11994.038122690283
cup,SVR-RBF,loo_trial,mask_area_future,trial1,5,18,22,23134.0,32578.0,39886.04088443208,7308.040884432077
cup,SVR-RBF,loo_trial,mask_area_future,trial1,5,21,25,32279.0,23181.0,39886.0381226904,16705.0381226904
cup,SVR-RBF,loo_trial,mask_area_future,trial1,5,22,26,32578.0,14280.0,39886.03812269028,25606.038122690283
cup,SVR-RBF,loo_trial,mask_area_future,trial1,6,19,23,30319.0,32650.0,39886.04392972577,7236.043929725769
cup,SVR-RBF,loo_trial,mask_area_future,trial1,6,21,25,41227.0,35715.0,39886.03812269041,4171.038122690406
cup,SVR-RBF,loo_trial,mask_area_future,trial1,6,22,26,30771.0,44352.0,39886.03812269028,4465.961877309717
cup,SVR-RBF,loo_trial,mask_area_future,trial1,6,23,27,32650.0,33385.0,39886.03812269028,6501.038122690283
cup,SVR-RBF,loo_trial,mask_area_future,trial1,7,5,9,40882.0,44642.0,39886.03812269028,4755.961877309717
cup,SVR-RBF,loo_trial,mask_area_future,trial1,7,18,22,37889.0,31077.0,39886.04131260794,8809.041312607937
cup,SVR-RBF,loo_trial,mask_area_future,trial1,7,21,25,35028.0,29068.0,39886.038122690356,10818.038122690356
cup,SVR-RBF,loo_trial,mask_area_future,trial1,7,22,26,31077.0,18552.0,39886.03812269028,21334.038122690283
cup,SVR-RBF,loo_trial,mask_area_future,trial1,7,23,27,33473.0,34065.0,39886.03812269028,5821.038122690283
cup,SVR-RBF,loo_trial,mask_area_future,trial1,8,1,5,40430.0,38146.0,39886.03812269028,1740.0381226902828
cup,SVR-RBF,loo_trial,mask_area_future,trial1,8,22,26,39590.0,33117.0,39886.03812269028,6769.038122690283
cup,SVR-RBF,loo_trial,mask_area_future,trial1,8,23,27,42584.0,33411.0,39886.03812269028,6475.038122690283
cup,SVR-RBF,loo_trial,mask_area_future,trial1,9,18,22,37663.0,36623.0,39886.04132047758,3263.041320477583
cup,SVR-RBF,loo_trial,mask_area_future,trial1,9,21,25,42941.0,35789.0,39886.03812269029,4097.03812269029
cup,SVR-RBF,loo_trial,mask_area_future,trial1,9,22,26,36623.0,36021.0,39886.03812269028,3865.0381226902828
cup,SVR-RBF,loo_trial,mask_area_future,trial1,9,23,27,39214.0,38813.0,39886.03812269028,1073.0381226902828
cup,SVR-RBF,loo_trial,mask_area_future,trial1,11,1,5,44849.0,42648.0,39886.03812269028,2761.9618773097172
cup,SVR-RBF,loo_trial,mask_area_future,trial1,11,2,6,44514.0,41506.0,39886.03812269028,1619.9618773097172
cup,SVR-RBF,loo_trial,mask_area_future,trial1,11,3,7,44603.0,42927.0,39886.03812269028,3040.9618773097172
cup,SVR-RBF,loo_trial,mask_area_future,trial1,11,4,8,44733.0,41210.0,39886.03812269028,1323.9618773097172
cup,SVR-RBF,loo_trial,mask_area_future,trial1,11,5,9,42648.0,39268.0,39886.03812269028,618.0381226902828
cup,SVR-RBF,loo_trial,mask_area_future,trial1,11,18,22,38546.0,32926.0,39886.0409891407,6960.0409891407035
cup,SVR-RBF,loo_trial,mask_area_future,trial1,11,21,25,39838.0,38744.0,39886.03812269028,1142.0381226902828
cup,SVR-RBF,loo_trial,mask_area_future,trial1,11,22,26,32926.0,32097.0,39886.03812269028,7789.038122690283
cup,SVR-RBF,loo_trial,mask_area_future,trial1,11,23,27,44708.0,39343.0,39886.03812269028,543.0381226902828
cup,SVR-RBF,loo_trial,mask_area_future,trial1,12,18,22,42025.0,37679.0,39886.041275585325,2207.041275585325
cup,SVR-RBF,loo_trial,mask_area_future,trial1,12,21,25,40298.0,34927.0,39886.03812269042,4959.038122690421
cup,SVR-RBF,loo_trial,mask_area_future,trial1,12,22,26,37679.0,17886.0,39886.03812269028,22000.038122690283
cup,SVR-RBF,loo_trial,mask_area_future,trial1,14,0,4,76366.0,81850.0,39886.03812269028,41963.96187730972
cup,SVR-RBF,loo_trial,mask_area_future,trial1,14,1,5,75818.0,71535.0,39886.03812269028,31648.961877309717
cup,SVR-RBF,loo_trial,mask_area_future,trial2,1,1,5,30027.0,26996.0,33409.88696215569,6413.886962155688
cup,SVR-RBF,loo_trial,mask_area_future,trial2,1,2,6,28792.0,30866.0,33409.76849245734,2543.7684924573405
cup,SVR-RBF,loo_trial,mask_area_future,trial2,1,3,7,27671.0,32033.0,33409.87639589474,1376.8763958947384
cup,SVR-RBF,loo_trial,mask_area_future,trial2,1,4,8,31854.0,31893.0,33409.78661621155,1516.7866162115533
cup,SVR-RBF,loo_trial,mask_area_future,trial2,1,5,9,26996.0,33318.0,33409.87740997908,91.87740997908259
cup,SVR-RBF,loo_trial,mask_area_future,trial2,1,6,10,30866.0,39044.0,33409.887160988845,5634.112839011155
cup,SVR-RBF,loo_trial,mask_area_future,trial2,1,7,11,32033.0,36797.0,33409.88661945541,3387.1133805445934
cup,SVR-RBF,loo_trial,mask_area_future,trial2,1,8,12,31893.0,36984.0,33409.887040701215,3574.1129592987854
cup,SVR-RBF,loo_trial,mask_area_future,trial2,1,9,13,33318.0,41829.0,33409.88722024948,8419.112779750518
cup,SVR-RBF,loo_trial,mask_area_future,trial2,1,10,14,39044.0,41624.0,33409.887220875426,8214.112779124574
cup,SVR-RBF,loo_trial,mask_area_future,trial2,1,11,15,36797.0,41946.0,33409.88722098696,8536.112779013041
cup,SVR-RBF,loo_trial,mask_area_future,trial2,1,12,16,36984.0,43614.0,33409.88722102653,10204.112778973467
cup,SVR-RBF,loo_trial,mask_area_future,trial2,2,1,5,18058.0,34221.0,33409.88753792781,811.1124620721894
cup,SVR-RBF,loo_trial,mask_area_future,trial2,2,2,6,27175.0,36340.0,33409.80443482092,2930.1955651790777
cup,SVR-RBF,loo_trial,mask_area_future,trial2,2,3,7,26126.0,36830.0,33409.884119196184,3420.1158808038163
cup,SVR-RBF,loo_trial,mask_area_future,trial2,2,4,8,27384.0,37521.0,33409.8321732696,4111.167826730401
cup,SVR-RBF,loo_trial,mask_area_future,trial2,2,5,9,34221.0,38046.0,33409.86549482917,4636.134505170827
cup,SVR-RBF,loo_trial,mask_area_future,trial2,2,6,10,36340.0,32723.0,33409.88693477604,686.886934776041
cup,SVR-RBF,loo_trial,mask_area_future,trial2,2,7,11,36830.0,37249.0,33409.88622907062,3839.1137709293835
cup,SVR-RBF,loo_trial,mask_area_future,trial2,2,8,12,37521.0,38571.0,33409.88572413676,5161.114275863241
cup,SVR-RBF,loo_trial,mask_area_future,trial2,2,9,13,38046.0,42374.0,33409.88722043405,8964.112779565949
cup,SVR-RBF,loo_trial,mask_area_future,trial2,2,10,14,32723.0,42765.0,33409.887220824654,9355.112779175346
cup,SVR-RBF,loo_trial,mask_area_future,trial2,2,11,15,37249.0,44730.0,33409.88722098059,11320.112779019408
cup,SVR-RBF,loo_trial,mask_area_future,trial2,3,1,5,31948.0,31994.0,33409.888469068115,1415.8884690681152
cup,SVR-RBF,loo_trial,mask_area_future,trial2,3,2,6,31650.0,32677.0,33409.79924314117,732.7992431411694
cup,SVR-RBF,loo_trial,mask_area_future,trial2,3,3,7,44765.0,40230.0,33409.88918153518,6820.110818464818
cup,SVR-RBF,loo_trial,mask_area_future,trial2,3,4,8,31644.0,39877.0,33409.82259984174,6467.17740015826
cup,SVR-RBF,loo_trial,mask_area_future,trial2,3,5,9,31994.0,43212.0,33409.88273386371,9802.117266136287
cup,SVR-RBF,loo_trial,mask_area_future,trial2,3,6,10,32677.0,43376.0,33409.88725100993,9966.112748990068
cup,SVR-RBF,loo_trial,mask_area_future,trial2,3,7,11,40230.0,37275.0,33409.887333315484,3865.1126666845157
cup,SVR-RBF,loo_trial,mask_area_future,trial2,3,8,12,39877.0,39721.0,33409.8866890094,6311.1133109906
cup,SVR-RBF,loo_trial,mask_area_future,trial2,3,9,13,43212.0,40961.0,33409.88722054411,7551.112779455892
cup,SVR-RBF,loo_trial,mask_area_future,trial2,3,10,14,43376.0,43679.0,33409.88722087909,10269.112779120907
cup,SVR-RBF,loo_trial,mask_area_future,trial2,3,11,15,37275.0,44880.0,33409.88722099159,11470.112779008407
cup,SVR-RBF,loo_trial,mask_area_future,trial2,3,12,16,39721.0,43022.0,33409.887221026904,9612.112778973096
cup,SVR-RBF,loo_trial,mask_area_future,trial2,4,1,5,44781.0,44933.0,33409.88962603038,11523.11037396962
cup,SVR-RBF,loo_trial,mask_area_future,trial2,4,2,6,43709.0,44608.0,33409.82929964513,11198.170700354873
cup,SVR-RBF,loo_trial,mask_area_future,trial2,4,5,9,44933.0,42721.0,33409.89095871918,9311.109041280819
cup,SVR-RBF,loo_trial,mask_area_future,trial2,4,6,10,44608.0,44743.0,33409.88741916815,11333.112580831847
cup,SVR-RBF,loo_trial,mask_area_future,trial2,4,9,13,42721.0,44627.0,33409.8872208524,11217.112779147603
cup,SVR-RBF,loo_trial,mask_area_future,trial2,4,10,14,44743.0,43942.0,33409.88722088423,10532.11277911577
cup,SVR-RBF,loo_trial,mask_area_future,trial2,4,12,16,44607.0,42086.0,33409.8872210262,8676.112778973802
cup,SVR-RBF,loo_trial,mask_area_future,trial2,5,1,5,30842.0,30719.0,33409.88943811219,2690.8894381121936
cup,SVR-RBF,loo_trial,mask_area_future,trial2,5,2,6,31103.0,30750.0,33409.82529260668,2659.825292606678
cup,SVR-RBF,loo_trial,mask_area_future,trial2,5,3,7,31012.0,37057.0,33409.889583924414,3647.110416075586
cup,SVR-RBF,loo_trial,mask_area_future,trial2,5,4,8,31206.0,35819.0,33409.854913107025,2409.145086892975
cup,SVR-RBF,loo_trial,mask_area_future,trial2,5,5,9,30719.0,38910.0,33409.886063194805,5500.113936805195
cup,SVR-RBF,loo_trial,mask_area_future,trial2,5,6,10,30750.0,37743.0,33409.88734659091,4333.112653409087
cup,SVR-RBF,loo_trial,mask_area_future,trial2,5,7,11,37057.0,34928.0,33409.88687420395,1518.1131257960515
cup,SVR-RBF,loo_trial,mask_area_future,trial2,5,8,12,35819.0,33689.0,33409.886867693574,279.11313230642554
cup,SVR-RBF,loo_trial,mask_area_future,trial2,5,11,15,34928.0,44451.0,33409.88722098337,11041.112779016628
cup,SVR-RBF,loo_trial,mask_area_future,trial2,6,1,5,68393.0,63266.0,33409.89011878601,29856.10988121399
cup,SVR-RBF,loo_trial,mask_area_future,trial2,6,2,6,64674.0,64622.0,33409.88748667992,31212.112513320077
cup,SVR-RBF,loo_trial,mask_area_future,trial2,6,5,9,63266.0,73021.0,33409.88695406163,39611.11304593837
cup,SVR-RBF,loo_trial,mask_area_future,trial2,6,6,10,64622.0,73411.0,33409.88723464641,40001.11276535359
cup,SVR-RBF,loo_trial,mask_area_future,trial2,6,9,13,73021.0,75553.0,33409.88722106634,42143.11277893366
cup,SVR-RBF,loo_trial,mask_area_future,trial2,6,10,14,73411.0,71507.0,33409.88722103382,38097.11277896618
cup,SVR-RBF,loo_trial,mask_area_future,trial2,6,11,15,73219.0,68578.0,33409.88722101343,35168.11277898657
cup,SVR-RBF,loo_trial,mask_area_future,trial2,6,12,16,75702.0,67064.0,33409.88722102932,33654.11277897068
cup,SVR-RBF,loo_trial,mask_area_future,trial2,7,1,5,25235.0,25530.0,33409.88848571729,7879.888485717289
cup,SVR-RBF,loo_trial,mask_area_future,trial2,7,2,6,25104.0,25735.0,33409.80920823611,7674.809208236111
cup,SVR-RBF,loo_trial,mask_area_future,trial2,7,3,7,25285.0,26238.0,33409.88502223048,7171.885022230483
cup,SVR-RBF,loo_trial,mask_area_future,trial2,7,4,8,25263.0,26083.0,33409.83415496698,7326.8341549669785
cup,SVR-RBF,loo_trial,mask_area_future,trial2,7,5,9,25530.0,26737.0,33409.87915431179,6672.879154311791
cup,SVR-RBF,loo_trial,mask_area_future,trial2,8,1,5,33102.0,33665.0,33409.88929355897,255.11070644103165
cup,SVR-RBF,loo_trial,mask_area_future,trial2,8,2,6,36268.0,34810.0,33409.82966107122,1400.1703389287795
cup,SVR-RBF,loo_trial,mask_area_future,trial2,8,4,8,35796.0,33483.0,33409.85499137196,73.14500862803834
cup,SVR-RBF,loo_trial,mask_area_future,trial2,8,5,9,33665.0,44588.0,33409.88671663743,11178.113283362567
cup,SVR-RBF,loo_trial,mask_area_future,trial2,8,6,10,34810.0,42877.0,33409.887426743975,9467.112573256025
cup,SVR-RBF,loo_trial,mask_area_future,trial2,8,8,12,33483.0,35586.0,33409.887414878205,2176.112585121795
cup,SVR-RBF,loo_trial,mask_area_future,trial2,8,9,13,44588.0,40708.0,33409.887220618104,7298.112779381896
cup,SVR-RBF,loo_trial,mask_area_future,trial2,8,10,14,42877.0,43816.0,33409.887220851844,10406.112779148156
cup,SVR-RBF,loo_trial,mask_area_future,trial2,8,11,15,37178.0,44485.0,33409.88722098148,11075.11277901852
cup,SVR-RBF,loo_trial,mask_area_future,trial2,8,12,16,35586.0,44561.0,33409.88722102615,11151.112778973853
cup,SVR-RBF,loo_trial,mask_area_future,trial2,9,1,5,22788.0,26083.0,33409.88694165502,7326.886941655022
cup,SVR-RBF,loo_trial,mask_area_future,trial2,9,2,6,25834.0,25534.0,33409.77934719776,7875.779347197757
cup,SVR-RBF,loo_trial,mask_area_future,trial2,9,4,8,25275.0,44366.0,33409.798699495026,10956.201300504974
cup,SVR-RBF,loo_trial,mask_area_future,trial2,12,10,14,66025.0,83741.0,33409.887220945835,50331.112779054165
cup,RandomForest,loo_trial,mask_area_future,trial1,1,19,23,28645.0,33013.0,36216.068481181894,3203.0684811818937
cup,RandomForest,loo_trial,mask_area_future,trial1,1,22,26,41915.0,31691.0,40607.69655234492,8916.696552344918
cup,RandomForest,loo_trial,mask_area_future,trial1,2,19,23,24715.0,35688.0,34998.89421491199,689.1057850880097
cup,RandomForest,loo_trial,mask_area_future,trial1,2,21,25,39838.0,32030.0,40626.71571901158,8596.715719011583
cup,RandomForest,loo_trial,mask_area_future,trial1,2,23,27,35688.0,29755.0,39245.02018581308,9490.020185813082
cup,RandomForest,loo_trial,mask_area_future,trial1,4,18,22,14385.0,27935.0,34425.06237876912,6490.062378769122
cup,RandomForest,loo_trial,mask_area_future,trial1,4,19,23,28069.0,31875.0,34421.84658356405,2546.8465835640527
cup,RandomForest,loo_trial,mask_area_future,trial1,4,21,25,33740.0,19194.0,39475.23989674353,20281.23989674353
cup,RandomForest,loo_trial,mask_area_future,trial1,4,22,26,27935.0,19897.0,33671.03557473741,13774.035574737412
cup,RandomForest,loo_trial,mask_area_future,trial1,4,23,27,31875.0,27892.0,36130.5225614369,8238.522561436897
cup,RandomForest,loo_trial,mask_area_future,trial1,5,18,22,23134.0,32578.0,32871.58695927378,293.58695927377994
cup,RandomForest,loo_trial,mask_area_future,trial1,5,21,25,32279.0,23181.0,38547.933385420656,15366.933385420656
cup,RandomForest,loo_trial,mask_area_future,trial1,5,22,26,32578.0,14280.0,38809.81457679015,24529.81457679015
cup,RandomForest,loo_trial,mask_area_future,trial1,6,19,23,30319.0,32650.0,35950.71036789391,3300.7103678939093
cup,RandomForest,loo_trial,mask_area_future,trial1,6,21,25,41227.0,35715.0,37938.208859954335,2223.208859954335
cup,RandomForest,loo_trial,mask_area_future,trial1,6,22,26,30771.0,44352.0,35436.146010219134,8915.853989780866
cup,RandomForest,loo_trial,mask_area_future,trial1,6,23,27,32650.0,33385.0,39241.24705968675,5856.24705968675
cup,RandomForest,loo_trial,mask_area_future,trial1,7,5,9,40882.0,44642.0,39826.97182160952,4815.028178390479
cup,RandomForest,loo_trial,mask_area_future,trial1,7,18,22,37889.0,31077.0,40731.39695409791,9654.396954097909
cup,RandomForest,loo_trial,mask_area_future,trial1,7,21,25,35028.0,29068.0,39471.94367684259,10403.943676842588
cup,RandomForest,loo_trial,mask_area_future,trial1,7,22,26,31077.0,18552.0,36143.49037960227,17591.49037960227
cup,RandomForest,loo_trial,mask_area_future,trial1,7,23,27,33473.0,34065.0,39763.75569679537,5698.7556967953715
cup,RandomForest,loo_trial,mask_area_future,trial1,8,1,5,40430.0,38146.0,39155.335427620375,1009.3354276203754
cup,RandomForest,loo_trial,mask_area_future,trial1,8,22,26,39590.0,33117.0,40626.71571901158,7509.715719011583
cup,RandomForest,loo_trial,mask_area_future,trial1,8,23,27,42584.0,33411.0,40657.43761837011,7246.43761837011
cup,RandomForest,loo_trial,mask_area_future,trial1,9,18,22,37663.0,36623.0,40731.39695409791,4108.396954097909
cup,RandomForest,loo_trial,mask_area_future,trial1,9,21,25,42941.0,35789.0,40625.17434702497,4836.174347024971
cup,RandomForest,loo_trial,mask_area_future,trial1,9,22,26,36623.0,36021.0,40215.28170844044,4194.281708440438
cup,RandomForest,loo_trial,mask_area_future,trial1,9,23,27,39214.0,38813.0,40413.172269657676,1600.1722696576762
cup,RandomForest,loo_trial,mask_area_future,trial1,11,1,5,44849.0,42648.0,39871.10091654501,2776.8990834549913
cup,RandomForest,loo_trial,mask_area_future,trial1,11,2,6,44514.0,41506.0,39843.438487077925,1662.561512922075
cup,RandomForest,loo_trial,mask_area_future,trial1,11,3,7,44603.0,42927.0,39830.00565374459,3096.9943462554074
cup,RandomForest,loo_trial,mask_area_future,trial1,11,4,8,44733.0,41210.0,39830.52712344156,1379.4728765584368
cup,RandomForest,loo_trial,mask_area_future,trial1,11,5,9,42648.0,39268.0,38396.490141227616,871.5098587723842
cup,RandomForest,loo_trial,mask_area_future,trial1,11,18,22,38546.0,32926.0,38085.434793666456,5159.434793666456
cup,RandomForest,loo_trial,mask_area_future,trial1,11,21,25,39838.0,38744.0,40528.14519341996,1784.1451934199576
cup,RandomForest,loo_trial,mask_area_future,trial1,11,22,26,32926.0,32097.0,39544.36652595205,7447.366525952049
cup,RandomForest,loo_trial,mask_area_future,trial1,11,23,27,44708.0,39343.0,40661.95979369479,1318.9597936947903
cup,RandomForest,loo_trial,mask_area_future,trial1,12,18,22,42025.0,37679.0,39600.003977210654,1921.0039772106538
cup,RandomForest,loo_trial,mask_area_future,trial1,12,21,25,40298.0,34927.0,39382.366030550365,4455.366030550365
cup,RandomForest,loo_trial,mask_area_future,trial1,12,22,26,37679.0,17886.0,40569.667888085314,22683.667888085314
cup,RandomForest,loo_trial,mask_area_future,trial1,14,0,4,76366.0,81850.0,74509.55533333334,7340.444666666663
cup,RandomForest,loo_trial,mask_area_future,trial1,14,1,5,75818.0,71535.0,73925.27333333333,2390.273333333331
cup,RandomForest,loo_trial,mask_area_future,trial2,1,1,5,30027.0,26996.0,30091.2498622546,3095.249862254601
cup,RandomForest,loo_trial,mask_area_future,trial2,1,2,6,28792.0,30866.0,30039.080165284904,826.9198347150959
cup,RandomForest,loo_trial,mask_area_future,trial2,1,3,7,27671.0,32033.0,31012.171925580165,1020.8280744198346
cup,RandomForest,loo_trial,mask_area_future,trial2,1,4,8,31854.0,31893.0,30906.8761760258,986.1238239742015
cup,RandomForest,loo_trial,mask_area_future,trial2,1,5,9,26996.0,33318.0,30334.04613400991,2983.95386599009
cup,RandomForest,loo_trial,mask_area_future,trial2,1,6,10,30866.0,39044.0,30965.31510628669,8078.684893713311
cup,RandomForest,loo_trial,mask_area_future,trial2,1,7,11,32033.0,36797.0,30531.97780370202,6265.022196297981
cup,RandomForest,loo_trial,mask_area_future,trial2,1,8,12,31893.0,36984.0,30826.888812455883,6157.111187544117
cup,RandomForest,loo_trial,mask_area_future,trial2,1,9,13,33318.0,41829.0,29079.890561720753,12749.109438279247
cup,RandomForest,loo_trial,mask_area_future,trial2,1,10,14,39044.0,41624.0,34808.14921505525,6815.850784944749
cup,RandomForest,loo_trial,mask_area_future,trial2,1,11,15,36797.0,41946.0,31809.668499869033,10136.331500130967
cup,RandomForest,loo_trial,mask_area_future,trial2,1,12,16,36984.0,43614.0,31803.000496647157,11810.999503352843
cup,RandomForest,loo_trial,mask_area_future,trial2,2,1,5,18058.0,34221.0,29934.263632855345,4286.736367144655
cup,RandomForest,loo_trial,mask_area_future,trial2,2,2,6,27175.0,36340.0,29865.306271411962,6474.693728588038
cup,RandomForest,loo_trial,mask_area_future,trial2,2,3,7,26126.0,36830.0,30982.191479009194,5847.808520990806
cup,RandomForest,loo_trial,mask_area_future,trial2,2,4,8,27384.0,37521.0,30989.988121866332,6531.011878133668
cup,RandomForest,loo_trial,mask_area_future,trial2,2,5,9,34221.0,38046.0,25792.415073758646,12253.584926241354
cup,RandomForest,loo_trial,mask_area_future,trial2,2,6,10,36340.0,32723.0,30178.145836134074,2544.8541638659262
cup,RandomForest,loo_trial,mask_area_future,trial2,2,7,11,36830.0,37249.0,31166.311926621198,6082.688073378802
cup,RandomForest,loo_trial,mask_area_future,trial2,2,8,12,37521.0,38571.0,30465.97933038775,8105.020669612251
cup,RandomForest,loo_trial,mask_area_future,trial2,2,9,13,38046.0,42374.0,31712.659228072986,10661.340771927014
cup,RandomForest,loo_trial,mask_area_future,trial2,2,10,14,32723.0,42765.0,28438.003408661418,14326.996591338582
cup,RandomForest,loo_trial,mask_area_future,trial2,2,11,15,37249.0,44730.0,31875.81633106001,12854.18366893999
cup,RandomForest,loo_trial,mask_area_future,trial2,3,1,5,31948.0,31994.0,29974.61168379653,2019.388316203469
cup,RandomForest,loo_trial,mask_area_future,trial2,3,2,6,31650.0,32677.0,29874.186153493505,2802.813846506495
cup,RandomForest,loo_trial,mask_area_future,trial2,3,3,7,44765.0,40230.0,37613.28554691711,2616.714453082888
cup,RandomForest,loo_trial,mask_area_future,trial2,3,4,8,31644.0,39877.0,30803.761708521804,9073.238291478196
cup,RandomForest,loo_trial,mask_area_future,trial2,3,5,9,31994.0,43212.0,30876.39365296625,12335.60634703375
cup,RandomForest,loo_trial,mask_area_future,trial2,3,6,10,32677.0,43376.0,30938.048303759904,12437.951696240096
cup,RandomForest,loo_trial,mask_area_future,trial2,3,7,11,40230.0,37275.0,33427.093977865654,3847.906022134346
cup,RandomForest,loo_trial,mask_area_future,trial2,3,8,12,39877.0,39721.0,35297.22328704234,4423.7767129576605
cup,RandomForest,loo_trial,mask_area_future,trial2,3,9,13,43212.0,40961.0,35751.5016127386,5209.498387261403
cup,RandomForest,loo_trial,mask_area_future,trial2,3,10,14,43376.0,43679.0,35847.98026865257,7831.019731347427
cup,RandomForest,loo_trial,mask_area_future,trial2,3,11,15,37275.0,44880.0,30945.550461570816,13934.449538429184
cup,RandomForest,loo_trial,mask_area_future,trial2,3,12,16,39721.0,43022.0,35721.266340737915,7300.733659262085
cup,RandomForest,loo_trial,mask_area_future,trial2,4,1,5,44781.0,44933.0,39382.39995573051,5550.600044269493
cup,RandomForest,loo_trial,mask_area_future,trial2,4,2,6,43709.0,44608.0,38437.91939274693,6170.080607253069
cup,RandomForest,loo_trial,mask_area_future,trial2,4,5,9,44933.0,42721.0,38405.37612527047,4315.623874729528
cup,RandomForest,loo_trial,mask_area_future,trial2,4,6,10,44608.0,44743.0,38297.961014159366,6445.038985840634
cup,RandomForest,loo_trial,mask_area_future,trial2,4,9,13,42721.0,44627.0,36397.932294361686,8229.067705638314
cup,RandomForest,loo_trial,mask_area_future,trial2,4,10,14,44743.0,43942.0,37785.82836513149,6156.171634868508
cup,RandomForest,loo_trial,mask_area_future,trial2,4,12,16,44607.0,42086.0,38541.30761507437,3544.6923849256273
cup,RandomForest,loo_trial,mask_area_future,trial2,5,1,5,30842.0,30719.0,31054.314971142783,335.3149711427832
cup,RandomForest,loo_trial,mask_area_future,trial2,5,2,6,31103.0,30750.0,30776.683297345993,26.683297345993196
cup,RandomForest,loo_trial,mask_area_future,trial2,5,3,7,31012.0,37057.0,31367.913763088585,5689.086236911415
cup,RandomForest,loo_trial,mask_area_future,trial2,5,4,8,31206.0,35819.0,31075.062699596518,4743.937300403482
cup,RandomForest,loo_trial,mask_area_future,trial2,5,5,9,30719.0,38910.0,31260.1287287112,7649.871271288801
cup,RandomForest,loo_trial,mask_area_future,trial2,5,6,10,30750.0,37743.0,31593.375739915682,6149.624260084318
cup,RandomForest,loo_trial,mask_area_future,trial2,5,7,11,37057.0,34928.0,31586.669399295464,3341.3306007045358
cup,RandomForest,loo_trial,mask_area_future,trial2,5,8,12,35819.0,33689.0,31022.12187736247,2666.8781226375286
cup,RandomForest,loo_trial,mask_area_future,trial2,5,11,15,34928.0,44451.0,30433.013908830806,14017.986091169194
cup,RandomForest,loo_trial,mask_area_future,trial2,6,1,5,68393.0,63266.0,62430.91396556566,835.0860344343382
cup,RandomForest,loo_trial,mask_area_future,trial2,6,2,6,64674.0,64622.0,62635.24396556566,1986.7560344343365
cup,RandomForest,loo_trial,mask_area_future,trial2,6,5,9,63266.0,73021.0,61217.90312490096,11803.096875099043
cup,RandomForest,loo_trial,mask_area_future,trial2,6,6,10,64622.0,73411.0,62098.77790412173,11312.222095878271
cup,RandomForest,loo_trial,mask_area_future,trial2,6,9,13,73021.0,75553.0,61419.15221398509,14133.847786014907
cup,RandomForest,loo_trial,mask_area_future,trial2,6,10,14,73411.0,71507.0,61780.177213985095,9726.822786014905
cup,RandomForest,loo_trial,mask_area_future,trial2,6,11,15,73219.0,68578.0,62162.38233425253,6415.617665747472
cup,RandomForest,loo_trial,mask_area_future,trial2,6,12,16,75702.0,67064.0,62241.027000919195,4822.972999080805
cup,RandomForest,loo_trial,mask_area_future,trial2,7,1,5,25235.0,25530.0,30084.87295031566,4554.872950315661
cup,RandomForest,loo_trial,mask_area_future,trial2,7,2,6,25104.0,25735.0,30032.703253345964,4297.703253345964
cup,RandomForest,loo_trial,mask_area_future,trial2,7,3,7,25285.0,26238.0,31065.04440758062,4827.044407580619
cup,RandomForest,loo_trial,mask_area_future,trial2,7,4,8,25263.0,26083.0,31357.184633465848,5274.184633465848
cup,RandomForest,loo_trial,mask_area_future,trial2,7,5,9,25530.0,26737.0,30398.903267051108,3661.903267051108
cup,RandomForest,loo_trial,mask_area_future,trial2,8,1,5,33102.0,33665.0,29998.447302160625,3666.5526978393755
cup,RandomForest,loo_trial,mask_area_future,trial2,8,2,6,36268.0,34810.0,31123.945606169527,3686.0543938304727
cup,RandomForest,loo_trial,mask_area_future,trial2,8,4,8,35796.0,33483.0,30966.30152926685,2516.6984707331503
cup,RandomForest,loo_trial,mask_area_future,trial2,8,5,9,33665.0,44588.0,30837.081519137366,13750.918480862634
cup,RandomForest,loo_trial,mask_area_future,trial2,8,6,10,34810.0,42877.0,30965.334002811825,11911.665997188175
cup,RandomForest,loo_trial,mask_area_future,trial2,8,8,12,33483.0,35586.0,30897.525571467406,4688.474428532594
cup,RandomForest,loo_trial,mask_area_future,trial2,8,9,13,44588.0,40708.0,36472.534708189705,4235.465291810295
cup,RandomForest,loo_trial,mask_area_future,trial2,8,10,14,42877.0,43816.0,35847.98026865257,7968.019731347427
cup,RandomForest,loo_trial,mask_area_future,trial2,8,11,15,37178.0,44485.0,31919.920434962445,12565.079565037555
cup,RandomForest,loo_trial,mask_area_future,trial2,8,12,16,35586.0,44561.0,30990.153428908423,13570.846571091577
cup,RandomForest,loo_trial,mask_area_future,trial2,9,1,5,22788.0,26083.0,30092.650145082887,4009.6501450828873
cup,RandomForest,loo_trial,mask_area_future,trial2,9,2,6,25834.0,25534.0,30327.723519597257,4793.723519597257
cup,RandomForest,loo_trial,mask_area_future,trial2,9,4,8,25275.0,44366.0,31235.03800716525,13130.96199283475
cup,RandomForest,loo_trial,mask_area_future,trial2,12,10,14,66025.0,83741.0,62329.97467069387,21411.025329306132
cup,GradBoost,loo_trial,mask_area_future,trial1,1,19,23,28645.0,33013.0,35733.28332699175,2720.2833269917464
cup,GradBoost,loo_trial,mask_area_future,trial1,1,22,26,41915.0,31691.0,37302.990103472664,5611.9901034726645
cup,GradBoost,loo_trial,mask_area_future,trial1,2,19,23,24715.0,35688.0,33422.15778330634,2265.842216693658
cup,GradBoost,loo_trial,mask_area_future,trial1,2,21,25,39838.0,32030.0,37302.990103472664,5272.9901034726645
cup,GradBoost,loo_trial,mask_area_future,trial1,2,23,27,35688.0,29755.0,37322.60126060689,7567.601260606891
cup,GradBoost,loo_trial,mask_area_future,trial1,4,18,22,14385.0,27935.0,35075.54783315948,7140.547833159479
cup,GradBoost,loo_trial,mask_area_future,trial1,4,19,23,28069.0,31875.0,35226.44404419724,3351.44404419724
cup,GradBoost,loo_trial,mask_area_future,trial1,4,21,25,33740.0,19194.0,38713.731142472054,19519.731142472054
cup,GradBoost,loo_trial,mask_area_future,trial1,4,22,26,27935.0,19897.0,33422.34868040873,13525.34868040873
cup,GradBoost,loo_trial,mask_area_future,trial1,4,23,27,31875.0,27892.0,34253.935614300215,6361.935614300215
cup,GradBoost,loo_trial,mask_area_future,trial1,5,18,22,23134.0,32578.0,37676.311089419374,5098.311089419374
cup,GradBoost,loo_trial,mask_area_future,trial1,5,21,25,32279.0,23181.0,39394.91906015381,16213.919060153807
cup,GradBoost,loo_trial,mask_area_future,trial1,5,22,26,32578.0,14280.0,38607.20060896424,24327.20060896424
cup,GradBoost,loo_trial,mask_area_future,trial1,6,19,23,30319.0,32650.0,34507.54132643948,1857.541326439481
cup,GradBoost,loo_trial,mask_area_future,trial1,6,21,25,41227.0,35715.0,35428.696345271885,286.30365472811536
cup,GradBoost,loo_trial,mask_area_future,trial1,6,22,26,30771.0,44352.0,34300.42771280342,10051.572287196577
cup,GradBoost,loo_trial,mask_area_future,trial1,6,23,27,32650.0,33385.0,38276.851799003634,4891.851799003634
cup,GradBoost,loo_trial,mask_area_future,trial1,7,5,9,40882.0,44642.0,42739.13601167945,1902.863988320547
cup,GradBoost,loo_trial,mask_area_future,trial1,7,18,22,37889.0,31077.0,47279.31045847571,16202.31045847571
cup,GradBoost,loo_trial,mask_area_future,trial1,7,21,25,35028.0,29068.0,38319.2422201577,9251.2422201577
cup,GradBoost,loo_trial,mask_area_future,trial1,7,22,26,31077.0,18552.0,36695.1789381728,18143.1789381728
cup,GradBoost,loo_trial,mask_area_future,trial1,7,23,27,33473.0,34065.0,40991.32853205652,6926.328532056519
cup,GradBoost,loo_trial,mask_area_future,trial1,8,1,5,40430.0,38146.0,37303.69421768227,842.3057823177296
cup,GradBoost,loo_trial,mask_area_future,trial1,8,22,26,39590.0,33117.0,37302.990103472664,4185.9901034726645
cup,GradBoost,loo_trial,mask_area_future,trial1,8,23,27,42584.0,33411.0,40436.12549752955,7025.125497529552
cup,GradBoost,loo_trial,mask_area_future,trial1,9,18,22,37663.0,36623.0,46448.46937284621,9825.469372846208
cup,GradBoost,loo_trial,mask_area_future,trial1,9,21,25,42941.0,35789.0,39494.66763838585,3705.6676383858503
cup,GradBoost,loo_trial,mask_area_future,trial1,9,22,26,36623.0,36021.0,43835.60325544673,7814.603255446731
cup,GradBoost,loo_trial,mask_area_future,trial1,9,23,27,39214.0,38813.0,40803.28899167668,1990.2889916766799
cup,GradBoost,loo_trial,mask_area_future,trial1,11,1,5,44849.0,42648.0,45269.63170823213,2621.631708232133
cup,GradBoost,loo_trial,mask_area_future,trial1,11,2,6,44514.0,41506.0,44309.048563680306,2803.048563680306
cup,GradBoost,loo_trial,mask_area_future,trial1,11,3,7,44603.0,42927.0,43837.9785877375,910.9785877375034
cup,GradBoost,loo_trial,mask_area_future,trial1,11,4,8,44733.0,41210.0,44474.32828272143,3264.328282721428
cup,GradBoost,loo_trial,mask_area_future,trial1,11,5,9,42648.0,39268.0,35333.48123645427,3934.5187635457332
cup,GradBoost,loo_trial,mask_area_future,trial1,11,18,22,38546.0,32926.0,35210.737463600635,2284.7374636006352
cup,GradBoost,loo_trial,mask_area_future,trial1,11,21,25,39838.0,38744.0,38787.54228846133,43.54228846132901
cup,GradBoost,loo_trial,mask_area_future,trial1,11,22,26,32926.0,32097.0,39732.485031253294,7635.485031253294
cup,GradBoost,loo_trial,mask_area_future,trial1,11,23,27,44708.0,39343.0,41804.2769184835,2461.276918483498
cup,GradBoost,loo_trial,mask_area_future,trial1,12,18,22,42025.0,37679.0,40942.55243158339,3263.55243158339
cup,GradBoost,loo_trial,mask_area_future,trial1,12,21,25,40298.0,34927.0,42556.469303371305,7629.469303371305
cup,GradBoost,loo_trial,mask_area_future,trial1,12,22,26,37679.0,17886.0,41047.06881557879,23161.068815578787
cup,GradBoost,loo_trial,mask_area_future,trial1,14,0,4,76366.0,81850.0,71519.90715686914,10330.092843130857
cup,GradBoost,loo_trial,mask_area_future,trial1,14,1,5,75818.0,71535.0,71245.77861783076,289.22138216924213
cup,GradBoost,loo_trial,mask_area_future,trial2,1,1,5,30027.0,26996.0,30622.05690192174,3626.05690192174
cup,GradBoost,loo_trial,mask_area_future,trial2,1,2,6,28792.0,30866.0,30622.05690192174,243.94309807825994
cup,GradBoost,loo_trial,mask_area_future,trial2,1,3,7,27671.0,32033.0,31863.93886232134,169.06113767865827
cup,GradBoost,loo_trial,mask_area_future,trial2,1,4,8,31854.0,31893.0,31023.49378705581,869.5062129441903
cup,GradBoost,loo_trial,mask_area_future,trial2,1,5,9,26996.0,33318.0,31675.071036173016,1642.9289638269838
cup,GradBoost,loo_trial,mask_area_future,trial2,1,6,10,30866.0,39044.0,30983.473545507673,8060.526454492327
cup,GradBoost,loo_trial,mask_area_future,trial2,1,7,11,32033.0,36797.0,30983.473545507673,5813.526454492327
cup,GradBoost,loo_trial,mask_area_future,trial2,1,8,12,31893.0,36984.0,30983.473545507673,6000.526454492327
cup,GradBoost,loo_trial,mask_area_future,trial2,1,9,13,33318.0,41829.0,31663.490303143415,10165.509696856585
cup,GradBoost,loo_trial,mask_area_future,trial2,1,10,14,39044.0,41624.0,39319.371856380814,2304.6281436191857
cup,GradBoost,loo_trial,mask_area_future,trial2,1,11,15,36797.0,41946.0,34444.54415719831,7501.45584280169
cup,GradBoost,loo_trial,mask_area_future,trial2,1,12,16,36984.0,43614.0,33527.99188736813,10086.00811263187
cup,GradBoost,loo_trial,mask_area_future,trial2,2,1,5,18058.0,34221.0,32165.955598128367,2055.0444018716335
cup,GradBoost,loo_trial,mask_area_future,trial2,2,2,6,27175.0,36340.0,32165.955598128367,4174.044401871633
cup,GradBoost,loo_trial,mask_area_future,trial2,2,3,7,26126.0,36830.0,32740.470890603374,4089.529109396626
cup,GradBoost,loo_trial,mask_area_future,trial2,2,4,8,27384.0,37521.0,32740.470890603374,4780.529109396626
cup,GradBoost,loo_trial,mask_area_future,trial2,2,5,9,34221.0,38046.0,23507.501664414405,14538.498335585595
cup,GradBoost,loo_trial,mask_area_future,trial2,2,6,10,36340.0,32723.0,34444.54415719831,1721.5441571983101
cup,GradBoost,loo_trial,mask_area_future,trial2,2,7,11,36830.0,37249.0,36174.79067009449,1074.2093299055123
cup,GradBoost,loo_trial,mask_area_future,trial2,2,8,12,37521.0,38571.0,35254.34612557079,3316.653874429212
cup,GradBoost,loo_trial,mask_area_future,trial2,2,9,13,38046.0,42374.0,32080.7029130708,10293.2970869292
cup,GradBoost,loo_trial,mask_area_future,trial2,2,10,14,32723.0,42765.0,26311.058760509404,16453.941239490596
cup,GradBoost,loo_trial,mask_area_future,trial2,2,11,15,37249.0,44730.0,32384.147028996234,12345.852971003766
cup,GradBoost,loo_trial,mask_area_future,trial2,3,1,5,31948.0,31994.0,30929.81752248615,1064.1824775138484
cup,GradBoost,loo_trial,mask_area_future,trial2,3,2,6,31650.0,32677.0,30929.81752248615,1747.1824775138484
cup,GradBoost,loo_trial,mask_area_future,trial2,3,3,7,44765.0,40230.0,37985.50672468813,2244.49327531187
cup,GradBoost,loo_trial,mask_area_future,trial2,3,4,8,31644.0,39877.0,31331.25440762022,8545.745592379779
cup,GradBoost,loo_trial,mask_area_future,trial2,3,5,9,31994.0,43212.0,31331.25440762022,11880.745592379779
cup,GradBoost,loo_trial,mask_area_future,trial2,3,6,10,32677.0,43376.0,31848.992663611905,11527.007336388095
cup,GradBoost,loo_trial,mask_area_future,trial2,3,7,11,40230.0,37275.0,27008.086090776706,10266.913909223294
cup,GradBoost,loo_trial,mask_area_future,trial2,3,8,12,39877.0,39721.0,36881.90015711315,2839.099842886848
cup,GradBoost,loo_trial,mask_area_future,trial2,3,9,13,43212.0,40961.0,37778.41618848245,3182.58381151755
cup,GradBoost,loo_trial,mask_area_future,trial2,3,10,14,43376.0,43679.0,37733.528452911996,5945.471547088004
cup,GradBoost,loo_trial,mask_area_future,trial2,3,11,15,37275.0,44880.0,33491.73978267055,11388.26021732945
cup,GradBoost,loo_trial,mask_area_future,trial2,3,12,16,39721.0,43022.0,36829.55415910367,6192.445840896333
cup,GradBoost,loo_trial,mask_area_future,trial2,4,1,5,44781.0,44933.0,38499.32112377396,6433.67887622604
cup,GradBoost,loo_trial,mask_area_future,trial2,4,2,6,43709.0,44608.0,37700.90485912481,6907.0951408751935
cup,GradBoost,loo_trial,mask_area_future,trial2,4,5,9,44933.0,42721.0,36349.793056147275,6371.206943852725
cup,GradBoost,loo_trial,mask_area_future,trial2,4,6,10,44608.0,44743.0,36287.167062224325,8455.832937775675
cup,GradBoost,loo_trial,mask_area_future,trial2,4,9,13,42721.0,44627.0,37210.265511419624,7416.734488580376
cup,GradBoost,loo_trial,mask_area_future,trial2,4,10,14,44743.0,43942.0,39138.12961718229,4803.8703828177095
cup,GradBoost,loo_trial,mask_area_future,trial2,4,12,16,44607.0,42086.0,39267.201710044785,2818.7982899552153
cup,GradBoost,loo_trial,mask_area_future,trial2,5,1,5,30842.0,30719.0,32786.405489117606,2067.4054891176056
cup,GradBoost,loo_trial,mask_area_future,trial2,5,2,6,31103.0,30750.0,32786.405489117606,2036.4054891176056
cup,GradBoost,loo_trial,mask_area_future,trial2,5,3,7,31012.0,37057.0,33899.43292462164,3157.5670753783634
cup,GradBoost,loo_trial,mask_area_future,trial2,5,4,8,31206.0,35819.0,33059.388661912104,2759.611338087896
cup,GradBoost,loo_trial,mask_area_future,trial2,5,5,9,30719.0,38910.0,32347.798111542117,6562.201888457883
cup,GradBoost,loo_trial,mask_area_future,trial2,5,6,10,30750.0,37743.0,33381.5583191311,4361.441680868898
cup,GradBoost,loo_trial,mask_area_future,trial2,5,7,11,37057.0,34928.0,33414.9916459707,1513.008354029298
cup,GradBoost,loo_trial,mask_area_future,trial2,5,8,12,35819.0,33689.0,33064.45275705065,624.547242949353
cup,GradBoost,loo_trial,mask_area_future,trial2,5,11,15,34928.0,44451.0,31747.943348510984,12703.056651489016
cup,GradBoost,loo_trial,mask_area_future,trial2,6,1,5,68393.0,63266.0,64690.43243647477,1424.4324364747736
cup,GradBoost,loo_trial,mask_area_future,trial2,6,2,6,64674.0,64622.0,64690.43243647477,68.43243647477357
cup,GradBoost,loo_trial,mask_area_future,trial2,6,5,9,63266.0,73021.0,54538.62776404423,18482.372235955772
cup,GradBoost,loo_trial,mask_area_future,trial2,6,6,10,64622.0,73411.0,62831.760230855965,10579.239769144035
cup,GradBoost,loo_trial,mask_area_future,trial2,6,9,13,73021.0,75553.0,65094.8696353796,10458.130364620403
cup,GradBoost,loo_trial,mask_area_future,trial2,6,10,14,73411.0,71507.0,67713.52647316396,3793.473526836038
cup,GradBoost,loo_trial,mask_area_future,trial2,6,11,15,73219.0,68578.0,65633.25886161892,2944.741138381083
cup,GradBoost,loo_trial,mask_area_future,trial2,6,12,16,75702.0,67064.0,65633.25886161892,1430.7411383810831
cup,GradBoost,loo_trial,mask_area_future,trial2,7,1,5,25235.0,25530.0,31136.403086900773,5606.403086900773
cup,GradBoost,loo_trial,mask_area_future,trial2,7,2,6,25104.0,25735.0,31706.141638547626,5971.141638547626
cup,GradBoost,loo_trial,mask_area_future,trial2,7,3,7,25285.0,26238.0,31710.91837937578,5472.91837937578
cup,GradBoost,loo_trial,mask_area_future,trial2,7,4,8,25263.0,26083.0,35040.45595514643,8957.455955146434
cup,GradBoost,loo_trial,mask_area_future,trial2,7,5,9,25530.0,26737.0,32280.656931022633,5543.656931022633
cup,GradBoost,loo_trial,mask_area_future,trial2,8,1,5,33102.0,33665.0,32232.261710861047,1432.7382891389534
cup,GradBoost,loo_trial,mask_area_future,trial2,8,2,6,36268.0,34810.0,34215.9059323827,594.0940676172977
cup,GradBoost,loo_trial,mask_area_future,trial2,8,4,8,35796.0,33483.0,34094.005268278255,611.0052682782552
cup,GradBoost,loo_trial,mask_area_future,trial2,8,5,9,33665.0,44588.0,32633.69859599512,11954.30140400488
cup,GradBoost,loo_trial,mask_area_future,trial2,8,6,10,34810.0,42877.0,33513.56148669719,9363.438513302812
cup,GradBoost,loo_trial,mask_area_future,trial2,8,8,12,33483.0,35586.0,33604.19361642104,1981.806383578958
cup,GradBoost,loo_trial,mask_area_future,trial2,8,9,13,44588.0,40708.0,38223.35059720078,2484.649402799223
cup,GradBoost,loo_trial,mask_area_future,trial2,8,10,14,42877.0,43816.0,37733.528452911996,6082.471547088004
cup,GradBoost,loo_trial,mask_area_future,trial2,8,11,15,37178.0,44485.0,33732.95360682835,10752.046393171651
cup,GradBoost,loo_trial,mask_area_future,trial2,8,12,16,35586.0,44561.0,33177.452998448076,11383.547001551924
cup,GradBoost,loo_trial,mask_area_future,trial2,9,1,5,22788.0,26083.0,30030.752578816493,3947.752578816493
cup,GradBoost,loo_trial,mask_area_future,trial2,9,2,6,25834.0,25534.0,31130.70209308251,5596.702093082509
cup,GradBoost,loo_trial,mask_area_future,trial2,9,4,8,25275.0,44366.0,31705.217385557513,12660.782614442487
cup,GradBoost,loo_trial,mask_area_future,trial2,12,10,14,66025.0,83741.0,67421.49012550559,16319.509874494412
cup,XGBoost,loo_trial,mask_area_future,trial1,1,19,23,28645.0,33013.0,38428.04296875,5415.04296875
cup,XGBoost,loo_trial,mask_area_future,trial1,1,22,26,41915.0,31691.0,38296.8125,6605.8125
cup,XGBoost,loo_trial,mask_area_future,trial1,2,19,23,24715.0,35688.0,37118.45703125,1430.45703125
cup,XGBoost,loo_trial,mask_area_future,trial1,2,21,25,39838.0,32030.0,38797.68359375,6767.68359375
cup,XGBoost,loo_trial,mask_area_future,trial1,2,23,27,35688.0,29755.0,39420.76953125,9665.76953125
cup,XGBoost,loo_trial,mask_area_future,trial1,4,18,22,14385.0,27935.0,37014.2265625,9079.2265625
cup,XGBoost,loo_trial,mask_area_future,trial1,4,19,23,28069.0,31875.0,37130.91796875,5255.91796875
cup,XGBoost,loo_trial,mask_area_future,trial1,4,21,25,33740.0,19194.0,38802.0390625,19608.0390625
cup,XGBoost,loo_trial,mask_area_future,trial1,4,22,26,27935.0,19897.0,33998.88671875,14101.88671875
cup,XGBoost,loo_trial,mask_area_future,trial1,4,23,27,31875.0,27892.0,34179.546875,6287.546875
cup,XGBoost,loo_trial,mask_area_future,trial1,5,18,22,23134.0,32578.0,40684.0390625,8106.0390625
cup,XGBoost,loo_trial,mask_area_future,trial1,5,21,25,32279.0,23181.0,39067.17578125,15886.17578125
cup,XGBoost,loo_trial,mask_area_future,trial1,5,22,26,32578.0,14280.0,37553.0078125,23273.0078125
cup,XGBoost,loo_trial,mask_area_future,trial1,6,19,23,30319.0,32650.0,37370.5,4720.5
cup,XGBoost,loo_trial,mask_area_future,trial1,6,21,25,41227.0,35715.0,34809.02734375,905.97265625
cup,XGBoost,loo_trial,mask_area_future,trial1,6,22,26,30771.0,44352.0,35564.19140625,8787.80859375
cup,XGBoost,loo_trial,mask_area_future,trial1,6,23,27,32650.0,33385.0,39383.25390625,5998.25390625
cup,XGBoost,loo_trial,mask_area_future,trial1,7,5,9,40882.0,44642.0,45576.34375,934.34375
cup,XGBoost,loo_trial,mask_area_future,trial1,7,18,22,37889.0,31077.0,47620.78515625,16543.78515625
cup,XGBoost,loo_trial,mask_area_future,trial1,7,21,25,35028.0,29068.0,39509.1953125,10441.1953125
cup,XGBoost,loo_trial,mask_area_future,trial1,7,22,26,31077.0,18552.0,35585.44140625,17033.44140625
cup,XGBoost,loo_trial,mask_area_future,trial1,7,23,27,33473.0,34065.0,39163.71875,5098.71875
cup,XGBoost,loo_trial,mask_area_future,trial1,8,1,5,40430.0,38146.0,38765.375,619.375
cup,XGBoost,loo_trial,mask_area_future,trial1,8,22,26,39590.0,33117.0,38296.8125,5179.8125
cup,XGBoost,loo_trial,mask_area_future,trial1,8,23,27,42584.0,33411.0,40662.6640625,7251.6640625
cup,XGBoost,loo_trial,mask_area_future,trial1,9,18,22,37663.0,36623.0,47620.78515625,10997.78515625
cup,XGBoost,loo_trial,mask_area_future,trial1,9,21,25,42941.0,35789.0,39706.203125,3917.203125
cup,XGBoost,loo_trial,mask_area_future,trial1,9,22,26,36623.0,36021.0,40889.859375,4868.859375
cup,XGBoost,loo_trial,mask_area_future,trial1,9,23,27,39214.0,38813.0,40851.58984375,2038.58984375
cup,XGBoost,loo_trial,mask_area_future,trial1,11,1,5,44849.0,42648.0,45522.75390625,2874.75390625
cup,XGBoost,loo_trial,mask_area_future,trial1,11,2,6,44514.0,41506.0,44879.3984375,3373.3984375
cup,XGBoost,loo_trial,mask_area_future,trial1,11,3,7,44603.0,42927.0,44845.8203125,1918.8203125
cup,XGBoost,loo_trial,mask_area_future,trial1,11,4,8,44733.0,41210.0,45907.3125,4697.3125
cup,XGBoost,loo_trial,mask_area_future,trial1,11,5,9,42648.0,39268.0,36270.6796875,2997.3203125
cup,XGBoost,loo_trial,mask_area_future,trial1,11,18,22,38546.0,32926.0,36689.078125,3763.078125
cup,XGBoost,loo_trial,mask_area_future,trial1,11,21,25,39838.0,38744.0,39706.203125,962.203125
cup,XGBoost,loo_trial,mask_area_future,trial1,11,22,26,32926.0,32097.0,39021.234375,6924.234375
cup,XGBoost,loo_trial,mask_area_future,trial1,11,23,27,44708.0,39343.0,41471.11328125,2128.11328125
cup,XGBoost,loo_trial,mask_area_future,trial1,12,18,22,42025.0,37679.0,39436.78515625,1757.78515625
cup,XGBoost,loo_trial,mask_area_future,trial1,12,21,25,40298.0,34927.0,39977.65234375,5050.65234375
cup,XGBoost,loo_trial,mask_area_future,trial1,12,22,26,37679.0,17886.0,40044.625,22158.625
cup,XGBoost,loo_trial,mask_area_future,trial1,14,0,4,76366.0,81850.0,62746.34375,19103.65625
cup,XGBoost,loo_trial,mask_area_future,trial1,14,1,5,75818.0,71535.0,61950.51171875,9584.48828125
cup,XGBoost,loo_trial,mask_area_future,trial2,1,1,5,30027.0,26996.0,33776.48828125,6780.48828125
cup,XGBoost,loo_trial,mask_area_future,trial2,1,2,6,28792.0,30866.0,31964.20703125,1098.20703125
cup,XGBoost,loo_trial,mask_area_future,trial2,1,3,7,27671.0,32033.0,33716.05078125,1683.05078125
cup,XGBoost,loo_trial,mask_area_future,trial2,1,4,8,31854.0,31893.0,33434.3359375,1541.3359375
cup,XGBoost,loo_trial,mask_area_future,trial2,1,5,9,26996.0,33318.0,29456.45703125,3861.54296875
cup,XGBoost,loo_trial,mask_area_future,trial2,1,6,10,30866.0,39044.0,35839.05078125,3204.94921875
cup,XGBoost,loo_trial,mask_area_future,trial2,1,7,11,32033.0,36797.0,35261.60546875,1535.39453125
cup,XGBoost,loo_trial,mask_area_future,trial2,1,8,12,31893.0,36984.0,35378.640625,1605.359375
cup,XGBoost,loo_trial,mask_area_future,trial2,1,9,13,33318.0,41829.0,36923.2890625,4905.7109375
cup,XGBoost,loo_trial,mask_area_future,trial2,1,10,14,39044.0,41624.0,40658.2421875,965.7578125
cup,XGBoost,loo_trial,mask_area_future,trial2,1,11,15,36797.0,41946.0,38789.12890625,3156.87109375
cup,XGBoost,loo_trial,mask_area_future,trial2,1,12,16,36984.0,43614.0,38074.45703125,5539.54296875
cup,XGBoost,loo_trial,mask_area_future,trial2,2,1,5,18058.0,34221.0,36196.671875,1975.671875
cup,XGBoost,loo_trial,mask_area_future,trial2,2,2,6,27175.0,36340.0,35195.7109375,1144.2890625
cup,XGBoost,loo_trial,mask_area_future,trial2,2,3,7,26126.0,36830.0,36911.34375,81.34375
cup,XGBoost,loo_trial,mask_area_future,trial2,2,4,8,27384.0,37521.0,36911.34375,609.65625
cup,XGBoost,loo_trial,mask_area_future,trial2,2,5,9,34221.0,38046.0,33924.72265625,4121.27734375
cup,XGBoost,loo_trial,mask_area_future,trial2,2,6,10,36340.0,32723.0,38542.609375,5819.609375
cup,XGBoost,loo_trial,mask_area_future,trial2,2,7,11,36830.0,37249.0,38406.875,1157.875
cup,XGBoost,loo_trial,mask_area_future,trial2,2,8,12,37521.0,38571.0,37988.578125,582.421875
cup,XGBoost,loo_trial,mask_area_future,trial2,2,9,13,38046.0,42374.0,35269.7421875,7104.2578125
cup,XGBoost,loo_trial,mask_area_future,trial2,2,10,14,32723.0,42765.0,29694.986328125,13070.013671875
cup,XGBoost,loo_trial,mask_area_future,trial2,2,11,15,37249.0,44730.0,35565.1640625,9164.8359375
cup,XGBoost,loo_trial,mask_area_future,trial2,3,1,5,31948.0,31994.0,35700.0546875,3706.0546875
cup,XGBoost,loo_trial,mask_area_future,trial2,3,2,6,31650.0,32677.0,33984.421875,1307.421875
cup,XGBoost,loo_trial,mask_area_future,trial2,3,3,7,44765.0,40230.0,40820.15625,590.15625
cup,XGBoost,loo_trial,mask_area_future,trial2,3,4,8,31644.0,39877.0,35700.0546875,4176.9453125
cup,XGBoost,loo_trial,mask_area_future,trial2,3,5,9,31994.0,43212.0,35378.640625,7833.359375
cup,XGBoost,loo_trial,mask_area_future,trial2,3,6,10,32677.0,43376.0,36337.6171875,7038.3828125
cup,XGBoost,loo_trial,mask_area_future,trial2,3,7,11,40230.0,37275.0,35947.28125,1327.71875
cup,XGBoost,loo_trial,mask_area_future,trial2,3,8,12,39877.0,39721.0,41712.08203125,1991.08203125
cup,XGBoost,loo_trial,mask_area_future,trial2,3,9,13,43212.0,40961.0,42756.19140625,1795.19140625
cup,XGBoost,loo_trial,mask_area_future,trial2,3,10,14,43376.0,43679.0,42314.14453125,1364.85546875
cup,XGBoost,loo_trial,mask_area_future,trial2,3,11,15,37275.0,44880.0,34242.79296875,10637.20703125
cup,XGBoost,loo_trial,mask_area_future,trial2,3,12,16,39721.0,43022.0,41117.9140625,1904.0859375
cup,XGBoost,loo_trial,mask_area_future,trial2,4,1,5,44781.0,44933.0,42063.83203125,2869.16796875
cup,XGBoost,loo_trial,mask_area_future,trial2,4,2,6,43709.0,44608.0,41990.3515625,2617.6484375
cup,XGBoost,loo_trial,mask_area_future,trial2,4,5,9,44933.0,42721.0,41733.32421875,987.67578125
cup,XGBoost,loo_trial,mask_area_future,trial2,4,6,10,44608.0,44743.0,40429.38671875,4313.61328125
cup,XGBoost,loo_trial,mask_area_future,trial2,4,9,13,42721.0,44627.0,34550.6640625,10076.3359375
cup,XGBoost,loo_trial,mask_area_future,trial2,4,10,14,44743.0,43942.0,40103.82421875,3838.17578125
cup,XGBoost,loo_trial,mask_area_future,trial2,4,12,16,44607.0,42086.0,41053.93359375,1032.06640625
cup,XGBoost,loo_trial,mask_area_future,trial2,5,1,5,30842.0,30719.0,38057.4765625,7338.4765625
cup,XGBoost,loo_trial,mask_area_future,trial2,5,2,6,31103.0,30750.0,37820.10546875,7070.10546875
cup,XGBoost,loo_trial,mask_area_future,trial2,5,3,7,31012.0,37057.0,35826.51171875,1230.48828125
cup,XGBoost,loo_trial,mask_area_future,trial2,5,4,8,31206.0,35819.0,36199.03125,380.03125
cup,XGBoost,loo_trial,mask_area_future,trial2,5,5,9,30719.0,38910.0,35505.09765625,3404.90234375
cup,XGBoost,loo_trial,mask_area_future,trial2,5,6,10,30750.0,37743.0,37736.0625,6.9375
cup,XGBoost,loo_trial,mask_area_future,trial2,5,7,11,37057.0,34928.0,36246.421875,1318.421875
cup,XGBoost,loo_trial,mask_area_future,trial2,5,8,12,35819.0,33689.0,35999.90234375,2310.90234375
cup,XGBoost,loo_trial,mask_area_future,trial2,5,11,15,34928.0,44451.0,37270.8984375,7180.1015625
cup,XGBoost,loo_trial,mask_area_future,trial2,6,1,5,68393.0,63266.0,43143.41796875,20122.58203125
cup,XGBoost,loo_trial,mask_area_future,trial2,6,2,6,64674.0,64622.0,43198.421875,21423.578125
cup,XGBoost,loo_trial,mask_area_future,trial2,6,5,9,63266.0,73021.0,36952.3828125,36068.6171875
cup,XGBoost,loo_trial,mask_area_future,trial2,6,6,10,64622.0,73411.0,41733.32421875,31677.67578125
cup,XGBoost,loo_trial,mask_area_future,trial2,6,9,13,73021.0,75553.0,40676.1328125,34876.8671875
cup,XGBoost,loo_trial,mask_area_future,trial2,6,10,14,73411.0,71507.0,40771.93359375,30735.06640625
cup,XGBoost,loo_trial,mask_area_future,trial2,6,11,15,73219.0,68578.0,42239.296875,26338.703125
cup,XGBoost,loo_trial,mask_area_future,trial2,6,12,16,75702.0,67064.0,42239.296875,24824.703125
cup,XGBoost,loo_trial,mask_area_future,trial2,7,1,5,25235.0,25530.0,34368.63671875,8838.63671875
cup,XGBoost,loo_trial,mask_area_future,trial2,7,2,6,25104.0,25735.0,32653.005859375,6918.005859375
cup,XGBoost,loo_trial,mask_area_future,trial2,7,3,7,25285.0,26238.0,34368.63671875,8130.63671875
cup,XGBoost,loo_trial,mask_area_future,trial2,7,4,8,25263.0,26083.0,35999.66015625,9916.66015625
cup,XGBoost,loo_trial,mask_area_future,trial2,7,5,9,25530.0,26737.0,34047.22265625,7310.22265625
cup,XGBoost,loo_trial,mask_area_future,trial2,8,1,5,33102.0,33665.0,37976.49609375,4311.49609375
cup,XGBoost,loo_trial,mask_area_future,trial2,8,2,6,36268.0,34810.0,37545.0859375,2735.0859375
cup,XGBoost,loo_trial,mask_area_future,trial2,8,4,8,35796.0,33483.0,38762.88671875,5279.88671875
cup,XGBoost,loo_trial,mask_area_future,trial2,8,5,9,33665.0,44588.0,37909.2890625,6678.7109375
cup,XGBoost,loo_trial,mask_area_future,trial2,8,6,10,34810.0,42877.0,37986.15234375,4890.84765625
cup,XGBoost,loo_trial,mask_area_future,trial2,8,8,12,33483.0,35586.0,34585.48046875,1000.51953125
cup,XGBoost,loo_trial,mask_area_future,trial2,8,9,13,44588.0,40708.0,42829.71875,2121.71875
cup,XGBoost,loo_trial,mask_area_future,trial2,8,10,14,42877.0,43816.0,41973.15625,1842.84375
cup,XGBoost,loo_trial,mask_area_future,trial2,8,11,15,37178.0,44485.0,38294.734375,6190.265625
cup,XGBoost,loo_trial,mask_area_future,trial2,8,12,16,35586.0,44561.0,37885.15625,6675.84375
cup,XGBoost,loo_trial,mask_area_future,trial2,9,1,5,22788.0,26083.0,33371.25,7288.25
cup,XGBoost,loo_trial,mask_area_future,trial2,9,2,6,25834.0,25534.0,34622.28125,9088.28125
cup,XGBoost,loo_trial,mask_area_future,trial2,9,4,8,25275.0,44366.0,35896.98046875,8469.01953125
cup,XGBoost,loo_trial,mask_area_future,trial2,12,10,14,66025.0,83741.0,43402.96875,40338.03125
cup,Persist,lodo_target_day,mask_area_future,trial1,1,19,23,28645.0,33013.0,28645.0,4368.0
cup,Persist,lodo_target_day,mask_area_future,trial1,1,22,26,41915.0,31691.0,41915.0,10224.0
cup,Persist,lodo_target_day,mask_area_future,trial1,2,19,23,24715.0,35688.0,24715.0,10973.0
cup,Persist,lodo_target_day,mask_area_future,trial1,2,21,25,39838.0,32030.0,39838.0,7808.0
cup,Persist,lodo_target_day,mask_area_future,trial1,2,23,27,35688.0,29755.0,35688.0,5933.0
cup,Persist,lodo_target_day,mask_area_future,trial1,4,18,22,14385.0,27935.0,14385.0,13550.0
cup,Persist,lodo_target_day,mask_area_future,trial1,4,19,23,28069.0,31875.0,28069.0,3806.0
cup,Persist,lodo_target_day,mask_area_future,trial1,4,21,25,33740.0,19194.0,33740.0,14546.0
cup,Persist,lodo_target_day,mask_area_future,trial1,4,22,26,27935.0,19897.0,27935.0,8038.0
cup,Persist,lodo_target_day,mask_area_future,trial1,4,23,27,31875.0,27892.0,31875.0,3983.0
cup,Persist,lodo_target_day,mask_area_future,trial1,5,18,22,23134.0,32578.0,23134.0,9444.0
cup,Persist,lodo_target_day,mask_area_future,trial1,5,21,25,32279.0,23181.0,32279.0,9098.0
cup,Persist,lodo_target_day,mask_area_future,trial1,5,22,26,32578.0,14280.0,32578.0,18298.0
cup,Persist,lodo_target_day,mask_area_future,trial1,6,19,23,30319.0,32650.0,30319.0,2331.0
cup,Persist,lodo_target_day,mask_area_future,trial1,6,21,25,41227.0,35715.0,41227.0,5512.0
cup,Persist,lodo_target_day,mask_area_future,trial1,6,22,26,30771.0,44352.0,30771.0,13581.0
cup,Persist,lodo_target_day,mask_area_future,trial1,6,23,27,32650.0,33385.0,32650.0,735.0
cup,Persist,lodo_target_day,mask_area_future,trial1,7,5,9,40882.0,44642.0,40882.0,3760.0
cup,Persist,lodo_target_day,mask_area_future,trial1,7,18,22,37889.0,31077.0,37889.0,6812.0
cup,Persist,lodo_target_day,mask_area_future,trial1,7,21,25,35028.0,29068.0,35028.0,5960.0
cup,Persist,lodo_target_day,mask_area_future,trial1,7,22,26,31077.0,18552.0,31077.0,12525.0
cup,Persist,lodo_target_day,mask_area_future,trial1,7,23,27,33473.0,34065.0,33473.0,592.0
cup,Persist,lodo_target_day,mask_area_future,trial1,8,1,5,40430.0,38146.0,40430.0,2284.0
cup,Persist,lodo_target_day,mask_area_future,trial1,8,22,26,39590.0,33117.0,39590.0,6473.0
cup,Persist,lodo_target_day,mask_area_future,trial1,8,23,27,42584.0,33411.0,42584.0,9173.0
cup,Persist,lodo_target_day,mask_area_future,trial1,9,18,22,37663.0,36623.0,37663.0,1040.0
cup,Persist,lodo_target_day,mask_area_future,trial1,9,21,25,42941.0,35789.0,42941.0,7152.0
cup,Persist,lodo_target_day,mask_area_future,trial1,9,22,26,36623.0,36021.0,36623.0,602.0
cup,Persist,lodo_target_day,mask_area_future,trial1,9,23,27,39214.0,38813.0,39214.0,401.0
cup,Persist,lodo_target_day,mask_area_future,trial1,11,1,5,44849.0,42648.0,44849.0,2201.0
cup,Persist,lodo_target_day,mask_area_future,trial1,11,2,6,44514.0,41506.0,44514.0,3008.0
cup,Persist,lodo_target_day,mask_area_future,trial1,11,3,7,44603.0,42927.0,44603.0,1676.0
cup,Persist,lodo_target_day,mask_area_future,trial1,11,4,8,44733.0,41210.0,44733.0,3523.0
cup,Persist,lodo_target_day,mask_area_future,trial1,11,5,9,42648.0,39268.0,42648.0,3380.0
cup,Persist,lodo_target_day,mask_area_future,trial1,11,18,22,38546.0,32926.0,38546.0,5620.0
cup,Persist,lodo_target_day,mask_area_future,trial1,11,21,25,39838.0,38744.0,39838.0,1094.0
cup,Persist,lodo_target_day,mask_area_future,trial1,11,22,26,32926.0,32097.0,32926.0,829.0
cup,Persist,lodo_target_day,mask_area_future,trial1,11,23,27,44708.0,39343.0,44708.0,5365.0
cup,Persist,lodo_target_day,mask_area_future,trial1,12,18,22,42025.0,37679.0,42025.0,4346.0
cup,Persist,lodo_target_day,mask_area_future,trial1,12,21,25,40298.0,34927.0,40298.0,5371.0
cup,Persist,lodo_target_day,mask_area_future,trial1,12,22,26,37679.0,17886.0,37679.0,19793.0
cup,Persist,lodo_target_day,mask_area_future,trial1,14,0,4,76366.0,81850.0,76366.0,5484.0
cup,Persist,lodo_target_day,mask_area_future,trial1,14,1,5,75818.0,71535.0,75818.0,4283.0
cup,Persist,lodo_target_day,mask_area_future,trial2,1,1,5,30027.0,26996.0,30027.0,3031.0
cup,Persist,lodo_target_day,mask_area_future,trial2,1,2,6,28792.0,30866.0,28792.0,2074.0
cup,Persist,lodo_target_day,mask_area_future,trial2,1,3,7,27671.0,32033.0,27671.0,4362.0
cup,Persist,lodo_target_day,mask_area_future,trial2,1,4,8,31854.0,31893.0,31854.0,39.0
cup,Persist,lodo_target_day,mask_area_future,trial2,1,5,9,26996.0,33318.0,26996.0,6322.0
cup,Persist,lodo_target_day,mask_area_future,trial2,1,6,10,30866.0,39044.0,30866.0,8178.0
cup,Persist,lodo_target_day,mask_area_future,trial2,1,7,11,32033.0,36797.0,32033.0,4764.0
cup,Persist,lodo_target_day,mask_area_future,trial2,1,8,12,31893.0,36984.0,31893.0,5091.0
cup,Persist,lodo_target_day,mask_area_future,trial2,1,9,13,33318.0,41829.0,33318.0,8511.0
cup,Persist,lodo_target_day,mask_area_future,trial2,1,10,14,39044.0,41624.0,39044.0,2580.0
cup,Persist,lodo_target_day,mask_area_future,trial2,1,11,15,36797.0,41946.0,36797.0,5149.0
cup,Persist,lodo_target_day,mask_area_future,trial2,1,12,16,36984.0,43614.0,36984.0,6630.0
cup,Persist,lodo_target_day,mask_area_future,trial2,2,1,5,18058.0,34221.0,18058.0,16163.0
cup,Persist,lodo_target_day,mask_area_future,trial2,2,2,6,27175.0,36340.0,27175.0,9165.0
cup,Persist,lodo_target_day,mask_area_future,trial2,2,3,7,26126.0,36830.0,26126.0,10704.0
cup,Persist,lodo_target_day,mask_area_future,trial2,2,4,8,27384.0,37521.0,27384.0,10137.0
cup,Persist,lodo_target_day,mask_area_future,trial2,2,5,9,34221.0,38046.0,34221.0,3825.0
cup,Persist,lodo_target_day,mask_area_future,trial2,2,6,10,36340.0,32723.0,36340.0,3617.0
cup,Persist,lodo_target_day,mask_area_future,trial2,2,7,11,36830.0,37249.0,36830.0,419.0
cup,Persist,lodo_target_day,mask_area_future,trial2,2,8,12,37521.0,38571.0,37521.0,1050.0
cup,Persist,lodo_target_day,mask_area_future,trial2,2,9,13,38046.0,42374.0,38046.0,4328.0
cup,Persist,lodo_target_day,mask_area_future,trial2,2,10,14,32723.0,42765.0,32723.0,10042.0
cup,Persist,lodo_target_day,mask_area_future,trial2,2,11,15,37249.0,44730.0,37249.0,7481.0
cup,Persist,lodo_target_day,mask_area_future,trial2,3,1,5,31948.0,31994.0,31948.0,46.0
cup,Persist,lodo_target_day,mask_area_future,trial2,3,2,6,31650.0,32677.0,31650.0,1027.0
cup,Persist,lodo_target_day,mask_area_future,trial2,3,3,7,44765.0,40230.0,44765.0,4535.0
cup,Persist,lodo_target_day,mask_area_future,trial2,3,4,8,31644.0,39877.0,31644.0,8233.0
cup,Persist,lodo_target_day,mask_area_future,trial2,3,5,9,31994.0,43212.0,31994.0,11218.0
cup,Persist,lodo_target_day,mask_area_future,trial2,3,6,10,32677.0,43376.0,32677.0,10699.0
cup,Persist,lodo_target_day,mask_area_future,trial2,3,7,11,40230.0,37275.0,40230.0,2955.0
cup,Persist,lodo_target_day,mask_area_future,trial2,3,8,12,39877.0,39721.0,39877.0,156.0
cup,Persist,lodo_target_day,mask_area_future,trial2,3,9,13,43212.0,40961.0,43212.0,2251.0
cup,Persist,lodo_target_day,mask_area_future,trial2,3,10,14,43376.0,43679.0,43376.0,303.0
cup,Persist,lodo_target_day,mask_area_future,trial2,3,11,15,37275.0,44880.0,37275.0,7605.0
cup,Persist,lodo_target_day,mask_area_future,trial2,3,12,16,39721.0,43022.0,39721.0,3301.0
cup,Persist,lodo_target_day,mask_area_future,trial2,4,1,5,44781.0,44933.0,44781.0,152.0
cup,Persist,lodo_target_day,mask_area_future,trial2,4,2,6,43709.0,44608.0,43709.0,899.0
cup,Persist,lodo_target_day,mask_area_future,trial2,4,5,9,44933.0,42721.0,44933.0,2212.0
cup,Persist,lodo_target_day,mask_area_future,trial2,4,6,10,44608.0,44743.0,44608.0,135.0
cup,Persist,lodo_target_day,mask_area_future,trial2,4,9,13,42721.0,44627.0,42721.0,1906.0
cup,Persist,lodo_target_day,mask_area_future,trial2,4,10,14,44743.0,43942.0,44743.0,801.0
cup,Persist,lodo_target_day,mask_area_future,trial2,4,12,16,44607.0,42086.0,44607.0,2521.0
cup,Persist,lodo_target_day,mask_area_future,trial2,5,1,5,30842.0,30719.0,30842.0,123.0
cup,Persist,lodo_target_day,mask_area_future,trial2,5,2,6,31103.0,30750.0,31103.0,353.0
cup,Persist,lodo_target_day,mask_area_future,trial2,5,3,7,31012.0,37057.0,31012.0,6045.0
cup,Persist,lodo_target_day,mask_area_future,trial2,5,4,8,31206.0,35819.0,31206.0,4613.0
cup,Persist,lodo_target_day,mask_area_future,trial2,5,5,9,30719.0,38910.0,30719.0,8191.0
cup,Persist,lodo_target_day,mask_area_future,trial2,5,6,10,30750.0,37743.0,30750.0,6993.0
cup,Persist,lodo_target_day,mask_area_future,trial2,5,7,11,37057.0,34928.0,37057.0,2129.0
cup,Persist,lodo_target_day,mask_area_future,trial2,5,8,12,35819.0,33689.0,35819.0,2130.0
cup,Persist,lodo_target_day,mask_area_future,trial2,5,11,15,34928.0,44451.0,34928.0,9523.0
cup,Persist,lodo_target_day,mask_area_future,trial2,6,1,5,68393.0,63266.0,68393.0,5127.0
cup,Persist,lodo_target_day,mask_area_future,trial2,6,2,6,64674.0,64622.0,64674.0,52.0
cup,Persist,lodo_target_day,mask_area_future,trial2,6,5,9,63266.0,73021.0,63266.0,9755.0
cup,Persist,lodo_target_day,mask_area_future,trial2,6,6,10,64622.0,73411.0,64622.0,8789.0
cup,Persist,lodo_target_day,mask_area_future,trial2,6,9,13,73021.0,75553.0,73021.0,2532.0
cup,Persist,lodo_target_day,mask_area_future,trial2,6,10,14,73411.0,71507.0,73411.0,1904.0
cup,Persist,lodo_target_day,mask_area_future,trial2,6,11,15,73219.0,68578.0,73219.0,4641.0
cup,Persist,lodo_target_day,mask_area_future,trial2,6,12,16,75702.0,67064.0,75702.0,8638.0
cup,Persist,lodo_target_day,mask_area_future,trial2,7,1,5,25235.0,25530.0,25235.0,295.0
cup,Persist,lodo_target_day,mask_area_future,trial2,7,2,6,25104.0,25735.0,25104.0,631.0
cup,Persist,lodo_target_day,mask_area_future,trial2,7,3,7,25285.0,26238.0,25285.0,953.0
cup,Persist,lodo_target_day,mask_area_future,trial2,7,4,8,25263.0,26083.0,25263.0,820.0
cup,Persist,lodo_target_day,mask_area_future,trial2,7,5,9,25530.0,26737.0,25530.0,1207.0
cup,Persist,lodo_target_day,mask_area_future,trial2,8,1,5,33102.0,33665.0,33102.0,563.0
cup,Persist,lodo_target_day,mask_area_future,trial2,8,2,6,36268.0,34810.0,36268.0,1458.0
cup,Persist,lodo_target_day,mask_area_future,trial2,8,4,8,35796.0,33483.0,35796.0,2313.0
cup,Persist,lodo_target_day,mask_area_future,trial2,8,5,9,33665.0,44588.0,33665.0,10923.0
cup,Persist,lodo_target_day,mask_area_future,trial2,8,6,10,34810.0,42877.0,34810.0,8067.0
cup,Persist,lodo_target_day,mask_area_future,trial2,8,8,12,33483.0,35586.0,33483.0,2103.0
cup,Persist,lodo_target_day,mask_area_future,trial2,8,9,13,44588.0,40708.0,44588.0,3880.0
cup,Persist,lodo_target_day,mask_area_future,trial2,8,10,14,42877.0,43816.0,42877.0,939.0
cup,Persist,lodo_target_day,mask_area_future,trial2,8,11,15,37178.0,44485.0,37178.0,7307.0
cup,Persist,lodo_target_day,mask_area_future,trial2,8,12,16,35586.0,44561.0,35586.0,8975.0
cup,Persist,lodo_target_day,mask_area_future,trial2,9,1,5,22788.0,26083.0,22788.0,3295.0
cup,Persist,lodo_target_day,mask_area_future,trial2,9,2,6,25834.0,25534.0,25834.0,300.0
cup,Persist,lodo_target_day,mask_area_future,trial2,9,4,8,25275.0,44366.0,25275.0,19091.0
cup,Persist,lodo_target_day,mask_area_future,trial2,12,10,14,66025.0,83741.0,66025.0,17716.0
cup,GrowMean,lodo_target_day,mask_area_future,trial1,1,19,23,28645.0,33013.0,29564.076923076922,3448.923076923078
cup,GrowMean,lodo_target_day,mask_area_future,trial1,1,22,26,41915.0,31691.0,43631.169642857145,11940.169642857145
cup,GrowMean,lodo_target_day,mask_area_future,trial1,2,19,23,24715.0,35688.0,25634.076923076922,10053.923076923078
cup,GrowMean,lodo_target_day,mask_area_future,trial1,2,21,25,39838.0,32030.0,41480.04424778761,9450.044247787613
cup,GrowMean,lodo_target_day,mask_area_future,trial1,2,23,27,35688.0,29755.0,37026.05263157895,7271.052631578947
cup,GrowMean,lodo_target_day,mask_area_future,trial1,4,18,22,14385.0,27935.0,15461.817391304348,12473.182608695652
cup,GrowMean,lodo_target_day,mask_area_future,trial1,4,19,23,28069.0,31875.0,28988.076923076922,2886.923076923078
cup,GrowMean,lodo_target_day,mask_area_future,trial1,4,21,25,33740.0,19194.0,35382.04424778761,16188.044247787613
cup,GrowMean,lodo_target_day,mask_area_future,trial1,4,22,26,27935.0,19897.0,29651.16964285714,9754.169642857141
cup,GrowMean,lodo_target_day,mask_area_future,trial1,4,23,27,31875.0,27892.0,33213.05263157895,5321.052631578947
cup,GrowMean,lodo_target_day,mask_area_future,trial1,5,18,22,23134.0,32578.0,24210.817391304347,8367.182608695653
cup,GrowMean,lodo_target_day,mask_area_future,trial1,5,21,25,32279.0,23181.0,33921.04424778761,10740.044247787613
cup,GrowMean,lodo_target_day,mask_area_future,trial1,5,22,26,32578.0,14280.0,34294.169642857145,20014.169642857145
cup,GrowMean,lodo_target_day,mask_area_future,trial1,6,19,23,30319.0,32650.0,31238.076923076922,1411.923076923078
cup,GrowMean,lodo_target_day,mask_area_future,trial1,6,21,25,41227.0,35715.0,42869.04424778761,7154.044247787613
cup,GrowMean,lodo_target_day,mask_area_future,trial1,6,22,26,30771.0,44352.0,32487.16964285714,11864.830357142859
cup,GrowMean,lodo_target_day,mask_area_future,trial1,6,23,27,32650.0,33385.0,33988.05263157895,603.0526315789466
cup,GrowMean,lodo_target_day,mask_area_future,trial1,7,5,9,40882.0,44642.0,41597.32432432433,3044.675675675673
cup,GrowMean,lodo_target_day,mask_area_future,trial1,7,18,22,37889.0,31077.0,38965.81739130435,7888.81739130435
cup,GrowMean,lodo_target_day,mask_area_future,trial1,7,21,25,35028.0,29068.0,36670.04424778761,7602.044247787613
cup,GrowMean,lodo_target_day,mask_area_future,trial1,7,22,26,31077.0,18552.0,32793.169642857145,14241.169642857145
cup,GrowMean,lodo_target_day,mask_area_future,trial1,7,23,27,33473.0,34065.0,34811.05263157895,746.0526315789466
cup,GrowMean,lodo_target_day,mask_area_future,trial1,8,1,5,40430.0,38146.0,41581.78899082569,3435.788990825691
cup,GrowMean,lodo_target_day,mask_area_future,trial1,8,22,26,39590.0,33117.0,41306.169642857145,8189.169642857145
cup,GrowMean,lodo_target_day,mask_area_future,trial1,8,23,27,42584.0,33411.0,43922.05263157895,10511.052631578947
cup,GrowMean,lodo_target_day,mask_area_future,trial1,9,18,22,37663.0,36623.0,38739.81739130435,2116.81739130435
cup,GrowMean,lodo_target_day,mask_area_future,trial1,9,21,25,42941.0,35789.0,44583.04424778761,8794.044247787613
cup,GrowMean,lodo_target_day,mask_area_future,trial1,9,22,26,36623.0,36021.0,38339.169642857145,2318.169642857145
cup,GrowMean,lodo_target_day,mask_area_future,trial1,9,23,27,39214.0,38813.0,40552.05263157895,1739.0526315789466
cup,GrowMean,lodo_target_day,mask_area_future,trial1,11,1,5,44849.0,42648.0,46000.78899082569,3352.788990825691
cup,GrowMean,lodo_target_day,mask_area_future,trial1,11,2,6,44514.0,41506.0,45598.54954954955,4092.549549549549
cup,GrowMean,lodo_target_day,mask_area_future,trial1,11,3,7,44603.0,42927.0,45586.973913043475,2659.9739130434755
cup,GrowMean,lodo_target_day,mask_area_future,trial1,11,4,8,44733.0,41210.0,45546.38938053097,4336.389380530971
cup,GrowMean,lodo_target_day,mask_area_future,trial1,11,5,9,42648.0,39268.0,43363.32432432433,4095.324324324327
cup,GrowMean,lodo_target_day,mask_area_future,trial1,11,18,22,38546.0,32926.0,39622.81739130435,6696.81739130435
cup,GrowMean,lodo_target_day,mask_area_future,trial1,11,21,25,39838.0,38744.0,41480.04424778761,2736.044247787613
cup,GrowMean,lodo_target_day,mask_area_future,trial1,11,22,26,32926.0,32097.0,34642.169642857145,2545.169642857145
cup,GrowMean,lodo_target_day,mask_area_future,trial1,11,23,27,44708.0,39343.0,46046.05263157895,6703.052631578947
cup,GrowMean,lodo_target_day,mask_area_future,trial1,12,18,22,42025.0,37679.0,43101.81739130435,5422.81739130435
cup,GrowMean,lodo_target_day,mask_area_future,trial1,12,21,25,40298.0,34927.0,41940.04424778761,7013.044247787613
cup,GrowMean,lodo_target_day,mask_area_future,trial1,12,22,26,37679.0,17886.0,39395.169642857145,21509.169642857145
cup,GrowMean,lodo_target_day,mask_area_future,trial1,14,0,4,76366.0,81850.0,77395.38333333333,4454.616666666669
cup,GrowMean,lodo_target_day,mask_area_future,trial1,14,1,5,75818.0,71535.0,76969.78899082569,5434.788990825691
cup,GrowMean,lodo_target_day,mask_area_future,trial2,1,1,5,30027.0,26996.0,31178.788990825688,4182.7889908256875
cup,GrowMean,lodo_target_day,mask_area_future,trial2,1,2,6,28792.0,30866.0,29876.54954954955,989.4504504504512
cup,GrowMean,lodo_target_day,mask_area_future,trial2,1,3,7,27671.0,32033.0,28654.97391304348,3378.026086956521
cup,GrowMean,lodo_target_day,mask_area_future,trial2,1,4,8,31854.0,31893.0,32667.389380530974,774.3893805309744
cup,GrowMean,lodo_target_day,mask_area_future,trial2,1,5,9,26996.0,33318.0,27711.324324324323,5606.675675675677
cup,GrowMean,lodo_target_day,mask_area_future,trial2,1,6,10,30866.0,39044.0,31653.42105263158,7390.57894736842
cup,GrowMean,lodo_target_day,mask_area_future,trial2,1,7,11,32033.0,36797.0,33134.80341880342,3662.1965811965783
cup,GrowMean,lodo_target_day,mask_area_future,trial2,1,8,12,31893.0,36984.0,32953.793103448275,4030.2068965517246
cup,GrowMean,lodo_target_day,mask_area_future,trial2,1,9,13,33318.0,41829.0,34342.90434782609,7486.095652173914
cup,GrowMean,lodo_target_day,mask_area_future,trial2,1,10,14,39044.0,41624.0,39922.37719298246,1701.622807017542
cup,GrowMean,lodo_target_day,mask_area_future,trial2,1,11,15,36797.0,41946.0,37636.87826086956,4309.121739130438
cup,GrowMean,lodo_target_day,mask_area_future,trial2,1,12,16,36984.0,43614.0,38029.370689655174,5584.629310344826
cup,GrowMean,lodo_target_day,mask_area_future,trial2,2,1,5,18058.0,34221.0,19209.788990825688,15011.211009174312
cup,GrowMean,lodo_target_day,mask_area_future,trial2,2,2,6,27175.0,36340.0,28259.54954954955,8080.450450450451
cup,GrowMean,lodo_target_day,mask_area_future,trial2,2,3,7,26126.0,36830.0,27109.97391304348,9720.02608695652
cup,GrowMean,lodo_target_day,mask_area_future,trial2,2,4,8,27384.0,37521.0,28197.389380530974,9323.610619469026
cup,GrowMean,lodo_target_day,mask_area_future,trial2,2,5,9,34221.0,38046.0,34936.32432432433,3109.675675675673
cup,GrowMean,lodo_target_day,mask_area_future,trial2,2,6,10,36340.0,32723.0,37127.42105263158,4404.42105263158
cup,GrowMean,lodo_target_day,mask_area_future,trial2,2,7,11,36830.0,37249.0,37931.80341880342,682.8034188034217
cup,GrowMean,lodo_target_day,mask_area_future,trial2,2,8,12,37521.0,38571.0,38581.793103448275,10.79310344827536
cup,GrowMean,lodo_target_day,mask_area_future,trial2,2,9,13,38046.0,42374.0,39070.90434782609,3303.0956521739135
cup,GrowMean,lodo_target_day,mask_area_future,trial2,2,10,14,32723.0,42765.0,33601.37719298246,9163.622807017542
cup,GrowMean,lodo_target_day,mask_area_future,trial2,2,11,15,37249.0,44730.0,38088.87826086956,6641.121739130438
cup,GrowMean,lodo_target_day,mask_area_future,trial2,3,1,5,31948.0,31994.0,33099.78899082569,1105.7889908256911
cup,GrowMean,lodo_target_day,mask_area_future,trial2,3,2,6,31650.0,32677.0,32734.54954954955,57.54954954954883
cup,GrowMean,lodo_target_day,mask_area_future,trial2,3,3,7,44765.0,40230.0,45748.973913043475,5518.9739130434755
cup,GrowMean,lodo_target_day,mask_area_future,trial2,3,4,8,31644.0,39877.0,32457.389380530974,7419.610619469026
cup,GrowMean,lodo_target_day,mask_area_future,trial2,3,5,9,31994.0,43212.0,32709.324324324323,10502.675675675677
cup,GrowMean,lodo_target_day,mask_area_future,trial2,3,6,10,32677.0,43376.0,33464.42105263158,9911.57894736842
cup,GrowMean,lodo_target_day,mask_area_future,trial2,3,7,11,40230.0,37275.0,41331.80341880342,4056.8034188034217
cup,GrowMean,lodo_target_day,mask_area_future,trial2,3,8,12,39877.0,39721.0,40937.793103448275,1216.7931034482754
cup,GrowMean,lodo_target_day,mask_area_future,trial2,3,9,13,43212.0,40961.0,44236.90434782609,3275.9043478260865
cup,GrowMean,lodo_target_day,mask_area_future,trial2,3,10,14,43376.0,43679.0,44254.37719298246,575.3771929824579
cup,GrowMean,lodo_target_day,mask_area_future,trial2,3,11,15,37275.0,44880.0,38114.87826086956,6765.121739130438
cup,GrowMean,lodo_target_day,mask_area_future,trial2,3,12,16,39721.0,43022.0,40766.370689655174,2255.629310344826
cup,GrowMean,lodo_target_day,mask_area_future,trial2,4,1,5,44781.0,44933.0,45932.78899082569,999.7889908256911
cup,GrowMean,lodo_target_day,mask_area_future,trial2,4,2,6,43709.0,44608.0,44793.54954954955,185.54954954954883
cup,GrowMean,lodo_target_day,mask_area_future,trial2,4,5,9,44933.0,42721.0,45648.32432432433,2927.324324324327
cup,GrowMean,lodo_target_day,mask_area_future,trial2,4,6,10,44608.0,44743.0,45395.42105263158,652.4210526315801
cup,GrowMean,lodo_target_day,mask_area_future,trial2,4,9,13,42721.0,44627.0,43745.90434782609,881.0956521739135
cup,GrowMean,lodo_target_day,mask_area_future,trial2,4,10,14,44743.0,43942.0,45621.37719298246,1679.377192982458
cup,GrowMean,lodo_target_day,mask_area_future,trial2,4,12,16,44607.0,42086.0,45652.370689655174,3566.370689655174
cup,GrowMean,lodo_target_day,mask_area_future,trial2,5,1,5,30842.0,30719.0,31993.788990825688,1274.7889908256875
cup,GrowMean,lodo_target_day,mask_area_future,trial2,5,2,6,31103.0,30750.0,32187.54954954955,1437.5495495495488
cup,GrowMean,lodo_target_day,mask_area_future,trial2,5,3,7,31012.0,37057.0,31995.97391304348,5061.026086956521
cup,GrowMean,lodo_target_day,mask_area_future,trial2,5,4,8,31206.0,35819.0,32019.389380530974,3799.6106194690256
cup,GrowMean,lodo_target_day,mask_area_future,trial2,5,5,9,30719.0,38910.0,31434.324324324323,7475.675675675677
cup,GrowMean,lodo_target_day,mask_area_future,trial2,5,6,10,30750.0,37743.0,31537.42105263158,6205.57894736842
cup,GrowMean,lodo_target_day,mask_area_future,trial2,5,7,11,37057.0,34928.0,38158.80341880342,3230.8034188034217
cup,GrowMean,lodo_target_day,mask_area_future,trial2,5,8,12,35819.0,33689.0,36879.793103448275,3190.7931034482754
cup,GrowMean,lodo_target_day,mask_area_future,trial2,5,11,15,34928.0,44451.0,35767.87826086956,8683.121739130438
cup,GrowMean,lodo_target_day,mask_area_future,trial2,6,1,5,68393.0,63266.0,69544.78899082569,6278.788990825691
cup,GrowMean,lodo_target_day,mask_area_future,trial2,6,2,6,64674.0,64622.0,65758.54954954956,1136.549549549556
cup,GrowMean,lodo_target_day,mask_area_future,trial2,6,5,9,63266.0,73021.0,63981.32432432433,9039.675675675673
cup,GrowMean,lodo_target_day,mask_area_future,trial2,6,6,10,64622.0,73411.0,65409.42105263158,8001.57894736842
cup,GrowMean,lodo_target_day,mask_area_future,trial2,6,9,13,73021.0,75553.0,74045.90434782609,1507.0956521739135
cup,GrowMean,lodo_target_day,mask_area_future,trial2,6,10,14,73411.0,71507.0,74289.37719298246,2782.377192982458
cup,GrowMean,lodo_target_day,mask_area_future,trial2,6,11,15,73219.0,68578.0,74058.87826086956,5480.878260869562
cup,GrowMean,lodo_target_day,mask_area_future,trial2,6,12,16,75702.0,67064.0,76747.37068965517,9683.370689655174
cup,GrowMean,lodo_target_day,mask_area_future,trial2,7,1,5,25235.0,25530.0,26386.788990825688,856.7889908256875
cup,GrowMean,lodo_target_day,mask_area_future,trial2,7,2,6,25104.0,25735.0,26188.54954954955,453.54954954954883
cup,GrowMean,lodo_target_day,mask_area_future,trial2,7,3,7,25285.0,26238.0,26268.97391304348,30.973913043479115
cup,GrowMean,lodo_target_day,mask_area_future,trial2,7,4,8,25263.0,26083.0,26076.389380530974,6.610619469025551
cup,GrowMean,lodo_target_day,mask_area_future,trial2,7,5,9,25530.0,26737.0,26245.324324324323,491.67567567567676
cup,GrowMean,lodo_target_day,mask_area_future,trial2,8,1,5,33102.0,33665.0,34253.78899082569,588.7889908256911
cup,GrowMean,lodo_target_day,mask_area_future,trial2,8,2,6,36268.0,34810.0,37352.54954954955,2542.549549549549
cup,GrowMean,lodo_target_day,mask_area_future,trial2,8,4,8,35796.0,33483.0,36609.38938053097,3126.389380530971
cup,GrowMean,lodo_target_day,mask_area_future,trial2,8,5,9,33665.0,44588.0,34380.32432432433,10207.675675675673
cup,GrowMean,lodo_target_day,mask_area_future,trial2,8,6,10,34810.0,42877.0,35597.42105263158,7279.57894736842
cup,GrowMean,lodo_target_day,mask_area_future,trial2,8,8,12,33483.0,35586.0,34543.793103448275,1042.2068965517246
cup,GrowMean,lodo_target_day,mask_area_future,trial2,8,9,13,44588.0,40708.0,45612.90434782609,4904.904347826086
cup,GrowMean,lodo_target_day,mask_area_future,trial2,8,10,14,42877.0,43816.0,43755.37719298246,60.62280701754207
cup,GrowMean,lodo_target_day,mask_area_future,trial2,8,11,15,37178.0,44485.0,38017.87826086956,6467.121739130438
cup,GrowMean,lodo_target_day,mask_area_future,trial2,8,12,16,35586.0,44561.0,36631.370689655174,7929.629310344826
cup,GrowMean,lodo_target_day,mask_area_future,trial2,9,1,5,22788.0,26083.0,23939.788990825688,2143.2110091743125
cup,GrowMean,lodo_target_day,mask_area_future,trial2,9,2,6,25834.0,25534.0,26918.54954954955,1384.5495495495488
cup,GrowMean,lodo_target_day,mask_area_future,trial2,9,4,8,25275.0,44366.0,26088.389380530974,18277.610619469026
cup,GrowMean,lodo_target_day,mask_area_future,trial2,12,10,14,66025.0,83741.0,66903.37719298246,16837.622807017542
cup,Ridge,lodo_target_day,mask_area_future,trial1,1,19,23,28645.0,33013.0,33876.74850367443,863.7485036744329
cup,Ridge,lodo_target_day,mask_area_future,trial1,1,22,26,41915.0,31691.0,33831.50564730026,2140.5056473002624
cup,Ridge,lodo_target_day,mask_area_future,trial1,2,19,23,24715.0,35688.0,28526.053718457602,7161.946281542398
cup,Ridge,lodo_target_day,mask_area_future,trial1,2,21,25,39838.0,32030.0,33691.93197116155,1661.9319711615535
cup,Ridge,lodo_target_day,mask_area_future,trial1,2,23,27,35688.0,29755.0,25576.539672852938,4178.460327147062
cup,Ridge,lodo_target_day,mask_area_future,trial1,4,18,22,14385.0,27935.0,19035.255384094406,8899.744615905594
cup,Ridge,lodo_target_day,mask_area_future,trial1,4,19,23,28069.0,31875.0,30603.976349983364,1271.0236500166357
cup,Ridge,lodo_target_day,mask_area_future,trial1,4,21,25,33740.0,19194.0,31628.48598407766,12434.485984077659
cup,Ridge,lodo_target_day,mask_area_future,trial1,4,22,26,27935.0,19897.0,18334.207707575297,1562.7922924247032
cup,Ridge,lodo_target_day,mask_area_future,trial1,4,23,27,31875.0,27892.0,22495.680283275935,5396.319716724065
cup,Ridge,lodo_target_day,mask_area_future,trial1,5,18,22,23134.0,32578.0,23120.492425317658,9457.507574682342
cup,Ridge,lodo_target_day,mask_area_future,trial1,5,21,25,32279.0,23181.0,29623.898135378207,6442.898135378207
cup,Ridge,lodo_target_day,mask_area_future,trial1,5,22,26,32578.0,14280.0,25223.189777814536,10943.189777814536
cup,Ridge,lodo_target_day,mask_area_future,trial1,6,19,23,30319.0,32650.0,32086.792808105805,563.2071918941947
cup,Ridge,lodo_target_day,mask_area_future,trial1,6,21,25,41227.0,35715.0,33626.844483241926,2088.1555167580736
cup,Ridge,lodo_target_day,mask_area_future,trial1,6,22,26,30771.0,44352.0,30051.42291298032,14300.57708701968
cup,Ridge,lodo_target_day,mask_area_future,trial1,6,23,27,32650.0,33385.0,30271.035557901683,3113.964442098317
cup,Ridge,lodo_target_day,mask_area_future,trial1,7,5,9,40882.0,44642.0,40743.14158842843,3898.858411571571
cup,Ridge,lodo_target_day,mask_area_future,trial1,7,18,22,37889.0,31077.0,33848.52926568574,2771.529265685742
cup,Ridge,lodo_target_day,mask_area_future,trial1,7,21,25,35028.0,29068.0,32145.464621439398,3077.464621439398
cup,Ridge,lodo_target_day,mask_area_future,trial1,7,22,26,31077.0,18552.0,29700.544960901447,11148.544960901447
cup,Ridge,lodo_target_day,mask_area_future,trial1,7,23,27,33473.0,34065.0,24455.889454137745,9609.110545862255
cup,Ridge,lodo_target_day,mask_area_future,trial1,8,1,5,40430.0,38146.0,45696.96567557289,7550.9656755728865
cup,Ridge,lodo_target_day,mask_area_future,trial1,8,22,26,39590.0,33117.0,32570.464120450997,546.5358795490029
cup,Ridge,lodo_target_day,mask_area_future,trial1,8,23,27,42584.0,33411.0,36767.694254194525,3356.6942541945245
cup,Ridge,lodo_target_day,mask_area_future,trial1,9,18,22,37663.0,36623.0,33683.42843661833,2939.5715633816726
cup,Ridge,lodo_target_day,mask_area_future,trial1,9,21,25,42941.0,35789.0,39800.69046693496,4011.6904669349606
cup,Ridge,lodo_target_day,mask_area_future,trial1,9,22,26,36623.0,36021.0,32116.68500060401,3904.3149993959887
cup,Ridge,lodo_target_day,mask_area_future,trial1,9,23,27,39214.0,38813.0,33914.502307571754,4898.4976924282455
cup,Ridge,lodo_target_day,mask_area_future,trial1,11,1,5,44849.0,42648.0,46112.035230576315,3464.0352305763154
cup,Ridge,lodo_target_day,mask_area_future,trial1,11,2,6,44514.0,41506.0,44380.94004636526,2874.9400463652564
cup,Ridge,lodo_target_day,mask_area_future,trial1,11,3,7,44603.0,42927.0,43665.16956865679,738.169568656791
cup,Ridge,lodo_target_day,mask_area_future,trial1,11,4,8,44733.0,41210.0,43235.88232075691,2025.8823207569076
cup,Ridge,lodo_target_day,mask_area_future,trial1,11,5,9,42648.0,39268.0,44296.6557420633,5028.6557420633035
cup,Ridge,lodo_target_day,mask_area_future,trial1,11,18,22,38546.0,32926.0,34486.28173721702,1560.2817372170175
cup,Ridge,lodo_target_day,mask_area_future,trial1,11,21,25,39838.0,38744.0,40717.48492777803,1973.4849277780304
cup,Ridge,lodo_target_day,mask_area_future,trial1,11,22,26,32926.0,32097.0,30663.45069157007,1433.5493084299305
cup,Ridge,lodo_target_day,mask_area_future,trial1,11,23,27,44708.0,39343.0,37166.49736164449,2176.5026383555087
cup,Ridge,lodo_target_day,mask_area_future,trial1,12,18,22,42025.0,37679.0,37201.286433097,477.7135669030031
cup,Ridge,lodo_target_day,mask_area_future,trial1,12,21,25,40298.0,34927.0,33549.06723755213,1377.9327624478683
cup,Ridge,lodo_target_day,mask_area_future,trial1,12,22,26,37679.0,17886.0,33991.968258372464,16105.968258372464
cup,Ridge,lodo_target_day,mask_area_future,trial1,14,0,4,76366.0,81850.0,67157.67881079558,14692.32118920442
cup,Ridge,lodo_target_day,mask_area_future,trial1,14,1,5,75818.0,71535.0,71915.21077639448,380.2107763944805
cup,Ridge,lodo_target_day,mask_area_future,trial2,1,1,5,30027.0,26996.0,35395.04682408559,8399.046824085592
cup,Ridge,lodo_target_day,mask_area_future,trial2,1,2,6,28792.0,30866.0,31370.241639866774,504.24163986677377
cup,Ridge,lodo_target_day,mask_area_future,trial2,1,3,7,27671.0,32033.0,34713.78204207822,2680.7820420782227
cup,Ridge,lodo_target_day,mask_area_future,trial2,1,4,8,31854.0,31893.0,36814.61834452463,4921.618344524628
cup,Ridge,lodo_target_day,mask_area_future,trial2,1,5,9,26996.0,33318.0,33368.878547516804,50.87854751680425
cup,Ridge,lodo_target_day,mask_area_future,trial2,1,6,10,30866.0,39044.0,35416.149503884095,3627.850496115905
cup,Ridge,lodo_target_day,mask_area_future,trial2,1,7,11,32033.0,36797.0,35444.94197333881,1352.058026661187
cup,Ridge,lodo_target_day,mask_area_future,trial2,1,8,12,31893.0,36984.0,35853.30047332587,1130.6995266741287
cup,Ridge,lodo_target_day,mask_area_future,trial2,1,9,13,33318.0,41829.0,38783.1116088018,3045.8883911981975
cup,Ridge,lodo_target_day,mask_area_future,trial2,1,10,14,39044.0,41624.0,47664.01485725782,6040.014857257818
cup,Ridge,lodo_target_day,mask_area_future,trial2,1,11,15,36797.0,41946.0,40133.21086124304,1812.7891387569616
cup,Ridge,lodo_target_day,mask_area_future,trial2,1,12,16,36984.0,43614.0,44274.03353523325,660.0335352332477
cup,Ridge,lodo_target_day,mask_area_future,trial2,2,1,5,18058.0,34221.0,26385.216111719958,7835.783888280042
cup,Ridge,lodo_target_day,mask_area_future,trial2,2,2,6,27175.0,36340.0,29986.32261536132,6353.677384638679
cup,Ridge,lodo_target_day,mask_area_future,trial2,2,3,7,26126.0,36830.0,33290.91519339516,3539.084806604842
cup,Ridge,lodo_target_day,mask_area_future,trial2,2,4,8,27384.0,37521.0,33186.68459859313,4334.315401406871
cup,Ridge,lodo_target_day,mask_area_future,trial2,2,5,9,34221.0,38046.0,33903.18312349907,4142.816876500932
cup,Ridge,lodo_target_day,mask_area_future,trial2,2,6,10,36340.0,32723.0,37820.169853629624,5097.169853629624
cup,Ridge,lodo_target_day,mask_area_future,trial2,2,7,11,36830.0,37249.0,36267.882501763816,981.1174982361845
cup,Ridge,lodo_target_day,mask_area_future,trial2,2,8,12,37521.0,38571.0,37388.21950503067,1182.780494969331
cup,Ridge,lodo_target_day,mask_area_future,trial2,2,9,13,38046.0,42374.0,43068.414982990405,694.4149829904054
cup,Ridge,lodo_target_day,mask_area_future,trial2,2,10,14,32723.0,42765.0,38767.53745921171,3997.4625407882922
cup,Ridge,lodo_target_day,mask_area_future,trial2,2,11,15,37249.0,44730.0,41903.210338806166,2826.789661193834
cup,Ridge,lodo_target_day,mask_area_future,trial2,3,1,5,31948.0,31994.0,36911.18052095392,4917.180520953923
cup,Ridge,lodo_target_day,mask_area_future,trial2,3,2,6,31650.0,32677.0,33737.03739155519,1060.03739155519
cup,Ridge,lodo_target_day,mask_area_future,trial2,3,3,7,44765.0,40230.0,46211.02660759582,5981.026607595821
cup,Ridge,lodo_target_day,mask_area_future,trial2,3,4,8,31644.0,39877.0,37037.46477396618,2839.5352260338186
cup,Ridge,lodo_target_day,mask_area_future,trial2,3,5,9,31994.0,43212.0,37229.4933950972,5982.506604902803
cup,Ridge,lodo_target_day,mask_area_future,trial2,3,6,10,32677.0,43376.0,37495.76221214235,5880.237787857652
cup,Ridge,lodo_target_day,mask_area_future,trial2,3,7,11,40230.0,37275.0,45324.53320515944,8049.533205159438
cup,Ridge,lodo_target_day,mask_area_future,trial2,3,8,12,39877.0,39721.0,39973.55891891843,252.55891891843203
cup,Ridge,lodo_target_day,mask_area_future,trial2,3,9,13,43212.0,40961.0,45773.154099184576,4812.154099184576
cup,Ridge,lodo_target_day,mask_area_future,trial2,3,10,14,43376.0,43679.0,46838.28088455358,3159.2808845535765
cup,Ridge,lodo_target_day,mask_area_future,trial2,3,11,15,37275.0,44880.0,42977.38687253019,1902.6131274698128
cup,Ridge,lodo_target_day,mask_area_future,trial2,3,12,16,39721.0,43022.0,48514.95252102647,5492.952521026469
cup,Ridge,lodo_target_day,mask_area_future,trial2,4,1,5,44781.0,44933.0,44231.79394598738,701.2060540126186
cup,Ridge,lodo_target_day,mask_area_future,trial2,4,2,6,43709.0,44608.0,40541.36156606806,4066.638433931941
cup,Ridge,lodo_target_day,mask_area_future,trial2,4,5,9,44933.0,42721.0,47255.07842539681,4534.078425396809
cup,Ridge,lodo_target_day,mask_area_future,trial2,4,6,10,44608.0,44743.0,46381.279087560804,1638.2790875608043
cup,Ridge,lodo_target_day,mask_area_future,trial2,4,9,13,42721.0,44627.0,48775.83051252966,4148.830512529661
cup,Ridge,lodo_target_day,mask_area_future,trial2,4,10,14,44743.0,43942.0,49903.2930029289,5961.293002928898
cup,Ridge,lodo_target_day,mask_area_future,trial2,4,12,16,44607.0,42086.0,50833.402629288474,8747.402629288474
cup,Ridge,lodo_target_day,mask_area_future,trial2,5,1,5,30842.0,30719.0,36943.99997144014,6224.999971440142
cup,Ridge,lodo_target_day,mask_area_future,trial2,5,2,6,31103.0,30750.0,34214.41790377261,3464.4179037726135
cup,Ridge,lodo_target_day,mask_area_future,trial2,5,3,7,31012.0,37057.0,38165.48911390947,1108.4891139094689
cup,Ridge,lodo_target_day,mask_area_future,trial2,5,4,8,31206.0,35819.0,37418.87514549375,1599.875145493752
cup,Ridge,lodo_target_day,mask_area_future,trial2,5,5,9,30719.0,38910.0,36839.43745103044,2070.5625489695594
cup,Ridge,lodo_target_day,mask_area_future,trial2,5,6,10,30750.0,37743.0,36887.98785663354,855.0121433664608
cup,Ridge,lodo_target_day,mask_area_future,trial2,5,7,11,37057.0,34928.0,38155.67631281185,3227.6763128118473
cup,Ridge,lodo_target_day,mask_area_future,trial2,5,8,12,35819.0,33689.0,36759.85199953175,3070.8519995317474
cup,Ridge,lodo_target_day,mask_area_future,trial2,5,11,15,34928.0,44451.0,40420.20060841218,4030.799391587818
cup,Ridge,lodo_target_day,mask_area_future,trial2,6,1,5,68393.0,63266.0,60901.55029356125,2364.449706438747
cup,Ridge,lodo_target_day,mask_area_future,trial2,6,2,6,64674.0,64622.0,54671.47858933575,9950.521410664252
cup,Ridge,lodo_target_day,mask_area_future,trial2,6,5,9,63266.0,73021.0,64724.814369688436,8296.185630311564
cup,Ridge,lodo_target_day,mask_area_future,trial2,6,6,10,64622.0,73411.0,63617.85201534844,9793.147984651558
cup,Ridge,lodo_target_day,mask_area_future,trial2,6,9,13,73021.0,75553.0,71339.6621948981,4213.337805101895
cup,Ridge,lodo_target_day,mask_area_future,trial2,6,10,14,73411.0,71507.0,74358.4555864821,2851.4555864821014
cup,Ridge,lodo_target_day,mask_area_future,trial2,6,11,15,73219.0,68578.0,66271.56313322845,2306.436866771546
cup,Ridge,lodo_target_day,mask_area_future,trial2,6,12,16,75702.0,67064.0,73063.03137415851,5999.031374158512
cup,Ridge,lodo_target_day,mask_area_future,trial2,7,1,5,25235.0,25530.0,30561.038258553992,5031.038258553992
cup,Ridge,lodo_target_day,mask_area_future,trial2,7,2,6,25104.0,25735.0,27848.999397450825,2113.999397450825
cup,Ridge,lodo_target_day,mask_area_future,trial2,7,3,7,25285.0,26238.0,32037.475246236198,5799.475246236198
cup,Ridge,lodo_target_day,mask_area_future,trial2,7,4,8,25263.0,26083.0,30952.464879941588,4869.464879941588
cup,Ridge,lodo_target_day,mask_area_future,trial2,7,5,9,25530.0,26737.0,30166.161389802834,3429.1613898028336
cup,Ridge,lodo_target_day,mask_area_future,trial2,8,1,5,33102.0,33665.0,37004.81569754799,3339.815697547987
cup,Ridge,lodo_target_day,mask_area_future,trial2,8,2,6,36268.0,34810.0,36214.51658217486,1404.5165821748596
cup,Ridge,lodo_target_day,mask_area_future,trial2,8,4,8,35796.0,33483.0,39257.027775863804,5774.027775863804
cup,Ridge,lodo_target_day,mask_area_future,trial2,8,5,9,33665.0,44588.0,37788.13579765277,6799.864202347228
cup,Ridge,lodo_target_day,mask_area_future,trial2,8,6,10,34810.0,42877.0,39346.64458604473,3530.3554139552725
cup,Ridge,lodo_target_day,mask_area_future,trial2,8,8,12,33483.0,35586.0,38053.72400019348,2467.724000193477
cup,Ridge,lodo_target_day,mask_area_future,trial2,8,9,13,44588.0,40708.0,47119.63631437508,6411.636314375079
cup,Ridge,lodo_target_day,mask_area_future,trial2,8,10,14,42877.0,43816.0,47095.12852272028,3279.1285227202825
cup,Ridge,lodo_target_day,mask_area_future,trial2,8,11,15,37178.0,44485.0,41122.433128188764,3362.5668718112356
cup,Ridge,lodo_target_day,mask_area_future,trial2,8,12,16,35586.0,44561.0,44279.30241770081,281.69758229918807
cup,Ridge,lodo_target_day,mask_area_future,trial2,9,1,5,22788.0,26083.0,29768.981144056714,3685.9811440567137
cup,Ridge,lodo_target_day,mask_area_future,trial2,9,2,6,25834.0,25534.0,28789.627013319056,3255.6270133190555
cup,Ridge,lodo_target_day,mask_area_future,trial2,9,4,8,25275.0,44366.0,31553.4643857748,12812.535614225199
cup,Ridge,lodo_target_day,mask_area_future,trial2,12,10,14,66025.0,83741.0,60007.40703537016,23733.59296462984
cup,ElasticNet,lodo_target_day,mask_area_future,trial1,1,19,23,28645.0,33013.0,34752.91942184492,1739.9194218449193
cup,ElasticNet,lodo_target_day,mask_area_future,trial1,1,22,26,41915.0,31691.0,33295.137672490026,1604.1376724900256
cup,ElasticNet,lodo_target_day,mask_area_future,trial1,2,19,23,24715.0,35688.0,29009.208483120863,6678.791516879137
cup,ElasticNet,lodo_target_day,mask_area_future,trial1,2,21,25,39838.0,32030.0,33766.38860819267,1736.3886081926685
cup,ElasticNet,lodo_target_day,mask_area_future,trial1,2,23,27,35688.0,29755.0,25008.43094401719,4746.569055982811
cup,ElasticNet,lodo_target_day,mask_area_future,trial1,4,18,22,14385.0,27935.0,18730.682078598278,9204.317921401722
cup,ElasticNet,lodo_target_day,mask_area_future,trial1,4,19,23,28069.0,31875.0,31242.545688360045,632.4543116399545
cup,ElasticNet,lodo_target_day,mask_area_future,trial1,4,21,25,33740.0,19194.0,31523.551022186628,12329.551022186628
cup,ElasticNet,lodo_target_day,mask_area_future,trial1,4,22,26,27935.0,19897.0,17085.741718506004,2811.258281493996
cup,ElasticNet,lodo_target_day,mask_area_future,trial1,4,23,27,31875.0,27892.0,21834.65971176435,6057.3402882356495
cup,ElasticNet,lodo_target_day,mask_area_future,trial1,5,18,22,23134.0,32578.0,23434.752928591603,9143.247071408397
cup,ElasticNet,lodo_target_day,mask_area_future,trial1,5,21,25,32279.0,23181.0,29398.112090815142,6217.112090815142
cup,ElasticNet,lodo_target_day,mask_area_future,trial1,5,22,26,32578.0,14280.0,24135.11680038955,9855.116800389551
cup,ElasticNet,lodo_target_day,mask_area_future,trial1,6,19,23,30319.0,32650.0,32817.30851110871,167.308511108713
cup,ElasticNet,lodo_target_day,mask_area_future,trial1,6,21,25,41227.0,35715.0,33719.44017978748,1995.5598202125184
cup,ElasticNet,lodo_target_day,mask_area_future,trial1,6,22,26,30771.0,44352.0,29108.16426116488,15243.835738835121
cup,ElasticNet,lodo_target_day,mask_area_future,trial1,6,23,27,32650.0,33385.0,30139.454072099747,3245.5459279002534
cup,ElasticNet,lodo_target_day,mask_area_future,trial1,7,5,9,40882.0,44642.0,39501.82299718367,5140.17700281633
cup,ElasticNet,lodo_target_day,mask_area_future,trial1,7,18,22,37889.0,31077.0,35008.58150516258,3931.581505162583
cup,ElasticNet,lodo_target_day,mask_area_future,trial1,7,21,25,35028.0,29068.0,32096.556149351574,3028.5561493515743
cup,ElasticNet,lodo_target_day,mask_area_future,trial1,7,22,26,31077.0,18552.0,28875.194542686244,10323.194542686244
cup,ElasticNet,lodo_target_day,mask_area_future,trial1,7,23,27,33473.0,34065.0,23831.0584448347,10233.9415551653
cup,ElasticNet,lodo_target_day,mask_area_future,trial1,8,1,5,40430.0,38146.0,45791.06417994361,7645.0641799436125
cup,ElasticNet,lodo_target_day,mask_area_future,trial1,8,22,26,39590.0,33117.0,31908.249368069817,1208.7506319301829
cup,ElasticNet,lodo_target_day,mask_area_future,trial1,8,23,27,42584.0,33411.0,37119.84948072976,3708.849480729761
cup,ElasticNet,lodo_target_day,mask_area_future,trial1,9,18,22,37663.0,36623.0,34832.53926892689,1790.460731073108
cup,ElasticNet,lodo_target_day,mask_area_future,trial1,9,21,25,42941.0,35789.0,40327.00382413774,4538.003824137741
cup,ElasticNet,lodo_target_day,mask_area_future,trial1,9,22,26,36623.0,36021.0,31222.05689260838,4798.94310739162
cup,ElasticNet,lodo_target_day,mask_area_future,trial1,9,23,27,39214.0,38813.0,34065.096083550416,4747.903916449584
cup,ElasticNet,lodo_target_day,mask_area_future,trial1,11,1,5,44849.0,42648.0,46214.25942489044,3566.2594248904425
cup,ElasticNet,lodo_target_day,mask_area_future,trial1,11,2,6,44514.0,41506.0,44015.83384946081,2509.8338494608106
cup,ElasticNet,lodo_target_day,mask_area_future,trial1,11,3,7,44603.0,42927.0,43170.04447748162,243.04447748162056
cup,ElasticNet,lodo_target_day,mask_area_future,trial1,11,4,8,44733.0,41210.0,42593.354904532745,1383.3549045327454
cup,ElasticNet,lodo_target_day,mask_area_future,trial1,11,5,9,42648.0,39268.0,42885.55245212203,3617.5524521220286
cup,ElasticNet,lodo_target_day,mask_area_future,trial1,11,18,22,38546.0,32926.0,35752.195311979165,2826.195311979165
cup,ElasticNet,lodo_target_day,mask_area_future,trial1,11,21,25,39838.0,38744.0,41357.59129133904,2613.591291339042
cup,ElasticNet,lodo_target_day,mask_area_future,trial1,11,22,26,32926.0,32097.0,29842.127679056604,2254.8723209433956
cup,ElasticNet,lodo_target_day,mask_area_future,trial1,11,23,27,44708.0,39343.0,37559.35614532399,1783.643854676011
cup,ElasticNet,lodo_target_day,mask_area_future,trial1,12,18,22,42025.0,37679.0,38654.38795786928,975.3879578692795
cup,ElasticNet,lodo_target_day,mask_area_future,trial1,12,21,25,40298.0,34927.0,33632.72202417407,1294.2779758259276
cup,ElasticNet,lodo_target_day,mask_area_future,trial1,12,22,26,37679.0,17886.0,33186.731416889816,15300.731416889816
cup,ElasticNet,lodo_target_day,mask_area_future,trial1,14,0,4,76366.0,81850.0,69075.8823439066,12774.117656093396
cup,ElasticNet,lodo_target_day,mask_area_future,trial1,14,1,5,75818.0,71535.0,74412.09452784901,2877.094527849011
cup,ElasticNet,lodo_target_day,mask_area_future,trial2,1,1,5,30027.0,26996.0,34858.13677916846,7862.136779168461
cup,ElasticNet,lodo_target_day,mask_area_future,trial2,1,2,6,28792.0,30866.0,30399.504765565795,466.4952344342055
cup,ElasticNet,lodo_target_day,mask_area_future,trial2,1,3,7,27671.0,32033.0,34730.60457163505,2697.604571635049
cup,ElasticNet,lodo_target_day,mask_area_future,trial2,1,4,8,31854.0,31893.0,37015.07405423977,5122.074054239769
cup,ElasticNet,lodo_target_day,mask_area_future,trial2,1,5,9,26996.0,33318.0,33867.65975655354,549.6597565535412
cup,ElasticNet,lodo_target_day,mask_area_future,trial2,1,6,10,30866.0,39044.0,35403.63243991711,3640.3675600828865
cup,ElasticNet,lodo_target_day,mask_area_future,trial2,1,7,11,32033.0,36797.0,35384.113661326526,1412.8863386734738
cup,ElasticNet,lodo_target_day,mask_area_future,trial2,1,8,12,31893.0,36984.0,35648.52935281167,1335.4706471883328
cup,ElasticNet,lodo_target_day,mask_area_future,trial2,1,9,13,33318.0,41829.0,39000.6128072169,2828.3871927830987
cup,ElasticNet,lodo_target_day,mask_area_future,trial2,1,10,14,39044.0,41624.0,48369.331922029865,6745.331922029865
cup,ElasticNet,lodo_target_day,mask_area_future,trial2,1,11,15,36797.0,41946.0,39406.783138957224,2539.216861042776
cup,ElasticNet,lodo_target_day,mask_area_future,trial2,1,12,16,36984.0,43614.0,44178.22711227292,564.2271122729217
cup,ElasticNet,lodo_target_day,mask_area_future,trial2,2,1,5,18058.0,34221.0,25013.142378677723,9207.857621322277
cup,ElasticNet,lodo_target_day,mask_area_future,trial2,2,2,6,27175.0,36340.0,28894.893184764805,7445.1068152351945
cup,ElasticNet,lodo_target_day,mask_area_future,trial2,2,3,7,26126.0,36830.0,33196.48390531111,3633.5160946888864
cup,ElasticNet,lodo_target_day,mask_area_future,trial2,2,4,8,27384.0,37521.0,33101.02274474003,4419.977255259968
cup,ElasticNet,lodo_target_day,mask_area_future,trial2,2,5,9,34221.0,38046.0,34033.645333603956,4012.354666396044
cup,ElasticNet,lodo_target_day,mask_area_future,trial2,2,6,10,36340.0,32723.0,37752.306648162965,5029.306648162965
cup,ElasticNet,lodo_target_day,mask_area_future,trial2,2,7,11,36830.0,37249.0,36099.25336464267,1149.7466353573327
cup,ElasticNet,lodo_target_day,mask_area_future,trial2,2,8,12,37521.0,38571.0,37120.7621953723,1450.2378046277008
cup,ElasticNet,lodo_target_day,mask_area_future,trial2,2,9,13,38046.0,42374.0,43340.11675496475,966.1167549647507
cup,ElasticNet,lodo_target_day,mask_area_future,trial2,2,10,14,32723.0,42765.0,38725.00446691677,4039.995533083231
cup,ElasticNet,lodo_target_day,mask_area_future,trial2,2,11,15,37249.0,44730.0,41248.92088007876,3481.07911992124
cup,ElasticNet,lodo_target_day,mask_area_future,trial2,3,1,5,31948.0,31994.0,36510.20483143444,4516.204831434443
cup,ElasticNet,lodo_target_day,mask_area_future,trial2,3,2,6,31650.0,32677.0,32941.03456021684,264.03456021683814
cup,ElasticNet,lodo_target_day,mask_area_future,trial2,3,3,7,44765.0,40230.0,47119.79442546749,6889.794425467488
cup,ElasticNet,lodo_target_day,mask_area_future,trial2,3,4,8,31644.0,39877.0,37248.78171307542,2628.2182869245808
cup,ElasticNet,lodo_target_day,mask_area_future,trial2,3,5,9,31994.0,43212.0,37717.02193103749,5494.978068962511
cup,ElasticNet,lodo_target_day,mask_area_future,trial2,3,6,10,32677.0,43376.0,37536.94329312805,5839.0567068719465
cup,ElasticNet,lodo_target_day,mask_area_future,trial2,3,7,11,40230.0,37275.0,45445.74213500495,8170.742135004948
cup,ElasticNet,lodo_target_day,mask_area_future,trial2,3,8,12,39877.0,39721.0,39748.67034912706,27.670349127060035
cup,ElasticNet,lodo_target_day,mask_area_future,trial2,3,9,13,43212.0,40961.0,46068.40420568947,5107.404205689469
cup,ElasticNet,lodo_target_day,mask_area_future,trial2,3,10,14,43376.0,43679.0,47344.963140771455,3665.963140771455
cup,ElasticNet,lodo_target_day,mask_area_future,trial2,3,11,15,37275.0,44880.0,42329.68826687272,2550.3117331272806
cup,ElasticNet,lodo_target_day,mask_area_future,trial2,3,12,16,39721.0,43022.0,48492.26357681143,5470.263576811427
cup,ElasticNet,lodo_target_day,mask_area_future,trial2,4,1,5,44781.0,44933.0,44489.526660572206,443.4733394277937
cup,ElasticNet,lodo_target_day,mask_area_future,trial2,4,2,6,43709.0,44608.0,40328.994151849445,4279.005848150555
cup,ElasticNet,lodo_target_day,mask_area_future,trial2,4,5,9,44933.0,42721.0,47768.41028910295,5047.410289102947
cup,ElasticNet,lodo_target_day,mask_area_future,trial2,4,6,10,44608.0,44743.0,46484.6488128851,1741.6488128850979
cup,ElasticNet,lodo_target_day,mask_area_future,trial2,4,9,13,42721.0,44627.0,49156.39607096129,4529.3960709612875
cup,ElasticNet,lodo_target_day,mask_area_future,trial2,4,10,14,44743.0,43942.0,50301.7165831514,6359.716583151399
cup,ElasticNet,lodo_target_day,mask_area_future,trial2,4,12,16,44607.0,42086.0,51414.331991558705,9328.331991558705
cup,ElasticNet,lodo_target_day,mask_area_future,trial2,5,1,5,30842.0,30719.0,36548.30585416179,5829.305854161787
cup,ElasticNet,lodo_target_day,mask_area_future,trial2,5,2,6,31103.0,30750.0,33432.00132480361,2682.001324803612
cup,ElasticNet,lodo_target_day,mask_area_future,trial2,5,3,7,31012.0,37057.0,38425.10044473304,1368.1004447330415
cup,ElasticNet,lodo_target_day,mask_area_future,trial2,5,4,8,31206.0,35819.0,37653.14822732283,1834.148227322832
cup,ElasticNet,lodo_target_day,mask_area_future,trial2,5,5,9,30719.0,38910.0,37349.78955460484,1560.2104453951615
cup,ElasticNet,lodo_target_day,mask_area_future,trial2,5,6,10,30750.0,37743.0,36964.03116193678,778.9688380632215
cup,ElasticNet,lodo_target_day,mask_area_future,trial2,5,7,11,37057.0,34928.0,38054.93904652727,3126.9390465272736
cup,ElasticNet,lodo_target_day,mask_area_future,trial2,5,8,12,35819.0,33689.0,36477.34779089212,2788.3477908921195
cup,ElasticNet,lodo_target_day,mask_area_future,trial2,5,11,15,34928.0,44451.0,39727.0226430327,4723.977356967298
cup,ElasticNet,lodo_target_day,mask_area_future,trial2,6,1,5,68393.0,63266.0,62688.266799532765,577.7332004672353
cup,ElasticNet,lodo_target_day,mask_area_future,trial2,6,2,6,64674.0,64622.0,55612.49179988979,9009.508200110213
cup,ElasticNet,lodo_target_day,mask_area_future,trial2,6,5,9,63266.0,73021.0,65516.14534061158,7504.854659388417
cup,ElasticNet,lodo_target_day,mask_area_future,trial2,6,6,10,64622.0,73411.0,63971.75139297695,9439.248607023052
cup,ElasticNet,lodo_target_day,mask_area_future,trial2,6,9,13,73021.0,75553.0,71999.59725354664,3553.4027464533574
cup,ElasticNet,lodo_target_day,mask_area_future,trial2,6,10,14,73411.0,71507.0,75646.6259520077,4139.6259520077
cup,ElasticNet,lodo_target_day,mask_area_future,trial2,6,11,15,73219.0,68578.0,67804.08482775028,773.915172249719
cup,ElasticNet,lodo_target_day,mask_area_future,trial2,6,12,16,75702.0,67064.0,75387.72607827107,8323.726078271065
cup,ElasticNet,lodo_target_day,mask_area_future,trial2,7,1,5,25235.0,25530.0,29564.191689342537,4034.191689342537
cup,ElasticNet,lodo_target_day,mask_area_future,trial2,7,2,6,25104.0,25735.0,26596.415293151586,861.4152931515855
cup,ElasticNet,lodo_target_day,mask_area_future,trial2,7,3,7,25285.0,26238.0,31854.665384099175,5616.665384099175
cup,ElasticNet,lodo_target_day,mask_area_future,trial2,7,4,8,25263.0,26083.0,30696.17371838667,4613.173718386672
cup,ElasticNet,lodo_target_day,mask_area_future,trial2,7,5,9,25530.0,26737.0,30460.73201760911,3723.732017609109
cup,ElasticNet,lodo_target_day,mask_area_future,trial2,8,1,5,33102.0,33665.0,36604.9612187846,2939.9612187845996
cup,ElasticNet,lodo_target_day,mask_area_future,trial2,8,2,6,36268.0,34810.0,35627.35512237089,817.3551223708928
cup,ElasticNet,lodo_target_day,mask_area_future,trial2,8,4,8,35796.0,33483.0,39639.1867868176,6156.186786817598
cup,ElasticNet,lodo_target_day,mask_area_future,trial2,8,5,9,33665.0,44588.0,38207.02105683386,6380.978943166141
cup,ElasticNet,lodo_target_day,mask_area_future,trial2,8,6,10,34810.0,42877.0,39404.97577707067,3472.024222929329
cup,ElasticNet,lodo_target_day,mask_area_future,trial2,8,8,12,33483.0,35586.0,37898.14344732514,2312.143447325143
cup,ElasticNet,lodo_target_day,mask_area_future,trial2,8,9,13,44588.0,40708.0,47438.79401434315,6730.794014343148
cup,ElasticNet,lodo_target_day,mask_area_future,trial2,8,10,14,42877.0,43816.0,47573.672985777506,3757.6729857775063
cup,ElasticNet,lodo_target_day,mask_area_future,trial2,8,11,15,37178.0,44485.0,40583.69499762346,3901.305002376539
cup,ElasticNet,lodo_target_day,mask_area_future,trial2,8,12,16,35586.0,44561.0,44193.43635429045,367.5636457095534
cup,ElasticNet,lodo_target_day,mask_area_future,trial2,9,1,5,22788.0,26083.0,28711.009251300267,2628.0092513002674
cup,ElasticNet,lodo_target_day,mask_area_future,trial2,9,2,6,25834.0,25534.0,27615.10095790318,2081.1009579031816
cup,ElasticNet,lodo_target_day,mask_area_future,trial2,9,4,8,25275.0,44366.0,31346.55098835609,13019.449011643908
cup,ElasticNet,lodo_target_day,mask_area_future,trial2,12,10,14,66025.0,83741.0,61515.73866796,22225.261332039998
cup,SVR-RBF,lodo_target_day,mask_area_future,trial1,1,19,23,28645.0,33013.0,37732.71044457546,4719.710444575459
cup,SVR-RBF,lodo_target_day,mask_area_future,trial1,1,22,26,41915.0,31691.0,37817.39339222863,6126.393392228631
cup,SVR-RBF,lodo_target_day,mask_area_future,trial1,2,19,23,24715.0,35688.0,37676.37076274647,1988.3707627464682
cup,SVR-RBF,lodo_target_day,mask_area_future,trial1,2,21,25,39838.0,32030.0,37679.078135967,5649.078135967
cup,SVR-RBF,lodo_target_day,mask_area_future,trial1,2,23,27,35688.0,29755.0,37655.97612783726,7900.976127837261
cup,SVR-RBF,lodo_target_day,mask_area_future,trial1,4,18,22,14385.0,27935.0,37721.03137226465,9786.031372264653
cup,SVR-RBF,lodo_target_day,mask_area_future,trial1,4,19,23,28069.0,31875.0,37695.7215090322,5820.721509032199
cup,SVR-RBF,lodo_target_day,mask_area_future,trial1,4,21,25,33740.0,19194.0,37696.240766354116,18502.240766354116
cup,SVR-RBF,lodo_target_day,mask_area_future,trial1,4,22,26,27935.0,19897.0,37890.021329079995,17993.021329079995
cup,SVR-RBF,lodo_target_day,mask_area_future,trial1,4,23,27,31875.0,27892.0,37628.365336895025,9736.365336895025
cup,SVR-RBF,lodo_target_day,mask_area_future,trial1,5,18,22,23134.0,32578.0,37691.29229855855,5113.2922985585465
cup,SVR-RBF,lodo_target_day,mask_area_future,trial1,5,21,25,32279.0,23181.0,37678.46129088016,14497.461290880157
cup,SVR-RBF,lodo_target_day,mask_area_future,trial1,5,22,26,32578.0,14280.0,37860.56249283501,23580.562492835008
cup,SVR-RBF,lodo_target_day,mask_area_future,trial1,6,19,23,30319.0,32650.0,37672.365782851186,5022.365782851186
cup,SVR-RBF,lodo_target_day,mask_area_future,trial1,6,21,25,41227.0,35715.0,37697.54495650509,1982.5449565050876
cup,SVR-RBF,lodo_target_day,mask_area_future,trial1,6,22,26,30771.0,44352.0,37896.611464093075,6455.3885359069245
cup,SVR-RBF,lodo_target_day,mask_area_future,trial1,6,23,27,32650.0,33385.0,37675.616955169586,4290.616955169586
cup,SVR-RBF,lodo_target_day,mask_area_future,trial1,7,5,9,40882.0,44642.0,37069.5943854392,7572.405614560797
cup,SVR-RBF,lodo_target_day,mask_area_future,trial1,7,18,22,37889.0,31077.0,37693.68551857114,6616.685518571139
cup,SVR-RBF,lodo_target_day,mask_area_future,trial1,7,21,25,35028.0,29068.0,37678.60758124066,8610.607581240663
cup,SVR-RBF,lodo_target_day,mask_area_future,trial1,7,22,26,31077.0,18552.0,37859.36146609471,19307.361466094713
cup,SVR-RBF,lodo_target_day,mask_area_future,trial1,7,23,27,33473.0,34065.0,37621.516728704024,3556.516728704024
cup,SVR-RBF,lodo_target_day,mask_area_future,trial1,8,1,5,40430.0,38146.0,37587.409608949645,558.5903910503548
cup,SVR-RBF,lodo_target_day,mask_area_future,trial1,8,22,26,39590.0,33117.0,37825.509215495,4708.509215495003
cup,SVR-RBF,lodo_target_day,mask_area_future,trial1,8,23,27,42584.0,33411.0,37671.6285255168,4260.628525516797
cup,SVR-RBF,lodo_target_day,mask_area_future,trial1,9,18,22,37663.0,36623.0,37693.71763336371,1070.7176333637108
cup,SVR-RBF,lodo_target_day,mask_area_future,trial1,9,21,25,42941.0,35789.0,37719.95445683619,1930.954456836189
cup,SVR-RBF,lodo_target_day,mask_area_future,trial1,9,22,26,36623.0,36021.0,37838.40652289659,1817.406522896592
cup,SVR-RBF,lodo_target_day,mask_area_future,trial1,9,23,27,39214.0,38813.0,37670.474122280546,1142.525877719454
cup,SVR-RBF,lodo_target_day,mask_area_future,trial1,11,1,5,44849.0,42648.0,37605.449337954626,5042.550662045374
cup,SVR-RBF,lodo_target_day,mask_area_future,trial1,11,2,6,44514.0,41506.0,37841.284842066285,3664.715157933715
cup,SVR-RBF,lodo_target_day,mask_area_future,trial1,11,3,7,44603.0,42927.0,37629.46440750525,5297.535592494751
cup,SVR-RBF,lodo_target_day,mask_area_future,trial1,11,4,8,44733.0,41210.0,37342.231961313846,3867.768038686154
cup,SVR-RBF,lodo_target_day,mask_area_future,trial1,11,5,9,42648.0,39268.0,37053.374615193876,2214.625384806124
cup,SVR-RBF,lodo_target_day,mask_area_future,trial1,11,18,22,38546.0,32926.0,37704.47916858683,4778.479168586833
cup,SVR-RBF,lodo_target_day,mask_area_future,trial1,11,21,25,39838.0,38744.0,37759.56244201926,984.4375579807383
cup,SVR-RBF,lodo_target_day,mask_area_future,trial1,11,22,26,32926.0,32097.0,37858.77227786552,5761.7722778655225
cup,SVR-RBF,lodo_target_day,mask_area_future,trial1,11,23,27,44708.0,39343.0,37662.895665455326,1680.1043345446742
cup,SVR-RBF,lodo_target_day,mask_area_future,trial1,12,18,22,42025.0,37679.0,37703.087629787486,24.08762978748564
cup,SVR-RBF,lodo_target_day,mask_area_future,trial1,12,21,25,40298.0,34927.0,37690.21962138802,2763.2196213880234
cup,SVR-RBF,lodo_target_day,mask_area_future,trial1,12,22,26,37679.0,17886.0,37854.5446186954,19968.5446186954
cup,SVR-RBF,lodo_target_day,mask_area_future,trial1,14,0,4,76366.0,81850.0,37311.87543350699,44538.12456649301
cup,SVR-RBF,lodo_target_day,mask_area_future,trial1,14,1,5,75818.0,71535.0,37584.93207631374,33950.06792368626
cup,SVR-RBF,lodo_target_day,mask_area_future,trial2,1,1,5,30027.0,26996.0,37543.73882744874,10547.738827448738
cup,SVR-RBF,lodo_target_day,mask_area_future,trial2,1,2,6,28792.0,30866.0,37714.129611850665,6848.129611850665
cup,SVR-RBF,lodo_target_day,mask_area_future,trial2,1,3,7,27671.0,32033.0,37534.62982476229,5501.629824762291
cup,SVR-RBF,lodo_target_day,mask_area_future,trial2,1,4,8,31854.0,31893.0,37233.55628079008,5340.556280790079
cup,SVR-RBF,lodo_target_day,mask_area_future,trial2,1,5,9,26996.0,33318.0,36995.73113284943,3677.7311328494325
cup,SVR-RBF,lodo_target_day,mask_area_future,trial2,1,6,10,30866.0,39044.0,37033.49612784036,2010.503872159643
cup,SVR-RBF,lodo_target_day,mask_area_future,trial2,1,7,11,32033.0,36797.0,37737.25658272442,940.256582724418
cup,SVR-RBF,lodo_target_day,mask_area_future,trial2,1,8,12,31893.0,36984.0,37376.28089716395,392.28089716395334
cup,SVR-RBF,lodo_target_day,mask_area_future,trial2,1,9,13,33318.0,41829.0,37044.72960397241,4784.27039602759
cup,SVR-RBF,lodo_target_day,mask_area_future,trial2,1,10,14,39044.0,41624.0,36959.46528609382,4664.534713906178
cup,SVR-RBF,lodo_target_day,mask_area_future,trial2,1,11,15,36797.0,41946.0,37081.42006659058,4864.579933409419
cup,SVR-RBF,lodo_target_day,mask_area_future,trial2,1,12,16,36984.0,43614.0,37118.09489728318,6495.905102716817
cup,SVR-RBF,lodo_target_day,mask_area_future,trial2,2,1,5,18058.0,34221.0,37530.442799235905,3309.442799235905
cup,SVR-RBF,lodo_target_day,mask_area_future,trial2,2,2,6,27175.0,36340.0,37714.476547871585,1374.4765478715854
cup,SVR-RBF,lodo_target_day,mask_area_future,trial2,2,3,7,26126.0,36830.0,37532.8249670588,702.8249670587975
cup,SVR-RBF,lodo_target_day,mask_area_future,trial2,2,4,8,27384.0,37521.0,37229.63484471798,291.3651552820229
cup,SVR-RBF,lodo_target_day,mask_area_future,trial2,2,5,9,34221.0,38046.0,37018.05722399983,1027.9427760001709
cup,SVR-RBF,lodo_target_day,mask_area_future,trial2,2,6,10,36340.0,32723.0,37062.74494869572,4339.744948695719
cup,SVR-RBF,lodo_target_day,mask_area_future,trial2,2,7,11,36830.0,37249.0,37774.4008942844,525.4008942844011
cup,SVR-RBF,lodo_target_day,mask_area_future,trial2,2,8,12,37521.0,38571.0,37400.17998388882,1170.8200161111818
cup,SVR-RBF,lodo_target_day,mask_area_future,trial2,2,9,13,38046.0,42374.0,37056.49947751696,5317.500522483038
cup,SVR-RBF,lodo_target_day,mask_area_future,trial2,2,10,14,32723.0,42765.0,36964.50253692468,5800.49746307532
cup,SVR-RBF,lodo_target_day,mask_area_future,trial2,2,11,15,37249.0,44730.0,37079.141664089795,7650.858335910205
cup,SVR-RBF,lodo_target_day,mask_area_future,trial2,3,1,5,31948.0,31994.0,37546.33903630695,5552.339036306948
cup,SVR-RBF,lodo_target_day,mask_area_future,trial2,3,2,6,31650.0,32677.0,37717.37045032458,5040.370450324583
cup,SVR-RBF,lodo_target_day,mask_area_future,trial2,3,3,7,44765.0,40230.0,37561.7110619792,2668.2889380208
cup,SVR-RBF,lodo_target_day,mask_area_future,trial2,3,4,8,31644.0,39877.0,37233.761390463456,2643.2386095365437
cup,SVR-RBF,lodo_target_day,mask_area_future,trial2,3,5,9,31994.0,43212.0,36997.80780535337,6214.192194646632
cup,SVR-RBF,lodo_target_day,mask_area_future,trial2,3,6,10,32677.0,43376.0,37035.984250417416,6340.015749582584
cup,SVR-RBF,lodo_target_day,mask_area_future,trial2,3,7,11,40230.0,37275.0,37761.26367086865,486.26367086864775
cup,SVR-RBF,lodo_target_day,mask_area_future,trial2,3,8,12,39877.0,39721.0,37401.30884827459,2319.691151725412
cup,SVR-RBF,lodo_target_day,mask_area_future,trial2,3,9,13,43212.0,40961.0,37064.37905548173,3896.6209445182685
cup,SVR-RBF,lodo_target_day,mask_area_future,trial2,3,10,14,43376.0,43679.0,36981.78834983164,6697.211650168363
cup,SVR-RBF,lodo_target_day,mask_area_future,trial2,3,11,15,37275.0,44880.0,37073.085791704616,7806.914208295384
cup,SVR-RBF,lodo_target_day,mask_area_future,trial2,3,12,16,39721.0,43022.0,37120.92512593645,5901.074874063554
cup,SVR-RBF,lodo_target_day,mask_area_future,trial2,4,1,5,44781.0,44933.0,37565.84479373246,7367.15520626754
cup,SVR-RBF,lodo_target_day,mask_area_future,trial2,4,2,6,43709.0,44608.0,37739.79139187621,6868.208608123787
cup,SVR-RBF,lodo_target_day,mask_area_future,trial2,4,5,9,44933.0,42721.0,37035.07620800032,5685.923791999681
cup,SVR-RBF,lodo_target_day,mask_area_future,trial2,4,6,10,44608.0,44743.0,37072.35110435474,7670.6488956452595
cup,SVR-RBF,lodo_target_day,mask_area_future,trial2,4,9,13,42721.0,44627.0,37065.36755073806,7561.632449261939
cup,SVR-RBF,lodo_target_day,mask_area_future,trial2,4,10,14,44743.0,43942.0,36982.65530389714,6959.34469610286
cup,SVR-RBF,lodo_target_day,mask_area_future,trial2,4,12,16,44607.0,42086.0,37114.959144163506,4971.040855836494
cup,SVR-RBF,lodo_target_day,mask_area_future,trial2,5,1,5,30842.0,30719.0,37545.80952232096,6826.80952232096
cup,SVR-RBF,lodo_target_day,mask_area_future,trial2,5,2,6,31103.0,30750.0,37721.449147809704,6971.449147809704
cup,SVR-RBF,lodo_target_day,mask_area_future,trial2,5,3,7,31012.0,37057.0,37540.2424507923,483.24245079229877
cup,SVR-RBF,lodo_target_day,mask_area_future,trial2,5,4,8,31206.0,35819.0,37236.72464957828,1417.724649578282
cup,SVR-RBF,lodo_target_day,mask_area_future,trial2,5,5,9,30719.0,38910.0,36997.16308105445,1912.836918945548
cup,SVR-RBF,lodo_target_day,mask_area_future,trial2,5,6,10,30750.0,37743.0,37033.87429516925,709.1257048307525
cup,SVR-RBF,lodo_target_day,mask_area_future,trial2,5,7,11,37057.0,34928.0,37756.34414381961,2828.3441438196096
cup,SVR-RBF,lodo_target_day,mask_area_future,trial2,5,8,12,35819.0,33689.0,37387.754532574305,3698.754532574305
cup,SVR-RBF,lodo_target_day,mask_area_future,trial2,5,11,15,34928.0,44451.0,37071.71213687937,7379.287863120633
cup,SVR-RBF,lodo_target_day,mask_area_future,trial2,6,1,5,68393.0,63266.0,37591.40690446681,25674.593095533193
cup,SVR-RBF,lodo_target_day,mask_area_future,trial2,6,2,6,64674.0,64622.0,37778.48560982229,26843.514390177712
cup,SVR-RBF,lodo_target_day,mask_area_future,trial2,6,5,9,63266.0,73021.0,37041.66406266139,35979.33593733861
cup,SVR-RBF,lodo_target_day,mask_area_future,trial2,6,6,10,64622.0,73411.0,37097.174047454704,36313.825952545296
cup,SVR-RBF,lodo_target_day,mask_area_future,trial2,6,9,13,73021.0,75553.0,37061.46923292034,38491.53076707966
cup,SVR-RBF,lodo_target_day,mask_area_future,trial2,6,10,14,73411.0,71507.0,36962.95793732799,34544.04206267201
cup,SVR-RBF,lodo_target_day,mask_area_future,trial2,6,11,15,73219.0,68578.0,37088.80672049765,31489.193279502353
cup,SVR-RBF,lodo_target_day,mask_area_future,trial2,6,12,16,75702.0,67064.0,37110.55236328886,29953.447636711142
cup,SVR-RBF,lodo_target_day,mask_area_future,trial2,7,1,5,25235.0,25530.0,37537.58213799045,12007.582137990452
cup,SVR-RBF,lodo_target_day,mask_area_future,trial2,7,2,6,25104.0,25735.0,37715.894147255145,11980.894147255145
cup,SVR-RBF,lodo_target_day,mask_area_future,trial2,7,3,7,25285.0,26238.0,37533.29254976128,11295.292549761281
cup,SVR-RBF,lodo_target_day,mask_area_future,trial2,7,4,8,25263.0,26083.0,37229.66673109535,11146.666731095349
cup,SVR-RBF,lodo_target_day,mask_area_future,trial2,7,5,9,25530.0,26737.0,36989.54884761086,10252.548847610859
cup,SVR-RBF,lodo_target_day,mask_area_future,trial2,8,1,5,33102.0,33665.0,37547.75468305788,3882.7546830578794
cup,SVR-RBF,lodo_target_day,mask_area_future,trial2,8,2,6,36268.0,34810.0,37727.131035017155,2917.131035017155
cup,SVR-RBF,lodo_target_day,mask_area_future,trial2,8,4,8,35796.0,33483.0,37245.14787953854,3762.147879538541
cup,SVR-RBF,lodo_target_day,mask_area_future,trial2,8,5,9,33665.0,44588.0,37002.09133038743,7585.908669612567
cup,SVR-RBF,lodo_target_day,mask_area_future,trial2,8,6,10,34810.0,42877.0,37043.75419870796,5833.24580129204
cup,SVR-RBF,lodo_target_day,mask_area_future,trial2,8,8,12,33483.0,35586.0,37385.994439202324,1799.9944392023244
cup,SVR-RBF,lodo_target_day,mask_area_future,trial2,8,9,13,44588.0,40708.0,37067.134118941576,3640.865881058424
cup,SVR-RBF,lodo_target_day,mask_area_future,trial2,8,10,14,42877.0,43816.0,36985.17665334917,6830.823346650832
cup,SVR-RBF,lodo_target_day,mask_area_future,trial2,8,11,15,37178.0,44485.0,37078.77701473096,7406.222985269043
cup,SVR-RBF,lodo_target_day,mask_area_future,trial2,8,12,16,35586.0,44561.0,37117.7685915523,7443.231408447697
cup,SVR-RBF,lodo_target_day,mask_area_future,trial2,9,1,5,22788.0,26083.0,37534.85127810866,11451.851278108661
cup,SVR-RBF,lodo_target_day,mask_area_future,trial2,9,2,6,25834.0,25534.0,37711.90504773195,12177.905047731947
cup,SVR-RBF,lodo_target_day,mask_area_future,trial2,9,4,8,25275.0,44366.0,37224.279676976024,7141.720323023976
cup,SVR-RBF,lodo_target_day,mask_area_future,trial2,12,10,14,66025.0,83741.0,36990.93430039361,46750.06569960639
cup,RandomForest,lodo_target_day,mask_area_future,trial1,1,19,23,28645.0,33013.0,33439.69079588591,426.6907958859083
cup,RandomForest,lodo_target_day,mask_area_future,trial1,1,22,26,41915.0,31691.0,35120.39426537838,3429.3942653783815
cup,RandomForest,lodo_target_day,mask_area_future,trial1,2,19,23,24715.0,35688.0,31183.02617609248,4504.9738239075195
cup,RandomForest,lodo_target_day,mask_area_future,trial1,2,21,25,39838.0,32030.0,34351.97148428416,2321.9714842841568
cup,RandomForest,lodo_target_day,mask_area_future,trial1,2,23,27,35688.0,29755.0,31133.700047514667,1378.700047514667
cup,RandomForest,lodo_target_day,mask_area_future,trial1,4,18,22,14385.0,27935.0,31429.546297377507,3494.5462973775066
cup,RandomForest,lodo_target_day,mask_area_future,trial1,4,19,23,28069.0,31875.0,29280.737533858875,2594.2624661411246
cup,RandomForest,lodo_target_day,mask_area_future,trial1,4,21,25,33740.0,19194.0,33930.023819300855,14736.023819300855
cup,RandomForest,lodo_target_day,mask_area_future,trial1,4,22,26,27935.0,19897.0,31075.07981487937,11178.07981487937
cup,RandomForest,lodo_target_day,mask_area_future,trial1,4,23,27,31875.0,27892.0,28889.01601902991,997.0160190299102
cup,RandomForest,lodo_target_day,mask_area_future,trial1,5,18,22,23134.0,32578.0,30475.80043322233,2102.199566777668
cup,RandomForest,lodo_target_day,mask_area_future,trial1,5,21,25,32279.0,23181.0,33798.30274519952,10617.302745199522
cup,RandomForest,lodo_target_day,mask_area_future,trial1,5,22,26,32578.0,14280.0,29900.213370248548,15620.213370248548
cup,RandomForest,lodo_target_day,mask_area_future,trial1,6,19,23,30319.0,32650.0,31671.85903510156,978.1409648984409
cup,RandomForest,lodo_target_day,mask_area_future,trial1,6,21,25,41227.0,35715.0,34386.792539173286,1328.207460826714
cup,RandomForest,lodo_target_day,mask_area_future,trial1,6,22,26,30771.0,44352.0,30571.21850776702,13780.781492232982
cup,RandomForest,lodo_target_day,mask_area_future,trial1,6,23,27,32650.0,33385.0,34504.697213833744,1119.6972138337442
cup,RandomForest,lodo_target_day,mask_area_future,trial1,7,5,9,40882.0,44642.0,36873.03144906894,7768.968550931058
cup,RandomForest,lodo_target_day,mask_area_future,trial1,7,18,22,37889.0,31077.0,34885.10349565945,3808.103495659452
cup,RandomForest,lodo_target_day,mask_area_future,trial1,7,21,25,35028.0,29068.0,34088.48499512226,5020.484995122257
cup,RandomForest,lodo_target_day,mask_area_future,trial1,7,22,26,31077.0,18552.0,31574.738744969785,13022.738744969785
cup,RandomForest,lodo_target_day,mask_area_future,trial1,7,23,27,33473.0,34065.0,32671.836422200293,1393.1635777997071
cup,RandomForest,lodo_target_day,mask_area_future,trial1,8,1,5,40430.0,38146.0,37435.530129354986,710.4698706450145
cup,RandomForest,lodo_target_day,mask_area_future,trial1,8,22,26,39590.0,33117.0,34638.77147664443,1521.7714766444333
cup,RandomForest,lodo_target_day,mask_area_future,trial1,8,23,27,42584.0,33411.0,36841.29136885773,3430.291368857732
cup,RandomForest,lodo_target_day,mask_area_future,trial1,9,18,22,37663.0,36623.0,34676.27295734566,1946.72704265434
cup,RandomForest,lodo_target_day,mask_area_future,trial1,9,21,25,42941.0,35789.0,34471.599406308276,1317.4005936917238
cup,RandomForest,lodo_target_day,mask_area_future,trial1,9,22,26,36623.0,36021.0,34251.7328550128,1769.2671449871996
cup,RandomForest,lodo_target_day,mask_area_future,trial1,9,23,27,39214.0,38813.0,36283.1727552287,2529.8272447713025
cup,RandomForest,lodo_target_day,mask_area_future,trial1,11,1,5,44849.0,42648.0,39828.941500410176,2819.0584995898244
cup,RandomForest,lodo_target_day,mask_area_future,trial1,11,2,6,44514.0,41506.0,40213.6452033272,1292.3547966728001
cup,RandomForest,lodo_target_day,mask_area_future,trial1,11,3,7,44603.0,42927.0,40385.45491987209,2541.5450801279076
cup,RandomForest,lodo_target_day,mask_area_future,trial1,11,4,8,44733.0,41210.0,40647.90567037026,562.094329629741
cup,RandomForest,lodo_target_day,mask_area_future,trial1,11,5,9,42648.0,39268.0,34199.489168652886,5068.510831347114
cup,RandomForest,lodo_target_day,mask_area_future,trial1,11,18,22,38546.0,32926.0,33507.43772317454,581.4377231745384
cup,RandomForest,lodo_target_day,mask_area_future,trial1,11,21,25,39838.0,38744.0,34829.94502910671,3914.0549708932886
cup,RandomForest,lodo_target_day,mask_area_future,trial1,11,22,26,32926.0,32097.0,34000.45410101586,1903.4541010158573
cup,RandomForest,lodo_target_day,mask_area_future,trial1,11,23,27,44708.0,39343.0,37146.79662130018,2196.2033786998218
cup,RandomForest,lodo_target_day,mask_area_future,trial1,12,18,22,42025.0,37679.0,34790.87649582265,2888.123504177347
cup,RandomForest,lodo_target_day,mask_area_future,trial1,12,21,25,40298.0,34927.0,34480.92733811164,446.0726618883564
cup,RandomForest,lodo_target_day,mask_area_future,trial1,12,22,26,37679.0,17886.0,35940.52696143404,18054.526961434043
cup,RandomForest,lodo_target_day,mask_area_future,trial1,14,0,4,76366.0,81850.0,73368.29119047617,8481.708809523829
cup,RandomForest,lodo_target_day,mask_area_future,trial1,14,1,5,75818.0,71535.0,78672.13674796748,7137.136747967481
cup,RandomForest,lodo_target_day,mask_area_future,trial2,1,1,5,30027.0,26996.0,35026.08182280955,8030.081822809552
cup,RandomForest,lodo_target_day,mask_area_future,trial2,1,2,6,28792.0,30866.0,32503.02464912038,1637.0246491203798
cup,RandomForest,lodo_target_day,mask_area_future,trial2,1,3,7,27671.0,32033.0,34532.86325773664,2499.863257736637
cup,RandomForest,lodo_target_day,mask_area_future,trial2,1,4,8,31854.0,31893.0,32864.585823861715,971.5858238617147
cup,RandomForest,lodo_target_day,mask_area_future,trial2,1,5,9,26996.0,33318.0,33929.814535475365,611.8145354753651
cup,RandomForest,lodo_target_day,mask_area_future,trial2,1,6,10,30866.0,39044.0,35316.783842679186,3727.216157320814
cup,RandomForest,lodo_target_day,mask_area_future,trial2,1,7,11,32033.0,36797.0,36494.35236399786,302.64763600214064
cup,RandomForest,lodo_target_day,mask_area_future,trial2,1,8,12,31893.0,36984.0,36594.52657066902,389.47342933098116
cup,RandomForest,lodo_target_day,mask_area_future,trial2,1,9,13,33318.0,41829.0,37506.38862407088,4322.611375929118
cup,RandomForest,lodo_target_day,mask_area_future,trial2,1,10,14,39044.0,41624.0,39393.295283777894,2230.704716222106
cup,RandomForest,lodo_target_day,mask_area_future,trial2,1,11,15,36797.0,41946.0,39062.3911167781,2883.608883221903
cup,RandomForest,lodo_target_day,mask_area_future,trial2,1,12,16,36984.0,43614.0,40936.89179849594,2677.1082015040593
cup,RandomForest,lodo_target_day,mask_area_future,trial2,2,1,5,18058.0,34221.0,34145.24638400101,75.75361599899043
cup,RandomForest,lodo_target_day,mask_area_future,trial2,2,2,6,27175.0,36340.0,33902.61762050439,2437.3823794956115
cup,RandomForest,lodo_target_day,mask_area_future,trial2,2,3,7,26126.0,36830.0,35700.4187496678,1129.5812503322013
cup,RandomForest,lodo_target_day,mask_area_future,trial2,2,4,8,27384.0,37521.0,33449.54483314434,4071.4551668556596
cup,RandomForest,lodo_target_day,mask_area_future,trial2,2,5,9,34221.0,38046.0,33545.64333826889,4500.356661731108
cup,RandomForest,lodo_target_day,mask_area_future,trial2,2,6,10,36340.0,32723.0,36745.38443682469,4022.3844368246864
cup,RandomForest,lodo_target_day,mask_area_future,trial2,2,7,11,36830.0,37249.0,38522.87844232629,1273.8784423262914
cup,RandomForest,lodo_target_day,mask_area_future,trial2,2,8,12,37521.0,38571.0,38331.15060593196,239.84939406804187
cup,RandomForest,lodo_target_day,mask_area_future,trial2,2,9,13,38046.0,42374.0,40232.63526684704,2141.3647331529573
cup,RandomForest,lodo_target_day,mask_area_future,trial2,2,10,14,32723.0,42765.0,35979.88819300803,6785.1118069919685
cup,RandomForest,lodo_target_day,mask_area_future,trial2,2,11,15,37249.0,44730.0,39306.607058584596,5423.3929414154045
cup,RandomForest,lodo_target_day,mask_area_future,trial2,3,1,5,31948.0,31994.0,36987.6873683105,4993.6873683105005
cup,RandomForest,lodo_target_day,mask_area_future,trial2,3,2,6,31650.0,32677.0,34694.88408594215,2017.884085942147
cup,RandomForest,lodo_target_day,mask_area_future,trial2,3,3,7,44765.0,40230.0,40424.4655089693,194.46550896929693
cup,RandomForest,lodo_target_day,mask_area_future,trial2,3,4,8,31644.0,39877.0,35051.85830021207,4825.141699787928
cup,RandomForest,lodo_target_day,mask_area_future,trial2,3,5,9,31994.0,43212.0,35670.146364166714,7541.853635833286
cup,RandomForest,lodo_target_day,mask_area_future,trial2,3,6,10,32677.0,43376.0,36138.257342797755,7237.742657202245
cup,RandomForest,lodo_target_day,mask_area_future,trial2,3,7,11,40230.0,37275.0,37802.75320992912,527.7532099291202
cup,RandomForest,lodo_target_day,mask_area_future,trial2,3,8,12,39877.0,39721.0,39311.202304610575,409.7976953894249
cup,RandomForest,lodo_target_day,mask_area_future,trial2,3,9,13,43212.0,40961.0,40868.68927573753,92.31072426246828
cup,RandomForest,lodo_target_day,mask_area_future,trial2,3,10,14,43376.0,43679.0,41232.68651047992,2446.3134895200783
cup,RandomForest,lodo_target_day,mask_area_future,trial2,3,11,15,37275.0,44880.0,38969.51063536542,5910.489364634581
cup,RandomForest,lodo_target_day,mask_area_future,trial2,3,12,16,39721.0,43022.0,42115.9748019129,906.0251980871035
cup,RandomForest,lodo_target_day,mask_area_future,trial2,4,1,5,44781.0,44933.0,39239.622371080644,5693.377628919356
cup,RandomForest,lodo_target_day,mask_area_future,trial2,4,2,6,43709.0,44608.0,39026.32889994288,5581.671100057123
cup,RandomForest,lodo_target_day,mask_area_future,trial2,4,5,9,44933.0,42721.0,39844.42055287654,2876.579447123462
cup,RandomForest,lodo_target_day,mask_area_future,trial2,4,6,10,44608.0,44743.0,39796.82438861331,4946.175611386687
cup,RandomForest,lodo_target_day,mask_area_future,trial2,4,9,13,42721.0,44627.0,40889.47451806368,3737.525481936318
cup,RandomForest,lodo_target_day,mask_area_future,trial2,4,10,14,44743.0,43942.0,42077.61931941963,1864.3806805803688
cup,RandomForest,lodo_target_day,mask_area_future,trial2,4,12,16,44607.0,42086.0,42030.88204662616,55.117953373839555
cup,RandomForest,lodo_target_day,mask_area_future,trial2,5,1,5,30842.0,30719.0,35756.250327750866,5037.250327750866
cup,RandomForest,lodo_target_day,mask_area_future,trial2,5,2,6,31103.0,30750.0,34779.6814220999,4029.6814220999004
cup,RandomForest,lodo_target_day,mask_area_future,trial2,5,3,7,31012.0,37057.0,36822.167609885975,234.83239011402475
cup,RandomForest,lodo_target_day,mask_area_future,trial2,5,4,8,31206.0,35819.0,35121.26604982734,697.7339501726601
cup,RandomForest,lodo_target_day,mask_area_future,trial2,5,5,9,30719.0,38910.0,35565.21655488546,3344.783445114539
cup,RandomForest,lodo_target_day,mask_area_future,trial2,5,6,10,30750.0,37743.0,35299.83205552189,2443.167944478111
cup,RandomForest,lodo_target_day,mask_area_future,trial2,5,7,11,37057.0,34928.0,38633.86377810112,3705.8637781011203
cup,RandomForest,lodo_target_day,mask_area_future,trial2,5,8,12,35819.0,33689.0,37920.99584822301,4231.995848223007
cup,RandomForest,lodo_target_day,mask_area_future,trial2,5,11,15,34928.0,44451.0,39407.37307530488,5043.62692469512
cup,RandomForest,lodo_target_day,mask_area_future,trial2,6,1,5,68393.0,63266.0,70007.5083313008,6741.508331300807
cup,RandomForest,lodo_target_day,mask_area_future,trial2,6,2,6,64674.0,64622.0,71828.69137301588,7206.691373015885
cup,RandomForest,lodo_target_day,mask_area_future,trial2,6,5,9,63266.0,73021.0,71336.66050000001,1684.3394999999873
cup,RandomForest,lodo_target_day,mask_area_future,trial2,6,6,10,64622.0,73411.0,69122.47705555556,4288.522944444441
cup,RandomForest,lodo_target_day,mask_area_future,trial2,6,9,13,73021.0,75553.0,69661.96633333333,5891.03366666667
cup,RandomForest,lodo_target_day,mask_area_future,trial2,6,10,14,73411.0,71507.0,71878.50394047619,371.50394047619193
cup,RandomForest,lodo_target_day,mask_area_future,trial2,6,11,15,73219.0,68578.0,70566.21966666667,1988.2196666666714
cup,RandomForest,lodo_target_day,mask_area_future,trial2,6,12,16,75702.0,67064.0,70617.3876111111,3553.387611111102
cup,RandomForest,lodo_target_day,mask_area_future,trial2,7,1,5,25235.0,25530.0,29996.045115464254,4466.045115464254
cup,RandomForest,lodo_target_day,mask_area_future,trial2,7,2,6,25104.0,25735.0,30465.75290098307,4730.752900983069
cup,RandomForest,lodo_target_day,mask_area_future,trial2,7,3,7,25285.0,26238.0,32570.584228036278,6332.584228036278
cup,RandomForest,lodo_target_day,mask_area_future,trial2,7,4,8,25263.0,26083.0,29863.522652276755,3780.5226522767553
cup,RandomForest,lodo_target_day,mask_area_future,trial2,7,5,9,25530.0,26737.0,32342.140298751117,5605.140298751117
cup,RandomForest,lodo_target_day,mask_area_future,trial2,8,1,5,33102.0,33665.0,37403.391667682,3738.391667682001
cup,RandomForest,lodo_target_day,mask_area_future,trial2,8,2,6,36268.0,34810.0,37282.462538862776,2472.4625388627755
cup,RandomForest,lodo_target_day,mask_area_future,trial2,8,4,8,35796.0,33483.0,37741.02581661024,4258.025816610243
cup,RandomForest,lodo_target_day,mask_area_future,trial2,8,5,9,33665.0,44588.0,36008.35664181886,8579.643358181143
cup,RandomForest,lodo_target_day,mask_area_future,trial2,8,6,10,34810.0,42877.0,36745.004340901876,6131.995659098124
cup,RandomForest,lodo_target_day,mask_area_future,trial2,8,8,12,33483.0,35586.0,38140.1082050305,2554.1082050304976
cup,RandomForest,lodo_target_day,mask_area_future,trial2,8,9,13,44588.0,40708.0,41145.77661857735,437.77661857735075
cup,RandomForest,lodo_target_day,mask_area_future,trial2,8,10,14,42877.0,43816.0,41228.97879735517,2587.021202644828
cup,RandomForest,lodo_target_day,mask_area_future,trial2,8,11,15,37178.0,44485.0,39522.697520371585,4962.302479628415
cup,RandomForest,lodo_target_day,mask_area_future,trial2,8,12,16,35586.0,44561.0,41231.19940758989,3329.800592410109
cup,RandomForest,lodo_target_day,mask_area_future,trial2,9,1,5,22788.0,26083.0,33098.46695206503,7015.466952065028
cup,RandomForest,lodo_target_day,mask_area_future,trial2,9,2,6,25834.0,25534.0,32994.3303857378,7460.330385737798
cup,RandomForest,lodo_target_day,mask_area_future,trial2,9,4,8,25275.0,44366.0,29903.718484671674,14462.281515328326
cup,RandomForest,lodo_target_day,mask_area_future,trial2,12,10,14,66025.0,83741.0,68669.1473214286,15071.852678571406
cup,GradBoost,lodo_target_day,mask_area_future,trial1,1,19,23,28645.0,33013.0,33654.685113534455,641.685113534455
cup,GradBoost,lodo_target_day,mask_area_future,trial1,1,22,26,41915.0,31691.0,33490.53946935802,1799.5394693580165
cup,GradBoost,lodo_target_day,mask_area_future,trial1,2,19,23,24715.0,35688.0,33049.65137359646,2638.348626403538
cup,GradBoost,lodo_target_day,mask_area_future,trial1,2,21,25,39838.0,32030.0,32525.884567310935,495.8845673109354
cup,GradBoost,lodo_target_day,mask_area_future,trial1,2,23,27,35688.0,29755.0,26149.360807256813,3605.639192743187
cup,GradBoost,lodo_target_day,mask_area_future,trial1,4,18,22,14385.0,27935.0,30954.157540235094,3019.1575402350936
cup,GradBoost,lodo_target_day,mask_area_future,trial1,4,19,23,28069.0,31875.0,27125.113136134874,4749.886863865126
cup,GradBoost,lodo_target_day,mask_area_future,trial1,4,21,25,33740.0,19194.0,32489.251418104333,13295.251418104333
cup,GradBoost,lodo_target_day,mask_area_future,trial1,4,22,26,27935.0,19897.0,29321.232335347653,9424.232335347653
cup,GradBoost,lodo_target_day,mask_area_future,trial1,4,23,27,31875.0,27892.0,30666.972203011403,2774.9722030114026
cup,GradBoost,lodo_target_day,mask_area_future,trial1,5,18,22,23134.0,32578.0,31445.802146997998,1132.1978530020024
cup,GradBoost,lodo_target_day,mask_area_future,trial1,5,21,25,32279.0,23181.0,29735.716597542574,6554.716597542574
cup,GradBoost,lodo_target_day,mask_area_future,trial1,5,22,26,32578.0,14280.0,27591.37419586471,13311.374195864712
cup,GradBoost,lodo_target_day,mask_area_future,trial1,6,19,23,30319.0,32650.0,33106.022796134006,456.02279613400606
cup,GradBoost,lodo_target_day,mask_area_future,trial1,6,21,25,41227.0,35715.0,28721.936322461013,6993.063677538987
cup,GradBoost,lodo_target_day,mask_area_future,trial1,6,22,26,30771.0,44352.0,33342.06491939723,11009.935080602772
cup,GradBoost,lodo_target_day,mask_area_future,trial1,6,23,27,32650.0,33385.0,38097.12037086154,4712.120370861543
cup,GradBoost,lodo_target_day,mask_area_future,trial1,7,5,9,40882.0,44642.0,35953.56238481339,8688.437615186609
cup,GradBoost,lodo_target_day,mask_area_future,trial1,7,18,22,37889.0,31077.0,39067.27144790763,7990.271447907631
cup,GradBoost,lodo_target_day,mask_area_future,trial1,7,21,25,35028.0,29068.0,32354.588795804215,3286.588795804215
cup,GradBoost,lodo_target_day,mask_area_future,trial1,7,22,26,31077.0,18552.0,30353.090843015514,11801.090843015514
cup,GradBoost,lodo_target_day,mask_area_future,trial1,7,23,27,33473.0,34065.0,33403.70192102813,661.2980789718713
cup,GradBoost,lodo_target_day,mask_area_future,trial1,8,1,5,40430.0,38146.0,38766.998921092636,620.998921092636
cup,GradBoost,lodo_target_day,mask_area_future,trial1,8,22,26,39590.0,33117.0,32424.85415464418,692.1458453558189
cup,GradBoost,lodo_target_day,mask_area_future,trial1,8,23,27,42584.0,33411.0,39568.659510676254,6157.659510676254
cup,GradBoost,lodo_target_day,mask_area_future,trial1,9,18,22,37663.0,36623.0,36867.20778851524,244.20778851523937
cup,GradBoost,lodo_target_day,mask_area_future,trial1,9,21,25,42941.0,35789.0,35442.038366009874,346.96163399012585
cup,GradBoost,lodo_target_day,mask_area_future,trial1,9,22,26,36623.0,36021.0,34696.90396712288,1324.096032877118
cup,GradBoost,lodo_target_day,mask_area_future,trial1,9,23,27,39214.0,38813.0,39540.49254378978,727.4925437897764
cup,GradBoost,lodo_target_day,mask_area_future,trial1,11,1,5,44849.0,42648.0,44656.97211662307,2008.9721166230665
cup,GradBoost,lodo_target_day,mask_area_future,trial1,11,2,6,44514.0,41506.0,40752.12080467618,753.8791953238178
cup,GradBoost,lodo_target_day,mask_area_future,trial1,11,3,7,44603.0,42927.0,42418.25987817792,508.7401218220766
cup,GradBoost,lodo_target_day,mask_area_future,trial1,11,4,8,44733.0,41210.0,42793.2168113623,1583.2168113622974
cup,GradBoost,lodo_target_day,mask_area_future,trial1,11,5,9,42648.0,39268.0,37008.31094592279,2259.6890540772074
cup,GradBoost,lodo_target_day,mask_area_future,trial1,11,18,22,38546.0,32926.0,34821.196670201345,1895.1966702013451
cup,GradBoost,lodo_target_day,mask_area_future,trial1,11,21,25,39838.0,38744.0,45708.64844040535,6964.648440405348
cup,GradBoost,lodo_target_day,mask_area_future,trial1,11,22,26,32926.0,32097.0,33203.73531419323,1106.7353141932326
cup,GradBoost,lodo_target_day,mask_area_future,trial1,11,23,27,44708.0,39343.0,41941.17708989544,2598.177089895442
cup,GradBoost,lodo_target_day,mask_area_future,trial1,12,18,22,42025.0,37679.0,36636.21215172327,1042.7878482767264
cup,GradBoost,lodo_target_day,mask_area_future,trial1,12,21,25,40298.0,34927.0,35044.78594023592,117.78594023591722
cup,GradBoost,lodo_target_day,mask_area_future,trial1,12,22,26,37679.0,17886.0,35501.774702242816,17615.774702242816
cup,GradBoost,lodo_target_day,mask_area_future,trial1,14,0,4,76366.0,81850.0,70432.76117592723,11417.238824072774
cup,GradBoost,lodo_target_day,mask_area_future,trial1,14,1,5,75818.0,71535.0,79452.8068877281,7917.806887728104
cup,GradBoost,lodo_target_day,mask_area_future,trial2,1,1,5,30027.0,26996.0,35265.29284332272,8269.29284332272
cup,GradBoost,lodo_target_day,mask_area_future,trial2,1,2,6,28792.0,30866.0,31788.639016168687,922.6390161686868
cup,GradBoost,lodo_target_day,mask_area_future,trial2,1,3,7,27671.0,32033.0,34520.44816993847,2487.4481699384705
cup,GradBoost,lodo_target_day,mask_area_future,trial2,1,4,8,31854.0,31893.0,34998.828406951696,3105.828406951696
cup,GradBoost,lodo_target_day,mask_area_future,trial2,1,5,9,26996.0,33318.0,33529.06030139206,211.06030139206268
cup,GradBoost,lodo_target_day,mask_area_future,trial2,1,6,10,30866.0,39044.0,36888.68936501366,2155.3106349863374
cup,GradBoost,lodo_target_day,mask_area_future,trial2,1,7,11,32033.0,36797.0,35668.3176001482,1128.6823998518012
cup,GradBoost,lodo_target_day,mask_area_future,trial2,1,8,12,31893.0,36984.0,37804.5448073323,820.5448073322987
cup,GradBoost,lodo_target_day,mask_area_future,trial2,1,9,13,33318.0,41829.0,36294.41976035226,5534.5802396477375
cup,GradBoost,lodo_target_day,mask_area_future,trial2,1,10,14,39044.0,41624.0,39838.30732656657,1785.6926734334265
cup,GradBoost,lodo_target_day,mask_area_future,trial2,1,11,15,36797.0,41946.0,40360.641423805486,1585.3585761945142
cup,GradBoost,lodo_target_day,mask_area_future,trial2,1,12,16,36984.0,43614.0,41174.48353328071,2439.5164667192876
cup,GradBoost,lodo_target_day,mask_area_future,trial2,2,1,5,18058.0,34221.0,38385.926498059525,4164.926498059525
cup,GradBoost,lodo_target_day,mask_area_future,trial2,2,2,6,27175.0,36340.0,33314.64545563928,3025.354544360722
cup,GradBoost,lodo_target_day,mask_area_future,trial2,2,3,7,26126.0,36830.0,37166.289409457524,336.289409457524
cup,GradBoost,lodo_target_day,mask_area_future,trial2,2,4,8,27384.0,37521.0,35212.51307261225,2308.4869273877484
cup,GradBoost,lodo_target_day,mask_area_future,trial2,2,5,9,34221.0,38046.0,29294.161041356067,8751.838958643933
cup,GradBoost,lodo_target_day,mask_area_future,trial2,2,6,10,36340.0,32723.0,38051.183701525515,5328.183701525515
cup,GradBoost,lodo_target_day,mask_area_future,trial2,2,7,11,36830.0,37249.0,38440.9705473818,1191.970547381803
cup,GradBoost,lodo_target_day,mask_area_future,trial2,2,8,12,37521.0,38571.0,35711.65755385074,2859.3424461492614
cup,GradBoost,lodo_target_day,mask_area_future,trial2,2,9,13,38046.0,42374.0,37124.35763000221,5249.6423699977895
cup,GradBoost,lodo_target_day,mask_area_future,trial2,2,10,14,32723.0,42765.0,35571.24544410599,7193.754555894011
cup,GradBoost,lodo_target_day,mask_area_future,trial2,2,11,15,37249.0,44730.0,39394.60406714875,5335.39593285125
cup,GradBoost,lodo_target_day,mask_area_future,trial2,3,1,5,31948.0,31994.0,38525.274252522315,6531.274252522315
cup,GradBoost,lodo_target_day,mask_area_future,trial2,3,2,6,31650.0,32677.0,35190.51223045405,2513.512230454049
cup,GradBoost,lodo_target_day,mask_area_future,trial2,3,3,7,44765.0,40230.0,42581.6386941618,2351.6386941617966
cup,GradBoost,lodo_target_day,mask_area_future,trial2,3,4,8,31644.0,39877.0,36634.36417803789,3242.6358219621106
cup,GradBoost,lodo_target_day,mask_area_future,trial2,3,5,9,31994.0,43212.0,37045.66987330467,6166.330126695328
cup,GradBoost,lodo_target_day,mask_area_future,trial2,3,6,10,32677.0,43376.0,37896.59644818964,5479.403551810363
cup,GradBoost,lodo_target_day,mask_area_future,trial2,3,7,11,40230.0,37275.0,34678.509419503986,2596.4905804960144
cup,GradBoost,lodo_target_day,mask_area_future,trial2,3,8,12,39877.0,39721.0,38704.406578726645,1016.5934212733555
cup,GradBoost,lodo_target_day,mask_area_future,trial2,3,9,13,43212.0,40961.0,44061.98585716888,3100.985857168882
cup,GradBoost,lodo_target_day,mask_area_future,trial2,3,10,14,43376.0,43679.0,43180.07442084254,498.92557915746147
cup,GradBoost,lodo_target_day,mask_area_future,trial2,3,11,15,37275.0,44880.0,41116.202144208095,3763.797855791905
cup,GradBoost,lodo_target_day,mask_area_future,trial2,3,12,16,39721.0,43022.0,44372.011674736175,1350.0116747361753
cup,GradBoost,lodo_target_day,mask_area_future,trial2,4,1,5,44781.0,44933.0,44077.955318269676,855.0446817303236
cup,GradBoost,lodo_target_day,mask_area_future,trial2,4,2,6,43709.0,44608.0,40265.87013355161,4342.129866448391
cup,GradBoost,lodo_target_day,mask_area_future,trial2,4,5,9,44933.0,42721.0,45644.02382750078,2923.0238275007796
cup,GradBoost,lodo_target_day,mask_area_future,trial2,4,6,10,44608.0,44743.0,42308.41055280158,2434.589447198421
cup,GradBoost,lodo_target_day,mask_area_future,trial2,4,9,13,42721.0,44627.0,42791.78607935775,1835.2139206422507
cup,GradBoost,lodo_target_day,mask_area_future,trial2,4,10,14,44743.0,43942.0,46778.758946449656,2836.758946449656
cup,GradBoost,lodo_target_day,mask_area_future,trial2,4,12,16,44607.0,42086.0,45366.89300201826,3280.8930020182597
cup,GradBoost,lodo_target_day,mask_area_future,trial2,5,1,5,30842.0,30719.0,38103.04272108625,7384.042721086247
cup,GradBoost,lodo_target_day,mask_area_future,trial2,5,2,6,31103.0,30750.0,34671.39808897422,3921.3980889742234
cup,GradBoost,lodo_target_day,mask_area_future,trial2,5,3,7,31012.0,37057.0,37476.77757438423,419.7775743842285
cup,GradBoost,lodo_target_day,mask_area_future,trial2,5,4,8,31206.0,35819.0,36570.836839317206,751.8368393172059
cup,GradBoost,lodo_target_day,mask_area_future,trial2,5,5,9,30719.0,38910.0,36851.013212679514,2058.9867873204857
cup,GradBoost,lodo_target_day,mask_area_future,trial2,5,6,10,30750.0,37743.0,37024.37496061628,718.6250393837181
cup,GradBoost,lodo_target_day,mask_area_future,trial2,5,7,11,37057.0,34928.0,38442.77823734022,3514.7782373402224
cup,GradBoost,lodo_target_day,mask_area_future,trial2,5,8,12,35819.0,33689.0,38174.93711644211,4485.93711644211
cup,GradBoost,lodo_target_day,mask_area_future,trial2,5,11,15,34928.0,44451.0,40996.87139161334,3454.128608386658
cup,GradBoost,lodo_target_day,mask_area_future,trial2,6,1,5,68393.0,63266.0,73326.28573890473,10060.285738904728
cup,GradBoost,lodo_target_day,mask_area_future,trial2,6,2,6,64674.0,64622.0,70569.53997814981,5947.539978149813
cup,GradBoost,lodo_target_day,mask_area_future,trial2,6,5,9,63266.0,73021.0,61670.60445783022,11350.395542169783
cup,GradBoost,lodo_target_day,mask_area_future,trial2,6,6,10,64622.0,73411.0,68870.19681687787,4540.803183122131
cup,GradBoost,lodo_target_day,mask_area_future,trial2,6,9,13,73021.0,75553.0,67293.5301127909,8259.469887209096
cup,GradBoost,lodo_target_day,mask_area_future,trial2,6,10,14,73411.0,71507.0,74882.17117241799,3375.1711724179913
cup,GradBoost,lodo_target_day,mask_area_future,trial2,6,11,15,73219.0,68578.0,68938.62313920778,360.62313920777524
cup,GradBoost,lodo_target_day,mask_area_future,trial2,6,12,16,75702.0,67064.0,70712.8730471537,3648.8730471536983
cup,GradBoost,lodo_target_day,mask_area_future,trial2,7,1,5,25235.0,25530.0,28881.46329843217,3351.463298432169
cup,GradBoost,lodo_target_day,mask_area_future,trial2,7,2,6,25104.0,25735.0,27680.0167525093,1945.0167525092984
cup,GradBoost,lodo_target_day,mask_area_future,trial2,7,3,7,25285.0,26238.0,34198.31820011723,7960.318200117232
cup,GradBoost,lodo_target_day,mask_area_future,trial2,7,4,8,25263.0,26083.0,33406.459450692826,7323.459450692826
cup,GradBoost,lodo_target_day,mask_area_future,trial2,7,5,9,25530.0,26737.0,27345.041804439636,608.0418044396356
cup,GradBoost,lodo_target_day,mask_area_future,trial2,8,1,5,33102.0,33665.0,40093.6833509997,6428.683350999701
cup,GradBoost,lodo_target_day,mask_area_future,trial2,8,2,6,36268.0,34810.0,35836.2817378726,1026.2817378726031
cup,GradBoost,lodo_target_day,mask_area_future,trial2,8,4,8,35796.0,33483.0,39441.49900206736,5958.499002067358
cup,GradBoost,lodo_target_day,mask_area_future,trial2,8,5,9,33665.0,44588.0,38478.63734150027,6109.362658499733
cup,GradBoost,lodo_target_day,mask_area_future,trial2,8,6,10,34810.0,42877.0,39119.60419047669,3757.39580952331
cup,GradBoost,lodo_target_day,mask_area_future,trial2,8,8,12,33483.0,35586.0,39838.97560227468,4252.975602274681
cup,GradBoost,lodo_target_day,mask_area_future,trial2,8,9,13,44588.0,40708.0,44297.30267348252,3589.302673482518
cup,GradBoost,lodo_target_day,mask_area_future,trial2,8,10,14,42877.0,43816.0,43637.01141167577,178.9885883242314
cup,GradBoost,lodo_target_day,mask_area_future,trial2,8,11,15,37178.0,44485.0,40887.66092458051,3597.3390754194916
cup,GradBoost,lodo_target_day,mask_area_future,trial2,8,12,16,35586.0,44561.0,42295.820853883444,2265.179146116556
cup,GradBoost,lodo_target_day,mask_area_future,trial2,9,1,5,22788.0,26083.0,35751.91724235684,9668.917242356838
cup,GradBoost,lodo_target_day,mask_area_future,trial2,9,2,6,25834.0,25534.0,35491.971484504866,9957.971484504866
cup,GradBoost,lodo_target_day,mask_area_future,trial2,9,4,8,25275.0,44366.0,32236.04805440093,12129.95194559907
cup,GradBoost,lodo_target_day,mask_area_future,trial2,12,10,14,66025.0,83741.0,68712.19178018073,15028.808219819271
cup,XGBoost,lodo_target_day,mask_area_future,trial1,1,19,23,28645.0,33013.0,35884.1015625,2871.1015625
cup,XGBoost,lodo_target_day,mask_area_future,trial1,1,22,26,41915.0,31691.0,38585.0234375,6894.0234375
cup,XGBoost,lodo_target_day,mask_area_future,trial1,2,19,23,24715.0,35688.0,32297.76953125,3390.23046875
cup,XGBoost,lodo_target_day,mask_area_future,trial1,2,21,25,39838.0,32030.0,35088.7265625,3058.7265625
cup,XGBoost,lodo_target_day,mask_area_future,trial1,2,23,27,35688.0,29755.0,29482.955078125,272.044921875
cup,XGBoost,lodo_target_day,mask_area_future,trial1,4,18,22,14385.0,27935.0,30995.837890625,3060.837890625
cup,XGBoost,lodo_target_day,mask_area_future,trial1,4,19,23,28069.0,31875.0,29851.412109375,2023.587890625
cup,XGBoost,lodo_target_day,mask_area_future,trial1,4,21,25,33740.0,19194.0,32886.60546875,13692.60546875
cup,XGBoost,lodo_target_day,mask_area_future,trial1,4,22,26,27935.0,19897.0,32560.712890625,12663.712890625
cup,XGBoost,lodo_target_day,mask_area_future,trial1,4,23,27,31875.0,27892.0,31024.232421875,3132.232421875
cup,XGBoost,lodo_target_day,mask_area_future,trial1,5,18,22,23134.0,32578.0,31398.203125,1179.796875
cup,XGBoost,lodo_target_day,mask_area_future,trial1,5,21,25,32279.0,23181.0,32430.01953125,9249.01953125
cup,XGBoost,lodo_target_day,mask_area_future,trial1,5,22,26,32578.0,14280.0,29348.126953125,15068.126953125
cup,XGBoost,lodo_target_day,mask_area_future,trial1,6,19,23,30319.0,32650.0,33659.5546875,1009.5546875
cup,XGBoost,lodo_target_day,mask_area_future,trial1,6,21,25,41227.0,35715.0,32892.76171875,2822.23828125
cup,XGBoost,lodo_target_day,mask_area_future,trial1,6,22,26,30771.0,44352.0,34234.78125,10117.21875
cup,XGBoost,lodo_target_day,mask_area_future,trial1,6,23,27,32650.0,33385.0,39534.0703125,6149.0703125
cup,XGBoost,lodo_target_day,mask_area_future,trial1,7,5,9,40882.0,44642.0,36666.09375,7975.90625
cup,XGBoost,lodo_target_day,mask_area_future,trial1,7,18,22,37889.0,31077.0,36910.703125,5833.703125
cup,XGBoost,lodo_target_day,mask_area_future,trial1,7,21,25,35028.0,29068.0,34103.53515625,5035.53515625
cup,XGBoost,lodo_target_day,mask_area_future,trial1,7,22,26,31077.0,18552.0,34033.73828125,15481.73828125
cup,XGBoost,lodo_target_day,mask_area_future,trial1,7,23,27,33473.0,34065.0,33078.02734375,986.97265625
cup,XGBoost,lodo_target_day,mask_area_future,trial1,8,1,5,40430.0,38146.0,41959.26953125,3813.26953125
cup,XGBoost,lodo_target_day,mask_area_future,trial1,8,22,26,39590.0,33117.0,37680.3671875,4563.3671875
cup,XGBoost,lodo_target_day,mask_area_future,trial1,8,23,27,42584.0,33411.0,42888.4140625,9477.4140625
cup,XGBoost,lodo_target_day,mask_area_future,trial1,9,18,22,37663.0,36623.0,37008.46484375,385.46484375
cup,XGBoost,lodo_target_day,mask_area_future,trial1,9,21,25,42941.0,35789.0,33494.54296875,2294.45703125
cup,XGBoost,lodo_target_day,mask_area_future,trial1,9,22,26,36623.0,36021.0,34356.11328125,1664.88671875
cup,XGBoost,lodo_target_day,mask_area_future,trial1,9,23,27,39214.0,38813.0,41347.25390625,2534.25390625
cup,XGBoost,lodo_target_day,mask_area_future,trial1,11,1,5,44849.0,42648.0,41834.5078125,813.4921875
cup,XGBoost,lodo_target_day,mask_area_future,trial1,11,2,6,44514.0,41506.0,42886.8125,1380.8125
cup,XGBoost,lodo_target_day,mask_area_future,trial1,11,3,7,44603.0,42927.0,41989.9375,937.0625
cup,XGBoost,lodo_target_day,mask_area_future,trial1,11,4,8,44733.0,41210.0,42222.125,1012.125
cup,XGBoost,lodo_target_day,mask_area_future,trial1,11,5,9,42648.0,39268.0,37610.5625,1657.4375
cup,XGBoost,lodo_target_day,mask_area_future,trial1,11,18,22,38546.0,32926.0,32972.75390625,46.75390625
cup,XGBoost,lodo_target_day,mask_area_future,trial1,11,21,25,39838.0,38744.0,37631.0078125,1112.9921875
cup,XGBoost,lodo_target_day,mask_area_future,trial1,11,22,26,32926.0,32097.0,37117.8125,5020.8125
cup,XGBoost,lodo_target_day,mask_area_future,trial1,11,23,27,44708.0,39343.0,41952.35546875,2609.35546875
cup,XGBoost,lodo_target_day,mask_area_future,trial1,12,18,22,42025.0,37679.0,34647.25390625,3031.74609375
cup,XGBoost,lodo_target_day,mask_area_future,trial1,12,21,25,40298.0,34927.0,34673.71875,253.28125
cup,XGBoost,lodo_target_day,mask_area_future,trial1,12,22,26,37679.0,17886.0,39238.62109375,21352.62109375
cup,XGBoost,lodo_target_day,mask_area_future,trial1,14,0,4,76366.0,81850.0,70318.625,11531.375
cup,XGBoost,lodo_target_day,mask_area_future,trial1,14,1,5,75818.0,71535.0,77637.9140625,6102.9140625
cup,XGBoost,lodo_target_day,mask_area_future,trial2,1,1,5,30027.0,26996.0,33222.83984375,6226.83984375
cup,XGBoost,lodo_target_day,mask_area_future,trial2,1,2,6,28792.0,30866.0,29670.939453125,1195.060546875
cup,XGBoost,lodo_target_day,mask_area_future,trial2,1,3,7,27671.0,32033.0,34162.97265625,2129.97265625
cup,XGBoost,lodo_target_day,mask_area_future,trial2,1,4,8,31854.0,31893.0,33350.2109375,1457.2109375
cup,XGBoost,lodo_target_day,mask_area_future,trial2,1,5,9,26996.0,33318.0,33726.15234375,408.15234375
cup,XGBoost,lodo_target_day,mask_area_future,trial2,1,6,10,30866.0,39044.0,36656.203125,2387.796875
cup,XGBoost,lodo_target_day,mask_area_future,trial2,1,7,11,32033.0,36797.0,37944.0,1147.0
cup,XGBoost,lodo_target_day,mask_area_future,trial2,1,8,12,31893.0,36984.0,37714.93359375,730.93359375
cup,XGBoost,lodo_target_day,mask_area_future,trial2,1,9,13,33318.0,41829.0,38130.15234375,3698.84765625
cup,XGBoost,lodo_target_day,mask_area_future,trial2,1,10,14,39044.0,41624.0,40247.11328125,1376.88671875
cup,XGBoost,lodo_target_day,mask_area_future,trial2,1,11,15,36797.0,41946.0,41141.4453125,804.5546875
cup,XGBoost,lodo_target_day,mask_area_future,trial2,1,12,16,36984.0,43614.0,40437.41015625,3176.58984375
cup,XGBoost,lodo_target_day,mask_area_future,trial2,2,1,5,18058.0,34221.0,35566.0546875,1345.0546875
cup,XGBoost,lodo_target_day,mask_area_future,trial2,2,2,6,27175.0,36340.0,32103.2109375,4236.7890625
cup,XGBoost,lodo_target_day,mask_area_future,trial2,2,3,7,26126.0,36830.0,38107.25390625,1277.25390625
cup,XGBoost,lodo_target_day,mask_area_future,trial2,2,4,8,27384.0,37521.0,35144.16015625,2376.83984375
cup,XGBoost,lodo_target_day,mask_area_future,trial2,2,5,9,34221.0,38046.0,32411.240234375,5634.759765625
cup,XGBoost,lodo_target_day,mask_area_future,trial2,2,6,10,36340.0,32723.0,37664.60546875,4941.60546875
cup,XGBoost,lodo_target_day,mask_area_future,trial2,2,7,11,36830.0,37249.0,38817.08203125,1568.08203125
cup,XGBoost,lodo_target_day,mask_area_future,trial2,2,8,12,37521.0,38571.0,34960.77734375,3610.22265625
cup,XGBoost,lodo_target_day,mask_area_future,trial2,2,9,13,38046.0,42374.0,41044.6953125,1329.3046875
cup,XGBoost,lodo_target_day,mask_area_future,trial2,2,10,14,32723.0,42765.0,33094.2265625,9670.7734375
cup,XGBoost,lodo_target_day,mask_area_future,trial2,2,11,15,37249.0,44730.0,40336.046875,4393.953125
cup,XGBoost,lodo_target_day,mask_area_future,trial2,3,1,5,31948.0,31994.0,36879.23828125,4885.23828125
cup,XGBoost,lodo_target_day,mask_area_future,trial2,3,2,6,31650.0,32677.0,34769.37109375,2092.37109375
cup,XGBoost,lodo_target_day,mask_area_future,trial2,3,3,7,44765.0,40230.0,39271.10546875,958.89453125
cup,XGBoost,lodo_target_day,mask_area_future,trial2,3,4,8,31644.0,39877.0,36346.28125,3530.71875
cup,XGBoost,lodo_target_day,mask_area_future,trial2,3,5,9,31994.0,43212.0,37747.7421875,5464.2578125
cup,XGBoost,lodo_target_day,mask_area_future,trial2,3,6,10,32677.0,43376.0,37734.09375,5641.90625
cup,XGBoost,lodo_target_day,mask_area_future,trial2,3,7,11,40230.0,37275.0,38408.94921875,1133.94921875
cup,XGBoost,lodo_target_day,mask_area_future,trial2,3,8,12,39877.0,39721.0,40263.015625,542.015625
cup,XGBoost,lodo_target_day,mask_area_future,trial2,3,9,13,43212.0,40961.0,42800.71875,1839.71875
cup,XGBoost,lodo_target_day,mask_area_future,trial2,3,10,14,43376.0,43679.0,41439.07421875,2239.92578125
cup,XGBoost,lodo_target_day,mask_area_future,trial2,3,11,15,37275.0,44880.0,40906.0703125,3973.9296875
cup,XGBoost,lodo_target_day,mask_area_future,trial2,3,12,16,39721.0,43022.0,42828.421875,193.578125
cup,XGBoost,lodo_target_day,mask_area_future,trial2,4,1,5,44781.0,44933.0,41979.38671875,2953.61328125
cup,XGBoost,lodo_target_day,mask_area_future,trial2,4,2,6,43709.0,44608.0,41902.30859375,2705.69140625
cup,XGBoost,lodo_target_day,mask_area_future,trial2,4,5,9,44933.0,42721.0,47553.55859375,4832.55859375
cup,XGBoost,lodo_target_day,mask_area_future,trial2,4,6,10,44608.0,44743.0,39605.05859375,5137.94140625
cup,XGBoost,lodo_target_day,mask_area_future,trial2,4,9,13,42721.0,44627.0,45340.40625,713.40625
cup,XGBoost,lodo_target_day,mask_area_future,trial2,4,10,14,44743.0,43942.0,44816.8359375,874.8359375
cup,XGBoost,lodo_target_day,mask_area_future,trial2,4,12,16,44607.0,42086.0,45222.84375,3136.84375
cup,XGBoost,lodo_target_day,mask_area_future,trial2,5,1,5,30842.0,30719.0,36350.41796875,5631.41796875
cup,XGBoost,lodo_target_day,mask_area_future,trial2,5,2,6,31103.0,30750.0,33337.4921875,2587.4921875
cup,XGBoost,lodo_target_day,mask_area_future,trial2,5,3,7,31012.0,37057.0,37795.24609375,738.24609375
cup,XGBoost,lodo_target_day,mask_area_future,trial2,5,4,8,31206.0,35819.0,36223.1953125,404.1953125
cup,XGBoost,lodo_target_day,mask_area_future,trial2,5,5,9,30719.0,38910.0,36636.28515625,2273.71484375
cup,XGBoost,lodo_target_day,mask_area_future,trial2,5,6,10,30750.0,37743.0,36917.4375,825.5625
cup,XGBoost,lodo_target_day,mask_area_future,trial2,5,7,11,37057.0,34928.0,38782.484375,3854.484375
cup,XGBoost,lodo_target_day,mask_area_future,trial2,5,8,12,35819.0,33689.0,37984.109375,4295.109375
cup,XGBoost,lodo_target_day,mask_area_future,trial2,5,11,15,34928.0,44451.0,41621.31640625,2829.68359375
cup,XGBoost,lodo_target_day,mask_area_future,trial2,6,1,5,68393.0,63266.0,70709.6015625,7443.6015625
cup,XGBoost,lodo_target_day,mask_area_future,trial2,6,2,6,64674.0,64622.0,71506.1953125,6884.1953125
cup,XGBoost,lodo_target_day,mask_area_future,trial2,6,5,9,63266.0,73021.0,44726.33984375,28294.66015625
cup,XGBoost,lodo_target_day,mask_area_future,trial2,6,6,10,64622.0,73411.0,63186.65234375,10224.34765625
cup,XGBoost,lodo_target_day,mask_area_future,trial2,6,9,13,73021.0,75553.0,67812.625,7740.375
cup,XGBoost,lodo_target_day,mask_area_future,trial2,6,10,14,73411.0,71507.0,72334.25,827.25
cup,XGBoost,lodo_target_day,mask_area_future,trial2,6,11,15,73219.0,68578.0,68728.765625,150.765625
cup,XGBoost,lodo_target_day,mask_area_future,trial2,6,12,16,75702.0,67064.0,71051.4140625,3987.4140625
cup,XGBoost,lodo_target_day,mask_area_future,trial2,7,1,5,25235.0,25530.0,28068.88671875,2538.88671875
cup,XGBoost,lodo_target_day,mask_area_future,trial2,7,2,6,25104.0,25735.0,26403.185546875,668.185546875
cup,XGBoost,lodo_target_day,mask_area_future,trial2,7,3,7,25285.0,26238.0,31315.396484375,5077.396484375
cup,XGBoost,lodo_target_day,mask_area_future,trial2,7,4,8,25263.0,26083.0,34027.59765625,7944.59765625
cup,XGBoost,lodo_target_day,mask_area_future,trial2,7,5,9,25530.0,26737.0,28268.580078125,1531.580078125
cup,XGBoost,lodo_target_day,mask_area_future,trial2,8,1,5,33102.0,33665.0,39158.9609375,5493.9609375
cup,XGBoost,lodo_target_day,mask_area_future,trial2,8,2,6,36268.0,34810.0,36721.32421875,1911.32421875
cup,XGBoost,lodo_target_day,mask_area_future,trial2,8,4,8,35796.0,33483.0,39252.06640625,5769.06640625
cup,XGBoost,lodo_target_day,mask_area_future,trial2,8,5,9,33665.0,44588.0,38095.8671875,6492.1328125
cup,XGBoost,lodo_target_day,mask_area_future,trial2,8,6,10,34810.0,42877.0,38908.6484375,3968.3515625
cup,XGBoost,lodo_target_day,mask_area_future,trial2,8,8,12,33483.0,35586.0,40775.5703125,5189.5703125
cup,XGBoost,lodo_target_day,mask_area_future,trial2,8,9,13,44588.0,40708.0,42602.08984375,1894.08984375
cup,XGBoost,lodo_target_day,mask_area_future,trial2,8,10,14,42877.0,43816.0,41666.84765625,2149.15234375
cup,XGBoost,lodo_target_day,mask_area_future,trial2,8,11,15,37178.0,44485.0,40761.8203125,3723.1796875
cup,XGBoost,lodo_target_day,mask_area_future,trial2,8,12,16,35586.0,44561.0,40484.1171875,4076.8828125
cup,XGBoost,lodo_target_day,mask_area_future,trial2,9,1,5,22788.0,26083.0,32838.79296875,6755.79296875
cup,XGBoost,lodo_target_day,mask_area_future,trial2,9,2,6,25834.0,25534.0,34383.9453125,8849.9453125
cup,XGBoost,lodo_target_day,mask_area_future,trial2,9,4,8,25275.0,44366.0,33284.60546875,11081.39453125
cup,XGBoost,lodo_target_day,mask_area_future,trial2,12,10,14,66025.0,83741.0,68014.2265625,15726.7734375
tray,Persist,loo_trial,mask_area_future,trial1,-1,0,4,76366.0,213541.0,76366.0,137175.0
tray,Persist,loo_trial,mask_area_future,trial1,-1,1,5,161097.0,344006.0,161097.0,182909.0
tray,Persist,loo_trial,mask_area_future,trial1,-1,2,6,120236.0,266888.0,120236.0,146652.0
tray,Persist,loo_trial,mask_area_future,trial1,-1,3,7,123113.0,234990.0,123113.0,111877.0
tray,Persist,loo_trial,mask_area_future,trial1,-1,4,8,213541.0,41210.0,213541.0,172331.0
tray,Persist,loo_trial,mask_area_future,trial1,-1,5,9,344006.0,83910.0,344006.0,260096.0
tray,Persist,loo_trial,mask_area_future,trial1,-1,15,19,114351.0,183459.0,114351.0,69108.0
tray,Persist,loo_trial,mask_area_future,trial1,-1,18,22,208309.0,311094.0,208309.0,102785.0
tray,Persist,loo_trial,mask_area_future,trial1,-1,19,23,183459.0,293205.0,183459.0,109746.0
tray,Persist,loo_trial,mask_area_future,trial1,-1,21,25,343715.0,311930.0,343715.0,31785.0
tray,Persist,loo_trial,mask_area_future,trial1,-1,22,26,311094.0,301628.0,311094.0,9466.0
tray,Persist,loo_trial,mask_area_future,trial1,-1,23,27,293205.0,322093.0,293205.0,28888.0
tray,Persist,loo_trial,mask_area_future,trial2,-1,1,5,305174.0,317407.0,305174.0,12233.0
tray,Persist,loo_trial,mask_area_future,trial2,-1,2,6,369000.0,325942.0,369000.0,43058.0
tray,Persist,loo_trial,mask_area_future,trial2,-1,3,7,404126.0,172388.0,404126.0,231738.0
tray,Persist,loo_trial,mask_area_future,trial2,-1,4,8,486867.0,249042.0,486867.0,237825.0
tray,Persist,loo_trial,mask_area_future,trial2,-1,5,9,317407.0,340553.0,317407.0,23146.0
tray,Persist,loo_trial,mask_area_future,trial2,-1,6,10,325942.0,379942.0,325942.0,54000.0
tray,Persist,loo_trial,mask_area_future,trial2,-1,7,11,172388.0,256646.0,172388.0,84258.0
tray,Persist,loo_trial,mask_area_future,trial2,-1,8,12,249042.0,304860.0,249042.0,55818.0
tray,Persist,loo_trial,mask_area_future,trial2,-1,9,13,340553.0,286052.0,340553.0,54501.0
tray,Persist,loo_trial,mask_area_future,trial2,-1,10,14,379942.0,371074.0,379942.0,8868.0
tray,Persist,loo_trial,mask_area_future,trial2,-1,11,15,256646.0,416524.0,256646.0,159878.0
tray,Persist,loo_trial,mask_area_future,trial2,-1,12,16,304860.0,240347.0,304860.0,64513.0
tray,Persist,loo_trial,mask_area_future,trial2,-1,16,20,240347.0,68435.0,240347.0,171912.0
tray,GrowMean,loo_trial,mask_area_future,trial1,-1,0,4,76366.0,213541.0,43821.230769230766,169719.76923076925
tray,GrowMean,loo_trial,mask_area_future,trial1,-1,1,5,161097.0,344006.0,128552.23076923077,215453.76923076925
tray,GrowMean,loo_trial,mask_area_future,trial1,-1,2,6,120236.0,266888.0,87691.23076923077,179196.76923076925
tray,GrowMean,loo_trial,mask_area_future,trial1,-1,3,7,123113.0,234990.0,90568.23076923077,144421.76923076925
tray,GrowMean,loo_trial,mask_area_future,trial1,-1,4,8,213541.0,41210.0,180996.23076923078,139786.23076923078
tray,GrowMean,loo_trial,mask_area_future,trial1,-1,5,9,344006.0,83910.0,311461.23076923075,227551.23076923075
tray,GrowMean,loo_trial,mask_area_future,trial1,-1,15,19,114351.0,183459.0,81806.23076923077,101652.76923076923
tray,GrowMean,loo_trial,mask_area_future,trial1,-1,18,22,208309.0,311094.0,175764.23076923078,135329.76923076922
tray,GrowMean,loo_trial,mask_area_future,trial1,-1,19,23,183459.0,293205.0,150914.23076923078,142290.76923076922
tray,GrowMean,loo_trial,mask_area_future,trial1,-1,21,25,343715.0,311930.0,311170.23076923075,759.7692307692487
tray,GrowMean,loo_trial,mask_area_future,trial1,-1,22,26,311094.0,301628.0,278549.23076923075,23078.76923076925
tray,GrowMean,loo_trial,mask_area_future,trial1,-1,23,27,293205.0,322093.0,260660.23076923078,61432.76923076922
tray,GrowMean,loo_trial,mask_area_future,trial2,-1,1,5,305174.0,317407.0,339795.8333333333,22388.833333333314
tray,GrowMean,loo_trial,mask_area_future,trial2,-1,2,6,369000.0,325942.0,403621.8333333333,77679.83333333331
tray,GrowMean,loo_trial,mask_area_future,trial2,-1,3,7,404126.0,172388.0,438747.8333333333,266359.8333333333
tray,GrowMean,loo_trial,mask_area_future,trial2,-1,4,8,486867.0,249042.0,521488.8333333333,272446.8333333333
tray,GrowMean,loo_trial,mask_area_future,trial2,-1,5,9,317407.0,340553.0,352028.8333333333,11475.833333333314
tray,GrowMean,loo_trial,mask_area_future,trial2,-1,6,10,325942.0,379942.0,360563.8333333333,19378.166666666686
tray,GrowMean,loo_trial,mask_area_future,trial2,-1,7,11,172388.0,256646.0,207009.83333333334,49636.16666666666
tray,GrowMean,loo_trial,mask_area_future,trial2,-1,8,12,249042.0,304860.0,283663.8333333333,21196.166666666686
tray,GrowMean,loo_trial,mask_area_future,trial2,-1,9,13,340553.0,286052.0,375174.8333333333,89122.83333333331
tray,GrowMean,loo_trial,mask_area_future,trial2,-1,10,14,379942.0,371074.0,414563.8333333333,43489.833333333314
tray,GrowMean,loo_trial,mask_area_future,trial2,-1,11,15,256646.0,416524.0,291267.8333333333,125256.16666666669
tray,GrowMean,loo_trial,mask_area_future,trial2,-1,12,16,304860.0,240347.0,339481.8333333333,99134.83333333331
tray,GrowMean,loo_trial,mask_area_future,trial2,-1,16,20,240347.0,68435.0,274968.8333333333,206533.8333333333
tray,Ridge,loo_trial,mask_area_future,trial1,-1,0,4,76366.0,213541.0,73802.85621076834,139738.14378923166
tray,Ridge,loo_trial,mask_area_future,trial1,-1,1,5,161097.0,344006.0,87967.70080450526,256038.29919549474
tray,Ridge,loo_trial,mask_area_future,trial1,-1,2,6,120236.0,266888.0,144399.64220553916,122488.35779446084
tray,Ridge,loo_trial,mask_area_future,trial1,-1,3,7,123113.0,234990.0,163813.13890253077,71176.86109746923
tray,Ridge,loo_trial,mask_area_future,trial1,-1,4,8,213541.0,41210.0,100274.43090319869,59064.43090319869
tray,Ridge,loo_trial,mask_area_future,trial1,-1,5,9,344006.0,83910.0,191124.41092621407,107214.41092621407
tray,Ridge,loo_trial,mask_area_future,trial1,-1,15,19,114351.0,183459.0,165558.9390015555,17900.060998444504
tray,Ridge,loo_trial,mask_area_future,trial1,-1,18,22,208309.0,311094.0,197148.3330095194,113945.66699048059
tray,Ridge,loo_trial,mask_area_future,trial1,-1,19,23,183459.0,293205.0,190555.91451400908,102649.08548599092
tray,Ridge,loo_trial,mask_area_future,trial1,-1,21,25,343715.0,311930.0,325833.6182713445,13903.618271344516
tray,Ridge,loo_trial,mask_area_future,trial1,-1,22,26,311094.0,301628.0,355879.6635065592,54251.66350655921
tray,Ridge,loo_trial,mask_area_future,trial1,-1,23,27,293205.0,322093.0,429718.0883479705,107625.08834797051
tray,Ridge,loo_trial,mask_area_future,trial2,-1,1,5,305174.0,317407.0,195783.20539454377,121623.79460545623
tray,Ridge,loo_trial,mask_area_future,trial2,-1,2,6,369000.0,325942.0,195440.8755138067,130501.1244861933
tray,Ridge,loo_trial,mask_area_future,trial2,-1,3,7,404126.0,172388.0,207615.58044411917,35227.58044411917
tray,Ridge,loo_trial,mask_area_future,trial2,-1,4,8,486867.0,249042.0,221161.91989830154,27880.080101698462
tray,Ridge,loo_trial,mask_area_future,trial2,-1,5,9,317407.0,340553.0,411420.3223578923,70867.32235789229
tray,Ridge,loo_trial,mask_area_future,trial2,-1,6,10,325942.0,379942.0,488749.66789545084,108807.66789545084
tray,Ridge,loo_trial,mask_area_future,trial2,-1,7,11,172388.0,256646.0,709971.9011445945,453325.90114459454
tray,Ridge,loo_trial,mask_area_future,trial2,-1,8,12,249042.0,304860.0,763763.4295841197,458903.4295841197
tray,Ridge,loo_trial,mask_area_future,trial2,-1,9,13,340553.0,286052.0,283466.4381976987,2585.561802301323
tray,Ridge,loo_trial,mask_area_future,trial2,-1,10,14,379942.0,371074.0,257716.4274316203,113357.57256837969
tray,Ridge,loo_trial,mask_area_future,trial2,-1,11,15,256646.0,416524.0,130906.01478297055,285617.98521702946
tray,Ridge,loo_trial,mask_area_future,trial2,-1,12,16,304860.0,240347.0,215542.353292414,24804.646707586013
tray,Ridge,loo_trial,mask_area_future,trial2,-1,16,20,240347.0,68435.0,488043.70640046406,419608.70640046406
tray,ElasticNet,loo_trial,mask_area_future,trial1,-1,0,4,76366.0,213541.0,24655.857145106944,188885.14285489306
tray,ElasticNet,loo_trial,mask_area_future,trial1,-1,1,5,161097.0,344006.0,1884.2169679961517,342121.78303200385
tray,ElasticNet,loo_trial,mask_area_future,trial1,-1,2,6,120236.0,266888.0,225518.35436058618,41369.64563941382
tray,ElasticNet,loo_trial,mask_area_future,trial1,-1,3,7,123113.0,234990.0,297600.623892982,62610.623892982025
tray,ElasticNet,loo_trial,mask_area_future,trial1,-1,4,8,213541.0,41210.0,-65746.0244271842,106956.0244271842
tray,ElasticNet,loo_trial,mask_area_future,trial1,-1,5,9,344006.0,83910.0,307895.9635244413,223985.9635244413
tray,ElasticNet,loo_trial,mask_area_future,trial1,-1,15,19,114351.0,183459.0,136271.91696147676,47187.08303852324
tray,ElasticNet,loo_trial,mask_area_future,trial1,-1,18,22,208309.0,311094.0,322301.8579200759,11207.857920075883
tray,ElasticNet,loo_trial,mask_area_future,trial1,-1,19,23,183459.0,293205.0,176993.42216562192,116211.57783437808
tray,ElasticNet,loo_trial,mask_area_future,trial1,-1,21,25,343715.0,311930.0,591472.8078356893,279542.8078356893
tray,ElasticNet,loo_trial,mask_area_future,trial1,-1,22,26,311094.0,301628.0,544469.5860323186,242841.58603231865
tray,ElasticNet,loo_trial,mask_area_future,trial1,-1,23,27,293205.0,322093.0,479838.9311959735,157745.93119597348
tray,ElasticNet,loo_trial,mask_area_future,trial2,-1,1,5,305174.0,317407.0,379267.8273750256,61860.827375025605
tray,ElasticNet,loo_trial,mask_area_future,trial2,-1,2,6,369000.0,325942.0,345708.8903758452,19766.890375845192
tray,ElasticNet,loo_trial,mask_area_future,trial2,-1,3,7,404126.0,172388.0,421070.3639485457,248682.3639485457
tray,ElasticNet,loo_trial,mask_area_future,trial2,-1,4,8,486867.0,249042.0,478859.9761210914,229817.9761210914
tray,ElasticNet,loo_trial,mask_area_future,trial2,-1,5,9,317407.0,340553.0,875732.2726639039,535179.2726639039
tray,ElasticNet,loo_trial,mask_area_future,trial2,-1,6,10,325942.0,379942.0,1107198.9294578473,727256.9294578473
tray,ElasticNet,loo_trial,mask_area_future,trial2,-1,7,11,172388.0,256646.0,1560667.342466233,1304021.342466233
tray,ElasticNet,loo_trial,mask_area_future,trial2,-1,8,12,249042.0,304860.0,1705023.5740019833,1400163.5740019833
tray,ElasticNet,loo_trial,mask_area_future,trial2,-1,9,13,340553.0,286052.0,686870.3044486607,400818.3044486607
tray,ElasticNet,loo_trial,mask_area_future,trial2,-1,10,14,379942.0,371074.0,528105.0933367906,157031.09333679057
tray,ElasticNet,loo_trial,mask_area_future,trial2,-1,11,15,256646.0,416524.0,70040.64298331429,346483.3570166857
tray,ElasticNet,loo_trial,mask_area_future,trial2,-1,12,16,304860.0,240347.0,202778.91247036564,37568.08752963436
tray,ElasticNet,loo_trial,mask_area_future,trial2,-1,16,20,240347.0,68435.0,816696.1331721346,748261.1331721346
tray,SVR-RBF,loo_trial,mask_area_future,trial1,-1,0,4,76366.0,213541.0,304860.8014157228,91319.80141572282
tray,SVR-RBF,loo_trial,mask_area_future,trial1,-1,1,5,161097.0,344006.0,304860.8014157228,39145.19858427718
tray,SVR-RBF,loo_trial,mask_area_future,trial1,-1,2,6,120236.0,266888.0,304860.8014157228,37972.80141572282
tray,SVR-RBF,loo_trial,mask_area_future,trial1,-1,3,7,123113.0,234990.0,304860.8014157228,69870.80141572282
tray,SVR-RBF,loo_trial,mask_area_future,trial1,-1,4,8,213541.0,41210.0,304860.8014157228,263650.8014157228
tray,SVR-RBF,loo_trial,mask_area_future,trial1,-1,5,9,344006.0,83910.0,304860.8014157228,220950.80141572282
tray,SVR-RBF,loo_trial,mask_area_future,trial1,-1,15,19,114351.0,183459.0,304860.79477698903,121401.79477698903
tray,SVR-RBF,loo_trial,mask_area_future,trial1,-1,18,22,208309.0,311094.0,304860.799802518,6233.200197482016
tray,SVR-RBF,loo_trial,mask_area_future,trial1,-1,19,23,183459.0,293205.0,304860.80299405777,11655.802994057769
tray,SVR-RBF,loo_trial,mask_area_future,trial1,-1,21,25,343715.0,311930.0,304860.8014157229,7069.198584277125
tray,SVR-RBF,loo_trial,mask_area_future,trial1,-1,22,26,311094.0,301628.0,304860.8014157228,3232.801415722817
tray,SVR-RBF,loo_trial,mask_area_future,trial1,-1,23,27,293205.0,322093.0,304860.8014157228,17232.198584277183
tray,SVR-RBF,loo_trial,mask_area_future,trial2,-1,1,5,305174.0,317407.0,280049.68526077,37357.31473922997
tray,SVR-RBF,loo_trial,mask_area_future,trial2,-1,2,6,369000.0,325942.0,280049.7063876613,45892.29361233872
tray,SVR-RBF,loo_trial,mask_area_future,trial2,-1,3,7,404126.0,172388.0,280049.6975001757,107661.69750017568
tray,SVR-RBF,loo_trial,mask_area_future,trial2,-1,4,8,486867.0,249042.0,280049.7505736161,31007.750573616126
tray,SVR-RBF,loo_trial,mask_area_future,trial2,-1,5,9,317407.0,340553.0,280049.68640530034,60503.31359469966
tray,SVR-RBF,loo_trial,mask_area_future,trial2,-1,6,10,325942.0,379942.0,280049.6830001522,99892.31699984783
tray,SVR-RBF,loo_trial,mask_area_future,trial2,-1,7,11,172388.0,256646.0,280049.6829930478,23403.682993047812
tray,SVR-RBF,loo_trial,mask_area_future,trial2,-1,8,12,249042.0,304860.0,280049.68299304706,24810.317006952944
tray,SVR-RBF,loo_trial,mask_area_future,trial2,-1,9,13,340553.0,286052.0,280049.6829932639,6002.317006736121
tray,SVR-RBF,loo_trial,mask_area_future,trial2,-1,10,14,379942.0,371074.0,280049.6829931304,91024.31700686959
tray,SVR-RBF,loo_trial,mask_area_future,trial2,-1,11,15,256646.0,416524.0,280049.68299330457,136474.31700669543
tray,SVR-RBF,loo_trial,mask_area_future,trial2,-1,12,16,304860.0,240347.0,280049.6829930818,39702.682993081806
tray,SVR-RBF,loo_trial,mask_area_future,trial2,-1,16,20,240347.0,68435.0,280049.8183269685,211614.81832696853
tray,RandomForest,loo_trial,mask_area_future,trial1,-1,0,4,76366.0,213541.0,187540.86089285716,26000.139107142837
tray,RandomForest,loo_trial,mask_area_future,trial1,-1,1,5,161097.0,344006.0,199152.7363095238,144853.2636904762
tray,RandomForest,loo_trial,mask_area_future,trial1,-1,2,6,120236.0,266888.0,228363.03197619048,38524.96802380952
tray,RandomForest,loo_trial,mask_area_future,trial1,-1,3,7,123113.0,234990.0,215999.99697619048,18990.00302380952
tray,RandomForest,loo_trial,mask_area_future,trial1,-1,4,8,213541.0,41210.0,181417.44739285714,140207.44739285714
tray,RandomForest,loo_trial,mask_area_future,trial1,-1,5,9,344006.0,83910.0,235179.48614285717,151269.48614285717
tray,RandomForest,loo_trial,mask_area_future,trial1,-1,15,19,114351.0,183459.0,187530.11133333333,4071.111333333334
tray,RandomForest,loo_trial,mask_area_future,trial1,-1,18,22,208309.0,311094.0,195643.36391666665,115450.63608333335
tray,RandomForest,loo_trial,mask_area_future,trial1,-1,19,23,183459.0,293205.0,190904.43975000002,102300.56024999998
tray,RandomForest,loo_trial,mask_area_future,trial1,-1,21,25,343715.0,311930.0,206127.71550000002,105802.28449999998
tray,RandomForest,loo_trial,mask_area_future,trial1,-1,22,26,311094.0,301628.0,201938.10283333334,99689.89716666666
tray,RandomForest,loo_trial,mask_area_future,trial1,-1,23,27,293205.0,322093.0,225037.86267857143,97055.13732142857
tray,RandomForest,loo_trial,mask_area_future,trial2,-1,1,5,305174.0,317407.0,270435.7905,46971.2095
tray,RandomForest,loo_trial,mask_area_future,trial2,-1,2,6,369000.0,325942.0,259007.80491666668,66934.19508333332
tray,RandomForest,loo_trial,mask_area_future,trial2,-1,3,7,404126.0,172388.0,260253.32133333336,87865.32133333336
tray,RandomForest,loo_trial,mask_area_future,trial2,-1,4,8,486867.0,249042.0,260253.32133333336,11211.321333333355
tray,RandomForest,loo_trial,mask_area_future,trial2,-1,5,9,317407.0,340553.0,268835.0373333333,71717.96266666672
tray,RandomForest,loo_trial,mask_area_future,trial2,-1,6,10,325942.0,379942.0,268784.2223333333,111157.77766666672
tray,RandomForest,loo_trial,mask_area_future,trial2,-1,7,11,172388.0,256646.0,273575.32025,16929.32024999999
tray,RandomForest,loo_trial,mask_area_future,trial2,-1,8,12,249042.0,304860.0,271054.9373333333,33805.062666666694
tray,RandomForest,loo_trial,mask_area_future,trial2,-1,9,13,340553.0,286052.0,278635.3456666667,7416.65433333331
tray,RandomForest,loo_trial,mask_area_future,trial2,-1,10,14,379942.0,371074.0,255603.68149999998,115470.31850000002
tray,RandomForest,loo_trial,mask_area_future,trial2,-1,11,15,256646.0,416524.0,270405.45149999997,146118.54850000003
tray,RandomForest,loo_trial,mask_area_future,trial2,-1,12,16,304860.0,240347.0,268713.65816666663,28366.65816666663
tray,RandomForest,loo_trial,mask_area_future,trial2,-1,16,20,240347.0,68435.0,278714.1421666667,210279.1421666667
tray,GradBoost,loo_trial,mask_area_future,trial1,-1,0,4,76366.0,213541.0,144209.37935006968,69331.62064993032
tray,GradBoost,loo_trial,mask_area_future,trial1,-1,1,5,161097.0,344006.0,144493.71320120228,199512.28679879772
tray,GradBoost,loo_trial,mask_area_future,trial1,-1,2,6,120236.0,266888.0,157382.67533397916,109505.32466602084
tray,GradBoost,loo_trial,mask_area_future,trial1,-1,3,7,123113.0,234990.0,157382.67533397916,77607.32466602084
tray,GradBoost,loo_trial,mask_area_future,trial1,-1,4,8,213541.0,41210.0,145262.77230651886,104052.77230651886
tray,GradBoost,loo_trial,mask_area_future,trial1,-1,5,9,344006.0,83910.0,184889.19764811202,100979.19764811202
tray,GradBoost,loo_trial,mask_area_future,trial1,-1,15,19,114351.0,183459.0,181787.8515766575,1671.1484233424999
tray,GradBoost,loo_trial,mask_area_future,trial1,-1,18,22,208309.0,311094.0,113959.60991465783,197134.39008534217
tray,GradBoost,loo_trial,mask_area_future,trial1,-1,19,23,183459.0,293205.0,186394.9370500769,106810.0629499231
tray,GradBoost,loo_trial,mask_area_future,trial1,-1,21,25,343715.0,311930.0,207629.51564238127,104300.48435761873
tray,GradBoost,loo_trial,mask_area_future,trial1,-1,22,26,311094.0,301628.0,193628.5707913951,107999.42920860491
tray,GradBoost,loo_trial,mask_area_future,trial1,-1,23,27,293205.0,322093.0,240261.78797082845,81831.21202917155
tray,GradBoost,loo_trial,mask_area_future,trial2,-1,1,5,305174.0,317407.0,320205.00668210787,2798.0066821078653
tray,GradBoost,loo_trial,mask_area_future,trial2,-1,2,6,369000.0,325942.0,288258.94802408904,37683.05197591096
tray,GradBoost,loo_trial,mask_area_future,trial2,-1,3,7,404126.0,172388.0,318924.05209672946,146536.05209672946
tray,GradBoost,loo_trial,mask_area_future,trial2,-1,4,8,486867.0,249042.0,318924.05209672946,69882.05209672946
tray,GradBoost,loo_trial,mask_area_future,trial2,-1,5,9,317407.0,340553.0,319480.62115838,21072.378841619997
tray,GradBoost,loo_trial,mask_area_future,trial2,-1,6,10,325942.0,379942.0,319480.62115838,60461.37884162
tray,GradBoost,loo_trial,mask_area_future,trial2,-1,7,11,172388.0,256646.0,319480.62115838,62834.62115838
tray,GradBoost,loo_trial,mask_area_future,trial2,-1,8,12,249042.0,304860.0,319480.62115838,14620.621158380003
tray,GradBoost,loo_trial,mask_area_future,trial2,-1,9,13,340553.0,286052.0,321419.2781213737,35367.278121373674
tray,GradBoost,loo_trial,mask_area_future,trial2,-1,10,14,379942.0,371074.0,320627.5961179604,50446.403882039594
tray,GradBoost,loo_trial,mask_area_future,trial2,-1,11,15,256646.0,416524.0,319480.62115838,97043.37884162
tray,GradBoost,loo_trial,mask_area_future,trial2,-1,12,16,304860.0,240347.0,319480.62115838,79133.62115838
tray,GradBoost,loo_trial,mask_area_future,trial2,-1,16,20,240347.0,68435.0,293990.2463246502,225555.2463246502
tray,XGBoost,loo_trial,mask_area_future,trial1,-1,0,4,76366.0,213541.0,115635.109375,97905.890625
tray,XGBoost,loo_trial,mask_area_future,trial1,-1,1,5,161097.0,344006.0,123212.9609375,220793.0390625
tray,XGBoost,loo_trial,mask_area_future,trial1,-1,2,6,120236.0,266888.0,124042.25,142845.75
tray,XGBoost,loo_trial,mask_area_future,trial1,-1,3,7,123113.0,234990.0,212461.59375,22528.40625
tray,XGBoost,loo_trial,mask_area_future,trial1,-1,4,8,213541.0,41210.0,141623.53125,100413.53125
tray,XGBoost,loo_trial,mask_area_future,trial1,-1,5,9,344006.0,83910.0,265414.21875,181504.21875
tray,XGBoost,loo_trial,mask_area_future,trial1,-1,15,19,114351.0,183459.0,135284.96875,48174.03125
tray,XGBoost,loo_trial,mask_area_future,trial1,-1,18,22,208309.0,311094.0,112116.8671875,198977.1328125
tray,XGBoost,loo_trial,mask_area_future,trial1,-1,19,23,183459.0,293205.0,156794.109375,136410.890625
tray,XGBoost,loo_trial,mask_area_future,trial1,-1,21,25,343715.0,311930.0,165760.921875,146169.078125
tray,XGBoost,loo_trial,mask_area_future,trial1,-1,22,26,311094.0,301628.0,191341.453125,110286.546875
tray,XGBoost,loo_trial,mask_area_future,trial1,-1,23,27,293205.0,322093.0,177829.390625,144263.609375
tray,XGBoost,loo_trial,mask_area_future,trial2,-1,1,5,305174.0,317407.0,294125.75,23281.25
tray,XGBoost,loo_trial,mask_area_future,trial2,-1,2,6,369000.0,325942.0,256333.609375,69608.390625
tray,XGBoost,loo_trial,mask_area_future,trial2,-1,3,7,404126.0,172388.0,276419.875,104031.875
tray,XGBoost,loo_trial,mask_area_future,trial2,-1,4,8,486867.0,249042.0,276419.875,27377.875
tray,XGBoost,loo_trial,mask_area_future,trial2,-1,5,9,317407.0,340553.0,287325.1875,53227.8125
tray,XGBoost,loo_trial,mask_area_future,trial2,-1,6,10,325942.0,379942.0,287325.1875,92616.8125
tray,XGBoost,loo_trial,mask_area_future,trial2,-1,7,11,172388.0,256646.0,300552.71875,43906.71875
tray,XGBoost,loo_trial,mask_area_future,trial2,-1,8,12,249042.0,304860.0,285705.125,19154.875
tray,XGBoost,loo_trial,mask_area_future,trial2,-1,9,13,340553.0,286052.0,303407.9375,17355.9375
tray,XGBoost,loo_trial,mask_area_future,trial2,-1,10,14,379942.0,371074.0,264968.6875,106105.3125
tray,XGBoost,loo_trial,mask_area_future,trial2,-1,11,15,256646.0,416524.0,287333.90625,129190.09375
tray,XGBoost,loo_trial,mask_area_future,trial2,-1,12,16,304860.0,240347.0,285705.125,45358.125
tray,XGBoost,loo_trial,mask_area_future,trial2,-1,16,20,240347.0,68435.0,275216.21875,206781.21875
tray,Persist,lodo_target_day,mask_area_future,trial1,-1,0,4,76366.0,213541.0,76366.0,137175.0
tray,Persist,lodo_target_day,mask_area_future,trial1,-1,1,5,161097.0,344006.0,161097.0,182909.0
tray,Persist,lodo_target_day,mask_area_future,trial1,-1,2,6,120236.0,266888.0,120236.0,146652.0
tray,Persist,lodo_target_day,mask_area_future,trial1,-1,3,7,123113.0,234990.0,123113.0,111877.0
tray,Persist,lodo_target_day,mask_area_future,trial1,-1,4,8,213541.0,41210.0,213541.0,172331.0
tray,Persist,lodo_target_day,mask_area_future,trial1,-1,5,9,344006.0,83910.0,344006.0,260096.0
tray,Persist,lodo_target_day,mask_area_future,trial1,-1,15,19,114351.0,183459.0,114351.0,69108.0
tray,Persist,lodo_target_day,mask_area_future,trial1,-1,18,22,208309.0,311094.0,208309.0,102785.0
tray,Persist,lodo_target_day,mask_area_future,trial1,-1,19,23,183459.0,293205.0,183459.0,109746.0
tray,Persist,lodo_target_day,mask_area_future,trial1,-1,21,25,343715.0,311930.0,343715.0,31785.0
tray,Persist,lodo_target_day,mask_area_future,trial1,-1,22,26,311094.0,301628.0,311094.0,9466.0
tray,Persist,lodo_target_day,mask_area_future,trial1,-1,23,27,293205.0,322093.0,293205.0,28888.0
tray,Persist,lodo_target_day,mask_area_future,trial2,-1,1,5,305174.0,317407.0,305174.0,12233.0
tray,Persist,lodo_target_day,mask_area_future,trial2,-1,2,6,369000.0,325942.0,369000.0,43058.0
tray,Persist,lodo_target_day,mask_area_future,trial2,-1,3,7,404126.0,172388.0,404126.0,231738.0
tray,Persist,lodo_target_day,mask_area_future,trial2,-1,4,8,486867.0,249042.0,486867.0,237825.0
tray,Persist,lodo_target_day,mask_area_future,trial2,-1,5,9,317407.0,340553.0,317407.0,23146.0
tray,Persist,lodo_target_day,mask_area_future,trial2,-1,6,10,325942.0,379942.0,325942.0,54000.0
tray,Persist,lodo_target_day,mask_area_future,trial2,-1,7,11,172388.0,256646.0,172388.0,84258.0
tray,Persist,lodo_target_day,mask_area_future,trial2,-1,8,12,249042.0,304860.0,249042.0,55818.0
tray,Persist,lodo_target_day,mask_area_future,trial2,-1,9,13,340553.0,286052.0,340553.0,54501.0
tray,Persist,lodo_target_day,mask_area_future,trial2,-1,10,14,379942.0,371074.0,379942.0,8868.0
tray,Persist,lodo_target_day,mask_area_future,trial2,-1,11,15,256646.0,416524.0,256646.0,159878.0
tray,Persist,lodo_target_day,mask_area_future,trial2,-1,12,16,304860.0,240347.0,304860.0,64513.0
tray,Persist,lodo_target_day,mask_area_future,trial2,-1,16,20,240347.0,68435.0,240347.0,171912.0
tray,GrowMean,lodo_target_day,mask_area_future,trial1,-1,0,4,76366.0,213541.0,70332.875,143208.125
tray,GrowMean,lodo_target_day,mask_area_future,trial1,-1,1,5,161097.0,344006.0,152281.26086956522,191724.73913043478
tray,GrowMean,lodo_target_day,mask_area_future,trial1,-1,2,6,120236.0,266888.0,115400.60869565218,151487.39130434784
tray,GrowMean,lodo_target_day,mask_area_future,trial1,-1,3,7,123113.0,234990.0,127993.04347826086,106996.95652173914
tray,GrowMean,lodo_target_day,mask_area_future,trial1,-1,4,8,213541.0,41210.0,231042.5652173913,189832.5652173913
tray,GrowMean,lodo_target_day,mask_area_future,trial1,-1,5,9,344006.0,83910.0,353976.8695652174,270066.8695652174
tray,GrowMean,lodo_target_day,mask_area_future,trial1,-1,15,19,114351.0,183459.0,111154.0,72305.0
tray,GrowMean,lodo_target_day,mask_area_future,trial1,-1,18,22,208309.0,311094.0,203708.79166666666,107385.20833333334
tray,GrowMean,lodo_target_day,mask_area_future,trial1,-1,19,23,183459.0,293205.0,178568.75,114636.25
tray,GrowMean,lodo_target_day,mask_area_future,trial1,-1,21,25,343715.0,311930.0,344721.875,32791.875
tray,GrowMean,lodo_target_day,mask_area_future,trial1,-1,22,26,311094.0,301628.0,311170.9166666667,9542.916666666686
tray,GrowMean,lodo_target_day,mask_area_future,trial1,-1,23,27,293205.0,322093.0,291683.8333333333,30409.166666666686
tray,GrowMean,lodo_target_day,mask_area_future,trial2,-1,1,5,305174.0,317407.0,296358.26086956525,21048.739130434755
tray,GrowMean,lodo_target_day,mask_area_future,trial2,-1,2,6,369000.0,325942.0,364164.60869565216,38222.60869565216
tray,GrowMean,lodo_target_day,mask_area_future,trial2,-1,3,7,404126.0,172388.0,409006.04347826086,236618.04347826086
tray,GrowMean,lodo_target_day,mask_area_future,trial2,-1,4,8,486867.0,249042.0,504368.5652173913,255326.5652173913
tray,GrowMean,lodo_target_day,mask_area_future,trial2,-1,5,9,317407.0,340553.0,327377.8695652174,13175.130434782594
tray,GrowMean,lodo_target_day,mask_area_future,trial2,-1,6,10,325942.0,379942.0,323374.5,56567.5
tray,GrowMean,lodo_target_day,mask_area_future,trial2,-1,7,11,172388.0,256646.0,168559.75,88086.25
tray,GrowMean,lodo_target_day,mask_area_future,trial2,-1,8,12,249042.0,304860.0,246398.75,58461.25
tray,GrowMean,lodo_target_day,mask_area_future,trial2,-1,9,13,340553.0,286052.0,342506.375,56454.375
tray,GrowMean,lodo_target_day,mask_area_future,trial2,-1,10,14,379942.0,371074.0,379994.0,8920.0
tray,GrowMean,lodo_target_day,mask_area_future,trial2,-1,11,15,256646.0,416524.0,249666.91666666666,166857.08333333334
tray,GrowMean,lodo_target_day,mask_area_future,trial2,-1,12,16,304860.0,240347.0,307230.5416666667,66883.54166666669
tray,GrowMean,lodo_target_day,mask_area_future,trial2,-1,16,20,240347.0,68435.0,247192.5,178757.5
tray,Ridge,lodo_target_day,mask_area_future,trial1,-1,0,4,76366.0,213541.0,196995.1716653951,16545.828334604914
tray,Ridge,lodo_target_day,mask_area_future,trial1,-1,1,5,161097.0,344006.0,155718.82227867728,188287.17772132272
tray,Ridge,lodo_target_day,mask_area_future,trial1,-1,2,6,120236.0,266888.0,216587.35475666757,50300.64524333243
tray,Ridge,lodo_target_day,mask_area_future,trial1,-1,3,7,123113.0,234990.0,227905.26000811672,7084.739991883282
tray,Ridge,lodo_target_day,mask_area_future,trial1,-1,4,8,213541.0,41210.0,205795.48046541985,164585.48046541985
tray,Ridge,lodo_target_day,mask_area_future,trial1,-1,5,9,344006.0,83910.0,255518.08052590652,171608.08052590652
tray,Ridge,lodo_target_day,mask_area_future,trial1,-1,15,19,114351.0,183459.0,278524.02156960836,95065.02156960836
tray,Ridge,lodo_target_day,mask_area_future,trial1,-1,18,22,208309.0,311094.0,248820.32814351574,62273.67185648426
tray,Ridge,lodo_target_day,mask_area_future,trial1,-1,19,23,183459.0,293205.0,199639.542726516,93565.457273484
tray,Ridge,lodo_target_day,mask_area_future,trial1,-1,21,25,343715.0,311930.0,254495.66034659205,57434.33965340795
tray,Ridge,lodo_target_day,mask_area_future,trial1,-1,22,26,311094.0,301628.0,263151.5167232511,38476.48327674891
tray,Ridge,lodo_target_day,mask_area_future,trial1,-1,23,27,293205.0,322093.0,352236.1144991814,30143.114499181393
tray,Ridge,lodo_target_day,mask_area_future,trial2,-1,1,5,305174.0,317407.0,309149.72287585324,8257.277124146756
tray,Ridge,lodo_target_day,mask_area_future,trial2,-1,2,6,369000.0,325942.0,247397.11548735522,78544.88451264478
tray,Ridge,lodo_target_day,mask_area_future,trial2,-1,3,7,404126.0,172388.0,305057.16825955216,132669.16825955216
tray,Ridge,lodo_target_day,mask_area_future,trial2,-1,4,8,486867.0,249042.0,277769.05883718876,28727.058837188757
tray,Ridge,lodo_target_day,mask_area_future,trial2,-1,5,9,317407.0,340553.0,296238.83550596825,44314.16449403175
tray,Ridge,lodo_target_day,mask_area_future,trial2,-1,6,10,325942.0,379942.0,302966.97662696283,76975.02337303717
tray,Ridge,lodo_target_day,mask_area_future,trial2,-1,7,11,172388.0,256646.0,343940.3446473812,87294.34464738122
tray,Ridge,lodo_target_day,mask_area_future,trial2,-1,8,12,249042.0,304860.0,299155.0505740221,5704.949425977888
tray,Ridge,lodo_target_day,mask_area_future,trial2,-1,9,13,340553.0,286052.0,321620.03016712226,35568.030167122255
tray,Ridge,lodo_target_day,mask_area_future,trial2,-1,10,14,379942.0,371074.0,291568.3346138349,79505.66538616508
tray,Ridge,lodo_target_day,mask_area_future,trial2,-1,11,15,256646.0,416524.0,246648.66664338147,169875.33335661853
tray,Ridge,lodo_target_day,mask_area_future,trial2,-1,12,16,304860.0,240347.0,349008.0352803458,108661.03528034582
tray,Ridge,lodo_target_day,mask_area_future,trial2,-1,16,20,240347.0,68435.0,292713.09305682965,224278.09305682965
tray,ElasticNet,lodo_target_day,mask_area_future,trial1,-1,0,4,76366.0,213541.0,211256.03700898425,2284.962991015753
tray,ElasticNet,lodo_target_day,mask_area_future,trial1,-1,1,5,161097.0,344006.0,113012.57688779465,230993.42311220535
tray,ElasticNet,lodo_target_day,mask_area_future,trial1,-1,2,6,120236.0,266888.0,250607.41939232286,16280.58060767714
tray,ElasticNet,lodo_target_day,mask_area_future,trial1,-1,3,7,123113.0,234990.0,273692.9730874567,38702.97308745672
tray,ElasticNet,lodo_target_day,mask_area_future,trial1,-1,4,8,213541.0,41210.0,151782.2252597845,110572.22525978449
tray,ElasticNet,lodo_target_day,mask_area_future,trial1,-1,5,9,344006.0,83910.0,300441.19225322217,216531.19225322217
tray,ElasticNet,lodo_target_day,mask_area_future,trial1,-1,15,19,114351.0,183459.0,360122.9650671142,176663.96506711422
tray,ElasticNet,lodo_target_day,mask_area_future,trial1,-1,18,22,208309.0,311094.0,298289.24873426766,12804.751265732339
tray,ElasticNet,lodo_target_day,mask_area_future,trial1,-1,19,23,183459.0,293205.0,137297.3675952711,155907.6324047289
tray,ElasticNet,lodo_target_day,mask_area_future,trial1,-1,21,25,343715.0,311930.0,239309.67495012097,72620.32504987903
tray,ElasticNet,lodo_target_day,mask_area_future,trial1,-1,22,26,311094.0,301628.0,253332.0459788548,48295.95402114521
tray,ElasticNet,lodo_target_day,mask_area_future,trial1,-1,23,27,293205.0,322093.0,447420.6012344488,125327.60123444878
tray,ElasticNet,lodo_target_day,mask_area_future,trial2,-1,1,5,305174.0,317407.0,379813.6095370536,62406.60953705362
tray,ElasticNet,lodo_target_day,mask_area_future,trial2,-1,2,6,369000.0,325942.0,183937.45631150738,142004.54368849262
tray,ElasticNet,lodo_target_day,mask_area_future,trial2,-1,3,7,404126.0,172388.0,292035.3807272492,119647.3807272492
tray,ElasticNet,lodo_target_day,mask_area_future,trial2,-1,4,8,486867.0,249042.0,230381.20587717282,18660.79412282718
tray,ElasticNet,lodo_target_day,mask_area_future,trial2,-1,5,9,317407.0,340553.0,306713.1799839948,33839.82001600519
tray,ElasticNet,lodo_target_day,mask_area_future,trial2,-1,6,10,325942.0,379942.0,320167.75550211157,59774.24449788843
tray,ElasticNet,lodo_target_day,mask_area_future,trial2,-1,7,11,172388.0,256646.0,369646.15278016153,113000.15278016153
tray,ElasticNet,lodo_target_day,mask_area_future,trial2,-1,8,12,249042.0,304860.0,261408.50764598092,43451.49235401908
tray,ElasticNet,lodo_target_day,mask_area_future,trial2,-1,9,13,340553.0,286052.0,385883.9373899347,99831.93738993473
tray,ElasticNet,lodo_target_day,mask_area_future,trial2,-1,10,14,379942.0,371074.0,305437.92052818346,65636.07947181654
tray,ElasticNet,lodo_target_day,mask_area_future,trial2,-1,11,15,256646.0,416524.0,240098.98183981318,176425.01816018682
tray,ElasticNet,lodo_target_day,mask_area_future,trial2,-1,12,16,304860.0,240347.0,401257.8436651941,160910.84366519412
tray,ElasticNet,lodo_target_day,mask_area_future,trial2,-1,16,20,240347.0,68435.0,295360.9126750255,226925.91267502552
tray,SVR-RBF,lodo_target_day,mask_area_future,trial1,-1,0,4,76366.0,213541.0,297390.1688806166,83849.1688806166
tray,SVR-RBF,lodo_target_day,mask_area_future,trial1,-1,1,5,161097.0,344006.0,286001.0016297125,58004.998370287474
tray,SVR-RBF,lodo_target_day,mask_area_future,trial1,-1,2,6,120236.0,266888.0,293179.5926893936,26291.592689393612
tray,SVR-RBF,lodo_target_day,mask_area_future,trial1,-1,3,7,123113.0,234990.0,301597.66476654494,66607.66476654494
tray,SVR-RBF,lodo_target_day,mask_area_future,trial1,-1,4,8,213541.0,41210.0,301604.89537478134,260394.89537478134
tray,SVR-RBF,lodo_target_day,mask_area_future,trial1,-1,5,9,344006.0,83910.0,293187.71554927,209277.71554926998
tray,SVR-RBF,lodo_target_day,mask_area_future,trial1,-1,15,19,114351.0,183459.0,297404.82630392554,113945.82630392554
tray,SVR-RBF,lodo_target_day,mask_area_future,trial1,-1,18,22,208309.0,311094.0,289625.17629890563,21468.82370109437
tray,SVR-RBF,lodo_target_day,mask_area_future,trial1,-1,19,23,183459.0,293205.0,293829.2787177744,624.278717774374
tray,SVR-RBF,lodo_target_day,mask_area_future,trial1,-1,21,25,343715.0,311930.0,289635.16645639733,22294.83354360267
tray,SVR-RBF,lodo_target_day,mask_area_future,trial1,-1,22,26,311094.0,301628.0,289636.8517505956,11991.148249404388
tray,SVR-RBF,lodo_target_day,mask_area_future,trial1,-1,23,27,293205.0,322093.0,289628.57472910447,32464.425270895532
tray,SVR-RBF,lodo_target_day,mask_area_future,trial2,-1,1,5,305174.0,317407.0,286049.7860309695,31357.213969030476
tray,SVR-RBF,lodo_target_day,mask_area_future,trial2,-1,2,6,369000.0,325942.0,293205.1936703248,32736.806329675193
tray,SVR-RBF,lodo_target_day,mask_area_future,trial2,-1,3,7,404126.0,172388.0,301635.0541161162,129247.0541161162
tray,SVR-RBF,lodo_target_day,mask_area_future,trial2,-1,4,8,486867.0,249042.0,301633.1326308113,52591.132630811306
tray,SVR-RBF,lodo_target_day,mask_area_future,trial2,-1,5,9,317407.0,340553.0,293202.5289184176,47350.47108158242
tray,SVR-RBF,lodo_target_day,mask_area_future,trial2,-1,6,10,325942.0,379942.0,289621.2455489529,90320.7544510471
tray,SVR-RBF,lodo_target_day,mask_area_future,trial2,-1,7,11,172388.0,256646.0,297422.6663962023,40776.66639620229
tray,SVR-RBF,lodo_target_day,mask_area_future,trial2,-1,8,12,249042.0,304860.0,289612.8417579848,15247.158242015226
tray,SVR-RBF,lodo_target_day,mask_area_future,trial2,-1,9,13,340553.0,286052.0,297425.6456417819,11373.645641781914
tray,SVR-RBF,lodo_target_day,mask_area_future,trial2,-1,10,14,379942.0,371074.0,289619.30822334316,81454.69177665684
tray,SVR-RBF,lodo_target_day,mask_area_future,trial2,-1,11,15,256646.0,416524.0,289616.5102084334,126907.48979156662
tray,SVR-RBF,lodo_target_day,mask_area_future,trial2,-1,12,16,304860.0,240347.0,297419.53461209143,57072.53461209143
tray,SVR-RBF,lodo_target_day,mask_area_future,trial2,-1,16,20,240347.0,68435.0,297410.1647879173,228975.16478791728
tray,RandomForest,lodo_target_day,mask_area_future,trial1,-1,0,4,76366.0,213541.0,188802.55084416975,24738.449155830254
tray,RandomForest,lodo_target_day,mask_area_future,trial1,-1,1,5,161097.0,344006.0,205876.85404224944,138129.14595775056
tray,RandomForest,lodo_target_day,mask_area_future,trial1,-1,2,6,120236.0,266888.0,239337.54580624925,27550.454193750746
tray,RandomForest,lodo_target_day,mask_area_future,trial1,-1,3,7,123113.0,234990.0,256668.40324511845,21678.403245118447
tray,RandomForest,lodo_target_day,mask_area_future,trial1,-1,4,8,213541.0,41210.0,244772.65686985903,203562.65686985903
tray,RandomForest,lodo_target_day,mask_area_future,trial1,-1,5,9,344006.0,83910.0,293727.1131800145,209817.11318001448
tray,RandomForest,lodo_target_day,mask_area_future,trial1,-1,15,19,114351.0,183459.0,252938.0519259491,69479.05192594911
tray,RandomForest,lodo_target_day,mask_area_future,trial1,-1,18,22,208309.0,311094.0,204866.729094786,106227.27090521401
tray,RandomForest,lodo_target_day,mask_area_future,trial1,-1,19,23,183459.0,293205.0,233103.5279198543,60101.4720801457
tray,RandomForest,lodo_target_day,mask_area_future,trial1,-1,21,25,343715.0,311930.0,265874.86085332034,46055.13914667966
tray,RandomForest,lodo_target_day,mask_area_future,trial1,-1,22,26,311094.0,301628.0,281633.748150627,19994.251849372988
tray,RandomForest,lodo_target_day,mask_area_future,trial1,-1,23,27,293205.0,322093.0,283602.51342092623,38490.48657907377
tray,RandomForest,lodo_target_day,mask_area_future,trial2,-1,1,5,305174.0,317407.0,312318.91227580054,5088.08772419946
tray,RandomForest,lodo_target_day,mask_area_future,trial2,-1,2,6,369000.0,325942.0,272595.1526113331,53346.84738866688
tray,RandomForest,lodo_target_day,mask_area_future,trial2,-1,3,7,404126.0,172388.0,305892.6502114993,133504.6502114993
tray,RandomForest,lodo_target_day,mask_area_future,trial2,-1,4,8,486867.0,249042.0,291956.90161920927,42914.90161920927
tray,RandomForest,lodo_target_day,mask_area_future,trial2,-1,5,9,317407.0,340553.0,297090.20791615325,43462.792083846754
tray,RandomForest,lodo_target_day,mask_area_future,trial2,-1,6,10,325942.0,379942.0,243520.8643813825,136421.1356186175
tray,RandomForest,lodo_target_day,mask_area_future,trial2,-1,7,11,172388.0,256646.0,266939.2589317178,10293.258931717777
tray,RandomForest,lodo_target_day,mask_area_future,trial2,-1,8,12,249042.0,304860.0,287683.20109545154,17176.798904548457
tray,RandomForest,lodo_target_day,mask_area_future,trial2,-1,9,13,340553.0,286052.0,340812.714788593,54760.714788593
tray,RandomForest,lodo_target_day,mask_area_future,trial2,-1,10,14,379942.0,371074.0,298671.1524170888,72402.8475829112
tray,RandomForest,lodo_target_day,mask_area_future,trial2,-1,11,15,256646.0,416524.0,268944.1681022051,147579.8318977949
tray,RandomForest,lodo_target_day,mask_area_future,trial2,-1,12,16,304860.0,240347.0,346310.2360160396,105963.23601603962
tray,RandomForest,lodo_target_day,mask_area_future,trial2,-1,16,20,240347.0,68435.0,292861.55207217665,224426.55207217665
tray,GradBoost,lodo_target_day,mask_area_future,trial1,-1,0,4,76366.0,213541.0,280906.09307125566,67365.09307125566
tray,GradBoost,lodo_target_day,mask_area_future,trial1,-1,1,5,161097.0,344006.0,218418.66413840489,125587.33586159511
tray,GradBoost,lodo_target_day,mask_area_future,trial1,-1,2,6,120236.0,266888.0,274204.52113409893,7316.5211340989335
tray,GradBoost,lodo_target_day,mask_area_future,trial1,-1,3,7,123113.0,234990.0,231127.27445144384,3862.725548556162
tray,GradBoost,lodo_target_day,mask_area_future,trial1,-1,4,8,213541.0,41210.0,231815.89255182765,190605.89255182765
tray,GradBoost,lodo_target_day,mask_area_future,trial1,-1,5,9,344006.0,83910.0,298821.6537886514,214911.6537886514
tray,GradBoost,lodo_target_day,mask_area_future,trial1,-1,15,19,114351.0,183459.0,306813.8139450407,123354.81394504069
tray,GradBoost,lodo_target_day,mask_area_future,trial1,-1,18,22,208309.0,311094.0,154616.02827020944,156477.97172979056
tray,GradBoost,lodo_target_day,mask_area_future,trial1,-1,19,23,183459.0,293205.0,219307.8364481485,73897.1635518515
tray,GradBoost,lodo_target_day,mask_area_future,trial1,-1,21,25,343715.0,311930.0,232309.86768664414,79620.13231335586
tray,GradBoost,lodo_target_day,mask_area_future,trial1,-1,22,26,311094.0,301628.0,285393.29179999593,16234.708200004068
tray,GradBoost,lodo_target_day,mask_area_future,trial1,-1,23,27,293205.0,322093.0,313959.0888201212,8133.911179878807
tray,GradBoost,lodo_target_day,mask_area_future,trial2,-1,1,5,305174.0,317407.0,357791.0289432673,40384.0289432673
tray,GradBoost,lodo_target_day,mask_area_future,trial2,-1,2,6,369000.0,325942.0,239888.92284218667,86053.07715781333
tray,GradBoost,lodo_target_day,mask_area_future,trial2,-1,3,7,404126.0,172388.0,321948.26344585686,149560.26344585686
tray,GradBoost,lodo_target_day,mask_area_future,trial2,-1,4,8,486867.0,249042.0,271535.8853059024,22493.885305902397
tray,GradBoost,lodo_target_day,mask_area_future,trial2,-1,5,9,317407.0,340553.0,273491.6471818344,67061.35281816561
tray,GradBoost,lodo_target_day,mask_area_future,trial2,-1,6,10,325942.0,379942.0,229494.79289697076,150447.20710302924
tray,GradBoost,lodo_target_day,mask_area_future,trial2,-1,7,11,172388.0,256646.0,303155.23079173267,46509.23079173267
tray,GradBoost,lodo_target_day,mask_area_future,trial2,-1,8,12,249042.0,304860.0,299742.48598314734,5117.514016852656
tray,GradBoost,lodo_target_day,mask_area_future,trial2,-1,9,13,340553.0,286052.0,370960.3012687636,84908.30126876361
tray,GradBoost,lodo_target_day,mask_area_future,trial2,-1,10,14,379942.0,371074.0,346155.7285740758,24918.271425924206
tray,GradBoost,lodo_target_day,mask_area_future,trial2,-1,11,15,256646.0,416524.0,257727.89032396988,158796.10967603012
tray,GradBoost,lodo_target_day,mask_area_future,trial2,-1,12,16,304860.0,240347.0,348120.0317287806,107773.0317287806
tray,GradBoost,lodo_target_day,mask_area_future,trial2,-1,16,20,240347.0,68435.0,300846.81804311776,232411.81804311776
tray,XGBoost,lodo_target_day,mask_area_future,trial1,-1,0,4,76366.0,213541.0,208974.625,4566.375
tray,XGBoost,lodo_target_day,mask_area_future,trial1,-1,1,5,161097.0,344006.0,178363.796875,165642.203125
tray,XGBoost,lodo_target_day,mask_area_future,trial1,-1,2,6,120236.0,266888.0,252932.90625,13955.09375
tray,XGBoost,lodo_target_day,mask_area_future,trial1,-1,3,7,123113.0,234990.0,188651.0,46339.0
tray,XGBoost,lodo_target_day,mask_area_future,trial1,-1,4,8,213541.0,41210.0,234391.75,193181.75
tray,XGBoost,lodo_target_day,mask_area_future,trial1,-1,5,9,344006.0,83910.0,262841.21875,178931.21875
tray,XGBoost,lodo_target_day,mask_area_future,trial1,-1,15,19,114351.0,183459.0,312722.65625,129263.65625
tray,XGBoost,lodo_target_day,mask_area_future,trial1,-1,18,22,208309.0,311094.0,189938.078125,121155.921875
tray,XGBoost,lodo_target_day,mask_area_future,trial1,-1,19,23,183459.0,293205.0,266880.125,26324.875
tray,XGBoost,lodo_target_day,mask_area_future,trial1,-1,21,25,343715.0,311930.0,190049.375,121880.625
tray,XGBoost,lodo_target_day,mask_area_future,trial1,-1,22,26,311094.0,301628.0,310934.3125,9306.3125
tray,XGBoost,lodo_target_day,mask_area_future,trial1,-1,23,27,293205.0,322093.0,262244.0625,59848.9375
tray,XGBoost,lodo_target_day,mask_area_future,trial2,-1,1,5,305174.0,317407.0,343772.59375,26365.59375
tray,XGBoost,lodo_target_day,mask_area_future,trial2,-1,2,6,369000.0,325942.0,192204.875,133737.125
tray,XGBoost,lodo_target_day,mask_area_future,trial2,-1,3,7,404126.0,172388.0,303004.96875,130616.96875
tray,XGBoost,lodo_target_day,mask_area_future,trial2,-1,4,8,486867.0,249042.0,247368.453125,1673.546875
tray,XGBoost,lodo_target_day,mask_area_future,trial2,-1,5,9,317407.0,340553.0,313029.375,27523.625
tray,XGBoost,lodo_target_day,mask_area_future,trial2,-1,6,10,325942.0,379942.0,242184.796875,137757.203125
tray,XGBoost,lodo_target_day,mask_area_future,trial2,-1,7,11,172388.0,256646.0,305892.71875,49246.71875
tray,XGBoost,lodo_target_day,mask_area_future,trial2,-1,8,12,249042.0,304860.0,318705.15625,13845.15625
tray,XGBoost,lodo_target_day,mask_area_future,trial2,-1,9,13,340553.0,286052.0,300064.5,14012.5
tray,XGBoost,lodo_target_day,mask_area_future,trial2,-1,10,14,379942.0,371074.0,230967.609375,140106.390625
tray,XGBoost,lodo_target_day,mask_area_future,trial2,-1,11,15,256646.0,416524.0,274128.125,142395.875
tray,XGBoost,lodo_target_day,mask_area_future,trial2,-1,12,16,304860.0,240347.0,357727.0,117380.0
tray,XGBoost,lodo_target_day,mask_area_future,trial2,-1,16,20,240347.0,68435.0,288442.15625,220007.15625
