level,variant,model,split,trial,plant_id,day_t,day_future,fw_t,fw_future,pred_fw_g,abs_err_g
plant,compact,Persist,loo_plant,trial1,1,0,4,4.48,12.880000000000004,4.48,8.400000000000004
plant,compact,Persist,loo_plant,trial1,1,4,8,12.880000000000004,19.08,12.880000000000004,6.199999999999994
plant,compact,Persist,loo_plant,trial1,1,8,12,19.08,26.78,19.08,7.700000000000003
plant,compact,Persist,loo_plant,trial1,1,12,16,26.78,40.78,26.78,14.0
plant,compact,Persist,loo_plant,trial1,1,16,20,40.78,78.78,40.78,38.0
plant,compact,Persist,loo_plant,trial1,1,20,24,78.78,135.78,78.78,57.0
plant,compact,Persist,loo_plant,trial1,1,24,28,135.78,213.78,135.78,78.0
plant,compact,Persist,loo_plant,trial1,2,0,4,4.880000000000003,11.079999999999998,4.880000000000003,6.199999999999996
plant,compact,Persist,loo_plant,trial1,2,4,8,11.079999999999998,18.18,11.079999999999998,7.100000000000001
plant,compact,Persist,loo_plant,trial1,2,8,12,18.18,27.78,18.18,9.600000000000001
plant,compact,Persist,loo_plant,trial1,2,12,16,27.78,45.78,27.78,18.0
plant,compact,Persist,loo_plant,trial1,2,16,20,45.78,89.78,45.78,44.0
plant,compact,Persist,loo_plant,trial1,2,20,24,89.78,153.78,89.78,64.0
plant,compact,Persist,loo_plant,trial1,2,24,28,153.78,217.78,153.78,64.0
plant,compact,Persist,loo_plant,trial1,3,0,4,6.580000000000002,16.880000000000003,6.580000000000002,10.3
plant,compact,Persist,loo_plant,trial1,3,4,8,16.880000000000003,23.980000000000004,16.880000000000003,7.100000000000001
plant,compact,Persist,loo_plant,trial1,3,8,12,23.980000000000004,32.78,23.980000000000004,8.799999999999997
plant,compact,Persist,loo_plant,trial1,3,12,16,32.78,49.78,32.78,17.0
plant,compact,Persist,loo_plant,trial1,3,16,20,49.78,93.78,49.78,44.0
plant,compact,Persist,loo_plant,trial1,3,20,24,93.78,157.78,93.78,64.0
plant,compact,Persist,loo_plant,trial1,3,24,28,157.78,232.78,157.78,75.0
plant,compact,Persist,loo_plant,trial1,4,0,4,4.080000000000002,13.980000000000004,4.080000000000002,9.900000000000002
plant,compact,Persist,loo_plant,trial1,4,4,8,13.980000000000004,20.78,13.980000000000004,6.799999999999997
plant,compact,Persist,loo_plant,trial1,4,8,12,20.78,29.78,20.78,9.0
plant,compact,Persist,loo_plant,trial1,4,12,16,29.78,50.78,29.78,21.0
plant,compact,Persist,loo_plant,trial1,4,16,20,50.78,91.78,50.78,41.0
plant,compact,Persist,loo_plant,trial1,4,20,24,91.78,140.78,91.78,49.0
plant,compact,Persist,loo_plant,trial1,4,24,28,140.78,220.78,140.78,80.0
plant,compact,Persist,loo_plant,trial1,5,0,4,4.98,13.28,4.98,8.299999999999999
plant,compact,Persist,loo_plant,trial1,5,4,8,13.28,19.880000000000003,13.28,6.600000000000003
plant,compact,Persist,loo_plant,trial1,5,8,12,19.880000000000003,25.78,19.880000000000003,5.899999999999999
plant,compact,Persist,loo_plant,trial1,5,12,16,25.78,36.78,25.78,11.0
plant,compact,Persist,loo_plant,trial1,5,16,20,36.78,65.78,36.78,29.0
plant,compact,Persist,loo_plant,trial1,5,20,24,65.78,123.78,65.78,58.0
plant,compact,Persist,loo_plant,trial1,5,24,28,123.78,185.78,123.78,62.0
plant,compact,Persist,loo_plant,trial1,6,0,4,3.8800000000000026,7.880000000000003,3.8800000000000026,4.0
plant,compact,Persist,loo_plant,trial1,6,4,8,7.880000000000003,17.330000000000002,7.880000000000003,9.45
plant,compact,Persist,loo_plant,trial1,6,8,12,17.330000000000002,21.78,17.330000000000002,4.449999999999999
plant,compact,Persist,loo_plant,trial1,6,12,16,21.78,35.78,21.78,14.0
plant,compact,Persist,loo_plant,trial1,6,16,20,35.78,69.78,35.78,34.0
plant,compact,Persist,loo_plant,trial1,6,20,24,69.78,125.78,69.78,56.0
plant,compact,Persist,loo_plant,trial1,6,24,28,125.78,195.78,125.78,70.0
plant,compact,Persist,loo_plant,trial1,7,0,4,5.18,13.980000000000004,5.18,8.800000000000004
plant,compact,Persist,loo_plant,trial1,7,4,8,13.980000000000004,20.980000000000004,13.980000000000004,7.0
plant,compact,Persist,loo_plant,trial1,7,8,12,20.980000000000004,26.78,20.980000000000004,5.799999999999997
plant,compact,Persist,loo_plant,trial1,7,12,16,26.78,40.78,26.78,14.0
plant,compact,Persist,loo_plant,trial1,7,16,20,40.78,76.78,40.78,36.0
plant,compact,Persist,loo_plant,trial1,7,20,24,76.78,135.78,76.78,59.0
plant,compact,Persist,loo_plant,trial1,7,24,28,135.78,218.78,135.78,83.0
plant,compact,Persist,loo_plant,trial1,8,0,4,4.580000000000002,11.28,4.580000000000002,6.6999999999999975
plant,compact,Persist,loo_plant,trial1,8,4,8,11.28,18.380000000000003,11.28,7.100000000000003
plant,compact,Persist,loo_plant,trial1,8,8,12,18.380000000000003,26.78,18.380000000000003,8.399999999999999
plant,compact,Persist,loo_plant,trial1,8,12,16,26.78,42.78,26.78,16.0
plant,compact,Persist,loo_plant,trial1,8,16,20,42.78,78.78,42.78,36.0
plant,compact,Persist,loo_plant,trial1,8,20,24,78.78,137.78,78.78,59.0
plant,compact,Persist,loo_plant,trial1,8,24,28,137.78,214.78,137.78,77.0
plant,compact,Persist,loo_plant,trial1,9,0,4,4.380000000000003,11.68,4.380000000000003,7.299999999999997
plant,compact,Persist,loo_plant,trial1,9,4,8,11.68,21.58,11.68,9.899999999999999
plant,compact,Persist,loo_plant,trial1,9,8,12,21.58,27.78,21.58,6.200000000000003
plant,compact,Persist,loo_plant,trial1,9,12,16,27.78,41.78,27.78,14.0
plant,compact,Persist,loo_plant,trial1,9,16,20,41.78,83.78,41.78,42.0
plant,compact,Persist,loo_plant,trial1,9,20,24,83.78,152.78,83.78,69.0
plant,compact,Persist,loo_plant,trial1,9,24,28,152.78,222.78,152.78,70.0
plant,compact,Persist,loo_plant,trial1,10,0,4,5.880000000000003,14.68,5.880000000000003,8.799999999999997
plant,compact,Persist,loo_plant,trial1,10,12,16,29.78,44.78,29.78,15.0
plant,compact,Persist,loo_plant,trial1,10,16,20,44.78,82.78,44.78,38.0
plant,compact,Persist,loo_plant,trial1,10,20,24,82.78,141.78,82.78,59.0
plant,compact,Persist,loo_plant,trial1,10,24,28,141.78,220.78,141.78,79.0
plant,compact,GrowMean,loo_plant,trial1,1,0,4,4.48,12.880000000000004,35.14393442622951,22.263934426229504
plant,compact,GrowMean,loo_plant,trial1,1,4,8,12.880000000000004,19.08,43.54393442622951,24.463934426229514
plant,compact,GrowMean,loo_plant,trial1,1,8,12,19.08,26.78,49.74393442622951,22.963934426229507
plant,compact,GrowMean,loo_plant,trial1,1,12,16,26.78,40.78,57.44393442622951,16.66393442622951
plant,compact,GrowMean,loo_plant,trial1,1,16,20,40.78,78.78,71.4439344262295,7.336065573770497
plant,compact,GrowMean,loo_plant,trial1,1,20,24,78.78,135.78,109.4439344262295,26.336065573770497
plant,compact,GrowMean,loo_plant,trial1,1,24,28,135.78,213.78,166.4439344262295,47.3360655737705
plant,compact,GrowMean,loo_plant,trial1,2,0,4,4.880000000000003,11.079999999999998,35.484918032786894,24.404918032786895
plant,compact,GrowMean,loo_plant,trial1,2,4,8,11.079999999999998,18.18,41.68491803278688,23.504918032786883
plant,compact,GrowMean,loo_plant,trial1,2,8,12,18.18,27.78,48.78491803278689,21.00491803278689
plant,compact,GrowMean,loo_plant,trial1,2,12,16,27.78,45.78,58.384918032786885,12.604918032786884
plant,compact,GrowMean,loo_plant,trial1,2,16,20,45.78,89.78,76.38491803278689,13.395081967213116
plant,compact,GrowMean,loo_plant,trial1,2,20,24,89.78,153.78,120.38491803278689,33.395081967213116
plant,compact,GrowMean,loo_plant,trial1,2,24,28,153.78,217.78,184.38491803278689,33.395081967213116
plant,compact,GrowMean,loo_plant,trial1,3,0,4,6.580000000000002,16.880000000000003,36.96688524590164,20.08688524590164
plant,compact,GrowMean,loo_plant,trial1,3,4,8,16.880000000000003,23.980000000000004,47.26688524590165,23.286885245901644
plant,compact,GrowMean,loo_plant,trial1,3,8,12,23.980000000000004,32.78,54.36688524590164,21.58688524590164
plant,compact,GrowMean,loo_plant,trial1,3,12,16,32.78,49.78,63.16688524590164,13.386885245901638
plant,compact,GrowMean,loo_plant,trial1,3,16,20,49.78,93.78,80.16688524590164,13.613114754098362
plant,compact,GrowMean,loo_plant,trial1,3,20,24,93.78,157.78,124.16688524590164,33.61311475409836
plant,compact,GrowMean,loo_plant,trial1,3,24,28,157.78,232.78,188.16688524590165,44.61311475409835
plant,compact,GrowMean,loo_plant,trial1,4,0,4,4.080000000000002,13.980000000000004,34.622622950819675,20.64262295081967
plant,compact,GrowMean,loo_plant,trial1,4,4,8,13.980000000000004,20.78,44.522622950819674,23.742622950819673
plant,compact,GrowMean,loo_plant,trial1,4,8,12,20.78,29.78,51.32262295081967,21.54262295081967
plant,compact,GrowMean,loo_plant,trial1,4,12,16,29.78,50.78,60.32262295081967,9.54262295081967
plant,compact,GrowMean,loo_plant,trial1,4,16,20,50.78,91.78,81.32262295081966,10.457377049180337
plant,compact,GrowMean,loo_plant,trial1,4,20,24,91.78,140.78,122.32262295081966,18.457377049180337
plant,compact,GrowMean,loo_plant,trial1,4,24,28,140.78,220.78,171.32262295081966,49.45737704918034
plant,compact,GrowMean,loo_plant,trial1,5,0,4,4.98,13.28,36.1111475409836,22.8311475409836
plant,compact,GrowMean,loo_plant,trial1,5,4,8,13.28,19.880000000000003,44.4111475409836,24.531147540983596
plant,compact,GrowMean,loo_plant,trial1,5,8,12,19.880000000000003,25.78,51.0111475409836,25.2311475409836
plant,compact,GrowMean,loo_plant,trial1,5,12,16,25.78,36.78,56.911147540983606,20.131147540983605
plant,compact,GrowMean,loo_plant,trial1,5,16,20,36.78,65.78,67.9111475409836,2.131147540983605
plant,compact,GrowMean,loo_plant,trial1,5,20,24,65.78,123.78,96.9111475409836,26.868852459016395
plant,compact,GrowMean,loo_plant,trial1,5,24,28,123.78,185.78,154.9111475409836,30.86885245901641
plant,compact,GrowMean,loo_plant,trial1,6,0,4,3.8800000000000026,7.880000000000003,34.829180327868855,26.949180327868852
plant,compact,GrowMean,loo_plant,trial1,6,4,8,7.880000000000003,17.330000000000002,38.829180327868855,21.499180327868853
plant,compact,GrowMean,loo_plant,trial1,6,8,12,17.330000000000002,21.78,48.27918032786885,26.49918032786885
plant,compact,GrowMean,loo_plant,trial1,6,12,16,21.78,35.78,52.729180327868846,16.949180327868845
plant,compact,GrowMean,loo_plant,trial1,6,16,20,35.78,69.78,66.72918032786885,3.050819672131155
plant,compact,GrowMean,loo_plant,trial1,6,20,24,69.78,125.78,100.72918032786885,25.050819672131155
plant,compact,GrowMean,loo_plant,trial1,6,24,28,125.78,195.78,156.72918032786885,39.050819672131155
plant,compact,GrowMean,loo_plant,trial1,7,0,4,5.18,13.980000000000004,35.773442622950824,21.79344262295082
plant,compact,GrowMean,loo_plant,trial1,7,4,8,13.980000000000004,20.980000000000004,44.57344262295082,23.593442622950818
plant,compact,GrowMean,loo_plant,trial1,7,8,12,20.980000000000004,26.78,51.57344262295082,24.79344262295082
plant,compact,GrowMean,loo_plant,trial1,7,12,16,26.78,40.78,57.37344262295082,16.593442622950818
plant,compact,GrowMean,loo_plant,trial1,7,16,20,40.78,76.78,71.37344262295082,5.406557377049182
plant,compact,GrowMean,loo_plant,trial1,7,20,24,76.78,135.78,107.37344262295082,28.406557377049182
plant,compact,GrowMean,loo_plant,trial1,7,24,28,135.78,218.78,166.37344262295082,52.40655737704918
plant,compact,GrowMean,loo_plant,trial1,8,0,4,4.580000000000002,11.28,35.22918032786885,23.949180327868852
plant,compact,GrowMean,loo_plant,trial1,8,4,8,11.28,18.380000000000003,41.92918032786885,23.549180327868847
plant,compact,GrowMean,loo_plant,trial1,8,8,12,18.380000000000003,26.78,49.02918032786886,22.249180327868856
plant,compact,GrowMean,loo_plant,trial1,8,12,16,26.78,42.78,57.42918032786885,14.649180327868848
plant,compact,GrowMean,loo_plant,trial1,8,16,20,42.78,78.78,73.42918032786885,5.350819672131152
plant,compact,GrowMean,loo_plant,trial1,8,20,24,78.78,137.78,109.42918032786885,28.350819672131152
plant,compact,GrowMean,loo_plant,trial1,8,24,28,137.78,214.78,168.42918032786886,46.35081967213114
plant,compact,GrowMean,loo_plant,trial1,9,0,4,4.380000000000003,11.68,34.89475409836066,23.214754098360658
plant,compact,GrowMean,loo_plant,trial1,9,4,8,11.68,21.58,42.194754098360654,20.614754098360656
plant,compact,GrowMean,loo_plant,trial1,9,8,12,21.58,27.78,52.09475409836065,24.314754098360652
plant,compact,GrowMean,loo_plant,trial1,9,12,16,27.78,41.78,58.294754098360656,16.514754098360655
plant,compact,GrowMean,loo_plant,trial1,9,16,20,41.78,83.78,72.29475409836066,11.485245901639345
plant,compact,GrowMean,loo_plant,trial1,9,20,24,83.78,152.78,114.29475409836066,38.485245901639345
plant,compact,GrowMean,loo_plant,trial1,9,24,28,152.78,222.78,183.29475409836067,39.48524590163933
plant,compact,GrowMean,loo_plant,trial1,10,0,4,5.880000000000003,14.68,35.721269841269844,21.041269841269845
plant,compact,GrowMean,loo_plant,trial1,10,12,16,29.78,44.78,59.62126984126984,14.841269841269842
plant,compact,GrowMean,loo_plant,trial1,10,16,20,44.78,82.78,74.62126984126985,8.158730158730151
plant,compact,GrowMean,loo_plant,trial1,10,20,24,82.78,141.78,112.62126984126985,29.15873015873015
plant,compact,GrowMean,loo_plant,trial1,10,24,28,141.78,220.78,171.62126984126985,49.15873015873015
plant,compact,Ridge,loo_plant,trial1,1,0,4,4.48,12.880000000000004,12.442806188901415,0.4371938110985898
plant,compact,Ridge,loo_plant,trial1,1,4,8,12.880000000000004,19.08,22.691779583309874,3.6117795833098754
plant,compact,Ridge,loo_plant,trial1,1,8,12,19.08,26.78,29.039723867707522,2.259723867707521
plant,compact,Ridge,loo_plant,trial1,1,12,16,26.78,40.78,42.54702168438557,1.7670216843855684
plant,compact,Ridge,loo_plant,trial1,1,16,20,40.78,78.78,78.96241031415539,0.18241031415539055
plant,compact,Ridge,loo_plant,trial1,1,20,24,78.78,135.78,138.0430664675419,2.263066467541904
plant,compact,Ridge,loo_plant,trial1,1,24,28,135.78,213.78,207.71571318938726,6.064286810612742
plant,compact,Ridge,loo_plant,trial1,2,0,4,4.880000000000003,11.079999999999998,12.810410161368353,1.7304101613683542
plant,compact,Ridge,loo_plant,trial1,2,4,8,11.079999999999998,18.18,21.10026029097945,2.9202602909794493
plant,compact,Ridge,loo_plant,trial1,2,8,12,18.18,27.78,28.940946163990667,1.1609461639906655
plant,compact,Ridge,loo_plant,trial1,2,12,16,27.78,45.78,42.85106789045156,2.928932109548441
plant,compact,Ridge,loo_plant,trial1,2,16,20,45.78,89.78,82.30938619914409,7.470613800855915
plant,compact,Ridge,loo_plant,trial1,2,20,24,89.78,153.78,146.5282310623677,7.251768937632306
plant,compact,Ridge,loo_plant,trial1,2,24,28,153.78,217.78,223.41606473884025,5.636064738840247
plant,compact,Ridge,loo_plant,trial1,3,0,4,6.580000000000002,16.880000000000003,12.622975211475122,4.25702478852488
plant,compact,Ridge,loo_plant,trial1,3,4,8,16.880000000000003,23.980000000000004,24.887062867475414,0.9070628674754104
plant,compact,Ridge,loo_plant,trial1,3,8,12,23.980000000000004,32.78,31.86127034650805,0.9187296534919511
plant,compact,Ridge,loo_plant,trial1,3,12,16,32.78,49.78,46.20904551449,3.5709544855100006
plant,compact,Ridge,loo_plant,trial1,3,16,20,49.78,93.78,84.63457207355903,9.145427926440973
plant,compact,Ridge,loo_plant,trial1,3,20,24,93.78,157.78,147.5509925390761,10.229007460923896
plant,compact,Ridge,loo_plant,trial1,3,24,28,157.78,232.78,222.64368910082732,10.136310899172685
plant,compact,Ridge,loo_plant,trial1,4,0,4,4.080000000000002,13.980000000000004,12.158951217986385,1.8210487820136194
plant,compact,Ridge,loo_plant,trial1,4,4,8,13.980000000000004,20.78,23.4972191737237,2.7172191737236986
plant,compact,Ridge,loo_plant,trial1,4,8,12,20.78,29.78,30.23308128303391,0.45308128303391015
plant,compact,Ridge,loo_plant,trial1,4,12,16,29.78,50.78,44.249003719216326,6.5309962807836754
plant,compact,Ridge,loo_plant,trial1,4,16,20,50.78,91.78,87.04751965733864,4.732480342661361
plant,compact,Ridge,loo_plant,trial1,4,20,24,91.78,140.78,149.539835075117,8.759835075116996
plant,compact,Ridge,loo_plant,trial1,4,24,28,140.78,220.78,211.16955407472062,9.610445925279379
plant,compact,Ridge,loo_plant,trial1,5,0,4,4.98,13.28,12.703750305816087,0.5762496941839128
plant,compact,Ridge,loo_plant,trial1,5,4,8,13.28,19.880000000000003,22.984812009925314,3.104812009925311
plant,compact,Ridge,loo_plant,trial1,5,8,12,19.880000000000003,25.78,30.376468196781552,4.596468196781551
plant,compact,Ridge,loo_plant,trial1,5,12,16,25.78,36.78,42.472928757351305,5.692928757351304
plant,compact,Ridge,loo_plant,trial1,5,16,20,36.78,65.78,77.75305117681658,11.973051176816583
plant,compact,Ridge,loo_plant,trial1,5,20,24,65.78,123.78,130.44449988125209,6.664499881252084
plant,compact,Ridge,loo_plant,trial1,5,24,28,123.78,185.78,203.2629762447991,17.48297624479909
plant,compact,Ridge,loo_plant,trial1,6,0,4,3.8800000000000026,7.880000000000003,12.87795559795579,4.997955597955787
plant,compact,Ridge,loo_plant,trial1,6,4,8,7.880000000000003,17.330000000000002,18.563859105765665,1.2338591057656636
plant,compact,Ridge,loo_plant,trial1,6,8,12,17.330000000000002,21.78,29.595279314255613,7.815279314255612
plant,compact,Ridge,loo_plant,trial1,6,12,16,21.78,35.78,38.959946796573085,3.179946796573084
plant,compact,Ridge,loo_plant,trial1,6,16,20,35.78,69.78,76.05976973598226,6.279769735982256
plant,compact,Ridge,loo_plant,trial1,6,20,24,69.78,125.78,131.84671344538867,6.066713445388672
plant,compact,Ridge,loo_plant,trial1,6,24,28,125.78,195.78,201.71078416063142,5.9307841606314184
plant,compact,Ridge,loo_plant,trial1,7,0,4,5.18,13.980000000000004,12.617287155393669,1.3627128446063352
plant,compact,Ridge,loo_plant,trial1,7,4,8,13.980000000000004,20.980000000000004,23.506019595027738,2.5260195950277335
plant,compact,Ridge,loo_plant,trial1,7,8,12,20.980000000000004,26.78,30.824485723106726,4.044485723106725
plant,compact,Ridge,loo_plant,trial1,7,12,16,26.78,40.78,41.740789995334545,0.9607899953345438
plant,compact,Ridge,loo_plant,trial1,7,16,20,40.78,76.78,79.45276033166766,2.6727603316676607
plant,compact,Ridge,loo_plant,trial1,7,20,24,76.78,135.78,135.07066547960406,0.7093345203959416
plant,compact,Ridge,loo_plant,trial1,7,24,28,135.78,218.78,205.79128736573995,12.988712634260054
plant,compact,Ridge,loo_plant,trial1,8,0,4,4.580000000000002,11.28,12.656860365797769,1.3768603657977696
plant,compact,Ridge,loo_plant,trial1,8,4,8,11.28,18.380000000000003,20.381440830353938,2.0014408303539355
plant,compact,Ridge,loo_plant,trial1,8,8,12,18.380000000000003,26.78,27.48062965041622,0.7006296504162179
plant,compact,Ridge,loo_plant,trial1,8,12,16,26.78,42.78,42.34917460627214,0.4308253937278579
plant,compact,Ridge,loo_plant,trial1,8,16,20,42.78,78.78,80.76884193566949,1.988841935669484
plant,compact,Ridge,loo_plant,trial1,8,20,24,78.78,137.78,136.3760854261431,1.4039145738568948
plant,compact,Ridge,loo_plant,trial1,8,24,28,137.78,214.78,209.01853337483738,5.761466625162626
plant,compact,Ridge,loo_plant,trial1,9,0,4,4.380000000000003,11.68,12.641790760325065,0.9617907603250657
plant,compact,Ridge,loo_plant,trial1,9,4,8,11.68,21.58,21.444267170677428,0.13573282932257058
plant,compact,Ridge,loo_plant,trial1,9,8,12,21.58,27.78,29.86957103954788,2.0895710395478773
plant,compact,Ridge,loo_plant,trial1,9,12,16,27.78,41.78,43.442891962986955,1.6628919629869543
plant,compact,Ridge,loo_plant,trial1,9,16,20,41.78,83.78,77.25709945492203,6.522900545077974
plant,compact,Ridge,loo_plant,trial1,9,20,24,83.78,152.78,138.9535765439375,13.826423456062514
plant,compact,Ridge,loo_plant,trial1,9,24,28,152.78,222.78,221.2763233085858,1.5036766914141992
plant,compact,Ridge,loo_plant,trial1,10,0,4,5.880000000000003,14.68,12.404809539392502,2.2751904606074973
plant,compact,Ridge,loo_plant,trial1,10,12,16,29.78,44.78,47.1375050285982,2.3575050285981973
plant,compact,Ridge,loo_plant,trial1,10,16,20,44.78,82.78,82.22800904325823,0.5519909567417756
plant,compact,Ridge,loo_plant,trial1,10,20,24,82.78,141.78,138.08739837893177,3.692601621068235
plant,compact,Ridge,loo_plant,trial1,10,24,28,141.78,220.78,210.96386232214567,9.816137677854329
plant,compact,ElasticNet,loo_plant,trial1,1,0,4,4.48,12.880000000000004,12.396237550382693,0.48376244961731096
plant,compact,ElasticNet,loo_plant,trial1,1,4,8,12.880000000000004,19.08,21.215062388496293,2.1350623884962943
plant,compact,ElasticNet,loo_plant,trial1,1,8,12,19.08,26.78,26.92732130096168,0.1473213009616785
plant,compact,ElasticNet,loo_plant,trial1,1,12,16,26.78,40.78,41.84604636123753,1.0660463612375324
plant,compact,ElasticNet,loo_plant,trial1,1,16,20,40.78,78.78,78.95747334594738,0.17747334594737652
plant,compact,ElasticNet,loo_plant,trial1,1,20,24,78.78,135.78,138.07375927153294,2.2937592715329345
plant,compact,ElasticNet,loo_plant,trial1,1,24,28,135.78,213.78,209.07232949942727,4.707670500572732
plant,compact,ElasticNet,loo_plant,trial1,2,0,4,4.880000000000003,11.079999999999998,12.831978587899457,1.7519785878994583
plant,compact,ElasticNet,loo_plant,trial1,2,4,8,11.079999999999998,18.18,19.597900569356305,1.4179005693563056
plant,compact,ElasticNet,loo_plant,trial1,2,8,12,18.18,27.78,25.480303807085384,2.2996961929146167
plant,compact,ElasticNet,loo_plant,trial1,2,12,16,27.78,45.78,42.12546160221504,3.654538397784961
plant,compact,ElasticNet,loo_plant,trial1,2,16,20,45.78,89.78,83.3081654036611,6.471834596338894
plant,compact,ElasticNet,loo_plant,trial1,2,20,24,89.78,153.78,148.52709260106752,5.252907398932479
plant,compact,ElasticNet,loo_plant,trial1,2,24,28,153.78,217.78,229.3554476238096,11.575447623809595
plant,compact,ElasticNet,loo_plant,trial1,3,0,4,6.580000000000002,16.880000000000003,13.031727258763738,3.848272741236265
plant,compact,ElasticNet,loo_plant,trial1,3,4,8,16.880000000000003,23.980000000000004,24.68066991268551,0.7006699126855054
plant,compact,ElasticNet,loo_plant,trial1,3,8,12,23.980000000000004,32.78,31.936295020762103,0.8437049792378986
plant,compact,ElasticNet,loo_plant,trial1,3,12,16,32.78,49.78,47.28738927600432,2.492610723995682
plant,compact,ElasticNet,loo_plant,trial1,3,16,20,49.78,93.78,87.08132053024163,6.698679469758375
plant,compact,ElasticNet,loo_plant,trial1,3,20,24,93.78,157.78,149.72459253687006,8.055407463129939
plant,compact,ElasticNet,loo_plant,trial1,3,24,28,157.78,232.78,230.5480245887034,2.231975411296588
plant,compact,ElasticNet,loo_plant,trial1,4,0,4,4.080000000000002,13.980000000000004,12.027774780568336,1.9522252194316678
plant,compact,ElasticNet,loo_plant,trial1,4,4,8,13.980000000000004,20.78,22.26803700701206,1.4880370070120605
plant,compact,ElasticNet,loo_plant,trial1,4,8,12,20.78,29.78,28.699705621023647,1.0802943789763546
plant,compact,ElasticNet,loo_plant,trial1,4,12,16,29.78,50.78,44.28672011405396,6.493279885946038
plant,compact,ElasticNet,loo_plant,trial1,4,16,20,50.78,91.78,89.32801415574055,2.451985844259454
plant,compact,ElasticNet,loo_plant,trial1,4,20,24,91.78,140.78,152.88511428387326,12.105114283873263
plant,compact,ElasticNet,loo_plant,trial1,4,24,28,140.78,220.78,213.1934209874721,7.586579012527892
plant,compact,ElasticNet,loo_plant,trial1,5,0,4,4.98,13.28,12.65791466351051,0.6220853364894889
plant,compact,ElasticNet,loo_plant,trial1,5,4,8,13.28,19.880000000000003,21.689239602763138,1.8092396027631352
plant,compact,ElasticNet,loo_plant,trial1,5,8,12,19.880000000000003,25.78,28.842099468702806,3.0620994687028045
plant,compact,ElasticNet,loo_plant,trial1,5,12,16,25.78,36.78,41.56664857890356,4.786648578903559
plant,compact,ElasticNet,loo_plant,trial1,5,16,20,36.78,65.78,76.93253288954566,11.152532889545654
plant,compact,ElasticNet,loo_plant,trial1,5,20,24,65.78,123.78,126.86758373598414,3.08758373598414
plant,compact,ElasticNet,loo_plant,trial1,5,24,28,123.78,185.78,200.4033861878392,14.623386187839202
plant,compact,ElasticNet,loo_plant,trial1,6,0,4,3.8800000000000026,7.880000000000003,12.666854419896623,4.7868544198966205
plant,compact,ElasticNet,loo_plant,trial1,6,4,8,7.880000000000003,17.330000000000002,15.971775933524654,1.3582240664753478
plant,compact,ElasticNet,loo_plant,trial1,6,8,12,17.330000000000002,21.78,25.890547094077398,4.110547094077397
plant,compact,ElasticNet,loo_plant,trial1,6,12,16,21.78,35.78,37.00813290929467,1.228132909294672
plant,compact,ElasticNet,loo_plant,trial1,6,16,20,35.78,69.78,74.60460268488622,4.824602684886216
plant,compact,ElasticNet,loo_plant,trial1,6,20,24,69.78,125.78,129.74674008577318,3.966740085773182
plant,compact,ElasticNet,loo_plant,trial1,6,24,28,125.78,195.78,199.53052032330086,3.7505203233008615
plant,compact,ElasticNet,loo_plant,trial1,7,0,4,5.18,13.980000000000004,12.690659337768167,1.2893406622318366
plant,compact,ElasticNet,loo_plant,trial1,7,4,8,13.980000000000004,20.980000000000004,22.31594028981791,1.3359402898179056
plant,compact,ElasticNet,loo_plant,trial1,7,8,12,20.980000000000004,26.78,29.686702994616958,2.906702994616957
plant,compact,ElasticNet,loo_plant,trial1,7,12,16,26.78,40.78,41.778159061184816,0.9981590611848148
plant,compact,ElasticNet,loo_plant,trial1,7,16,20,40.78,76.78,78.8409597729654,2.060959772965404
plant,compact,ElasticNet,loo_plant,trial1,7,20,24,76.78,135.78,136.14972659999063,0.36972659999062785
plant,compact,ElasticNet,loo_plant,trial1,7,24,28,135.78,218.78,205.13517022358522,13.644829776414781
plant,compact,ElasticNet,loo_plant,trial1,8,0,4,4.580000000000002,11.28,12.632118632653501,1.352118632653502
plant,compact,ElasticNet,loo_plant,trial1,8,4,8,11.28,18.380000000000003,18.151360058139886,0.22863994186011638
plant,compact,ElasticNet,loo_plant,trial1,8,8,12,18.380000000000003,26.78,24.606945633721367,2.1730543662786346
plant,compact,ElasticNet,loo_plant,trial1,8,12,16,26.78,42.78,41.6052674808102,1.1747325191898028
plant,compact,ElasticNet,loo_plant,trial1,8,16,20,42.78,78.78,81.23860618837426,2.4586061883742616
plant,compact,ElasticNet,loo_plant,trial1,8,20,24,78.78,137.78,138.60728122408824,0.8272812240882388
plant,compact,ElasticNet,loo_plant,trial1,8,24,28,137.78,214.78,211.02535110884452,3.754648891155483
plant,compact,ElasticNet,loo_plant,trial1,9,0,4,4.380000000000003,11.68,12.498017433178006,0.8180174331780066
plant,compact,ElasticNet,loo_plant,trial1,9,4,8,11.68,21.58,19.690818475503917,1.889181524496081
plant,compact,ElasticNet,loo_plant,trial1,9,8,12,21.58,27.78,29.14811832887647,1.36811832887647
plant,compact,ElasticNet,loo_plant,trial1,9,12,16,27.78,41.78,43.087822867447215,1.3078228674472143
plant,compact,ElasticNet,loo_plant,trial1,9,16,20,41.78,83.78,78.34247585600757,5.437524143992434
plant,compact,ElasticNet,loo_plant,trial1,9,20,24,83.78,152.78,141.30517015077115,11.474829849228854
plant,compact,ElasticNet,loo_plant,trial1,9,24,28,152.78,222.78,226.55529638228097,3.7752963822809704
plant,compact,ElasticNet,loo_plant,trial1,10,0,4,5.880000000000003,14.68,12.882218495636558,1.7977815043634422
plant,compact,ElasticNet,loo_plant,trial1,10,12,16,29.78,44.78,47.40117112527246,2.621171125272461
plant,compact,ElasticNet,loo_plant,trial1,10,16,20,44.78,82.78,83.10499265865515,0.32499265865514815
plant,compact,ElasticNet,loo_plant,trial1,10,20,24,82.78,141.78,142.01612460447916,0.2361246044791585
plant,compact,ElasticNet,loo_plant,trial1,10,24,28,141.78,220.78,214.06768105200138,6.712318947998625
plant,compact,SVR-RBF,loo_plant,trial1,1,0,4,4.48,12.880000000000004,18.28951486912902,5.409514869129017
plant,compact,SVR-RBF,loo_plant,trial1,1,4,8,12.880000000000004,19.08,25.407917452184172,6.327917452184174
plant,compact,SVR-RBF,loo_plant,trial1,1,8,12,19.08,26.78,31.204488257765362,4.424488257765361
plant,compact,SVR-RBF,loo_plant,trial1,1,12,16,26.78,40.78,45.12962225343732,4.3496222534373175
plant,compact,SVR-RBF,loo_plant,trial1,1,16,20,40.78,78.78,79.36305266606023,0.583052666060226
plant,compact,SVR-RBF,loo_plant,trial1,1,20,24,78.78,135.78,131.8407927195695,3.9392072804305087
plant,compact,SVR-RBF,loo_plant,trial1,1,24,28,135.78,213.78,162.74353195069756,51.03646804930244
plant,compact,SVR-RBF,loo_plant,trial1,2,0,4,4.880000000000003,11.079999999999998,18.281479753837786,7.201479753837788
plant,compact,SVR-RBF,loo_plant,trial1,2,4,8,11.079999999999998,18.18,32.59501853641461,14.415018536414607
plant,compact,SVR-RBF,loo_plant,trial1,2,8,12,18.18,27.78,44.05682822782234,16.276828227822342
plant,compact,SVR-RBF,loo_plant,trial1,2,12,16,27.78,45.78,45.37480093427478,0.40519906572522046
plant,compact,SVR-RBF,loo_plant,trial1,2,16,20,45.78,89.78,78.11721074047851,11.662789259521489
plant,compact,SVR-RBF,loo_plant,trial1,2,20,24,89.78,153.78,127.22308873385407,26.55691126614593
plant,compact,SVR-RBF,loo_plant,trial1,2,24,28,153.78,217.78,157.5317809579102,60.2482190420898
plant,compact,SVR-RBF,loo_plant,trial1,3,0,4,6.580000000000002,16.880000000000003,17.919102600534785,1.0391026005347825
plant,compact,SVR-RBF,loo_plant,trial1,3,4,8,16.880000000000003,23.980000000000004,26.106952902567578,2.1269529025675737
plant,compact,SVR-RBF,loo_plant,trial1,3,8,12,23.980000000000004,32.78,35.22707694419418,2.4470769441941798
plant,compact,SVR-RBF,loo_plant,trial1,3,12,16,32.78,49.78,46.24242503529672,3.537574964703282
plant,compact,SVR-RBF,loo_plant,trial1,3,16,20,49.78,93.78,78.39770450431837,15.382295495681632
plant,compact,SVR-RBF,loo_plant,trial1,3,20,24,93.78,157.78,102.02190146076539,55.75809853923461
plant,compact,SVR-RBF,loo_plant,trial1,3,24,28,157.78,232.78,143.84205328561043,88.93794671438957
plant,compact,SVR-RBF,loo_plant,trial1,4,0,4,4.080000000000002,13.980000000000004,17.901393706809216,3.921393706809212
plant,compact,SVR-RBF,loo_plant,trial1,4,4,8,13.980000000000004,20.78,25.166095625208037,4.386095625208036
plant,compact,SVR-RBF,loo_plant,trial1,4,8,12,20.78,29.78,34.40835857041538,4.628358570415379
plant,compact,SVR-RBF,loo_plant,trial1,4,12,16,29.78,50.78,43.778496360747155,7.001503639252846
plant,compact,SVR-RBF,loo_plant,trial1,4,16,20,50.78,91.78,78.71769551055958,13.062304489440422
plant,compact,SVR-RBF,loo_plant,trial1,4,20,24,91.78,140.78,124.533565826537,16.246434173463
plant,compact,SVR-RBF,loo_plant,trial1,4,24,28,140.78,220.78,156.76103278188842,64.01896721811158
plant,compact,SVR-RBF,loo_plant,trial1,5,0,4,4.98,13.28,17.848587541466685,4.568587541466686
plant,compact,SVR-RBF,loo_plant,trial1,5,4,8,13.28,19.880000000000003,25.47055827961517,5.590558279615166
plant,compact,SVR-RBF,loo_plant,trial1,5,8,12,19.880000000000003,25.78,34.95829519130445,9.17829519130445
plant,compact,SVR-RBF,loo_plant,trial1,5,12,16,25.78,36.78,45.73154771659172,8.951547716591719
plant,compact,SVR-RBF,loo_plant,trial1,5,16,20,36.78,65.78,83.33841506646559,17.558415066465585
plant,compact,SVR-RBF,loo_plant,trial1,5,20,24,65.78,123.78,121.49276529845301,2.2872347015469927
plant,compact,SVR-RBF,loo_plant,trial1,5,24,28,123.78,185.78,151.15700736182822,34.62299263817178
plant,compact,SVR-RBF,loo_plant,trial1,6,0,4,3.8800000000000026,7.880000000000003,18.423856470621743,10.54385647062174
plant,compact,SVR-RBF,loo_plant,trial1,6,4,8,7.880000000000003,17.330000000000002,25.659694553477053,8.32969455347705
plant,compact,SVR-RBF,loo_plant,trial1,6,8,12,17.330000000000002,21.78,39.24796444828583,17.467964448285827
plant,compact,SVR-RBF,loo_plant,trial1,6,12,16,21.78,35.78,46.30468892790748,10.524688927907476
plant,compact,SVR-RBF,loo_plant,trial1,6,16,20,35.78,69.78,83.72310069157018,13.94310069157018
plant,compact,SVR-RBF,loo_plant,trial1,6,20,24,69.78,125.78,128.3228305065448,2.5428305065447887
plant,compact,SVR-RBF,loo_plant,trial1,6,24,28,125.78,195.78,157.0821784893717,38.6978215106283
plant,compact,SVR-RBF,loo_plant,trial1,7,0,4,5.18,13.980000000000004,17.856119865725987,3.8761198657259825
plant,compact,SVR-RBF,loo_plant,trial1,7,4,8,13.980000000000004,20.980000000000004,25.06550686390758,4.085506863907575
plant,compact,SVR-RBF,loo_plant,trial1,7,8,12,20.980000000000004,26.78,32.8820258932834,6.102025893283397
plant,compact,SVR-RBF,loo_plant,trial1,7,12,16,26.78,40.78,54.41935322102223,13.639353221022226
plant,compact,SVR-RBF,loo_plant,trial1,7,16,20,40.78,76.78,86.71458993939544,9.934589939395437
plant,compact,SVR-RBF,loo_plant,trial1,7,20,24,76.78,135.78,125.6100900351525,10.169909964847506
plant,compact,SVR-RBF,loo_plant,trial1,7,24,28,135.78,218.78,162.14788656410047,56.63211343589953
plant,compact,SVR-RBF,loo_plant,trial1,8,0,4,4.580000000000002,11.28,18.28964284549012,7.009642845490122
plant,compact,SVR-RBF,loo_plant,trial1,8,4,8,11.28,18.380000000000003,38.60067039732383,20.22067039732383
plant,compact,SVR-RBF,loo_plant,trial1,8,8,12,18.380000000000003,26.78,37.70061205409144,10.920612054091436
plant,compact,SVR-RBF,loo_plant,trial1,8,12,16,26.78,42.78,45.164806257477515,2.384806257477514
plant,compact,SVR-RBF,loo_plant,trial1,8,16,20,42.78,78.78,78.82765516533354,0.04765516533353775
plant,compact,SVR-RBF,loo_plant,trial1,8,20,24,78.78,137.78,121.81526409764388,15.964735902356125
plant,compact,SVR-RBF,loo_plant,trial1,8,24,28,137.78,214.78,161.3515508721832,53.428449127816805
plant,compact,SVR-RBF,loo_plant,trial1,9,0,4,4.380000000000003,11.68,18.29841647070758,6.618416470707579
plant,compact,SVR-RBF,loo_plant,trial1,9,4,8,11.68,21.58,24.579899493228332,2.999899493228334
plant,compact,SVR-RBF,loo_plant,trial1,9,8,12,21.58,27.78,38.312228006062995,10.532228006062994
plant,compact,SVR-RBF,loo_plant,trial1,9,12,16,27.78,41.78,45.32856729785581,3.5485672978558114
plant,compact,SVR-RBF,loo_plant,trial1,9,16,20,41.78,83.78,78.29363725922666,5.486362740773345
plant,compact,SVR-RBF,loo_plant,trial1,9,20,24,83.78,152.78,125.79957017889565,26.98042982110435
plant,compact,SVR-RBF,loo_plant,trial1,9,24,28,152.78,222.78,154.47648485302,68.30351514698
plant,compact,SVR-RBF,loo_plant,trial1,10,0,4,5.880000000000003,14.68,17.890986182421116,3.2109861824211166
plant,compact,SVR-RBF,loo_plant,trial1,10,12,16,29.78,44.78,46.27566665256643,1.4956666525664275
plant,compact,SVR-RBF,loo_plant,trial1,10,16,20,44.78,82.78,80.15343724451428,2.626562755485722
plant,compact,SVR-RBF,loo_plant,trial1,10,20,24,82.78,141.78,115.57350865075685,26.20649134924315
plant,compact,SVR-RBF,loo_plant,trial1,10,24,28,141.78,220.78,155.00961344593108,65.77038655406892
plant,compact,RandomForest,loo_plant,trial1,1,0,4,4.48,12.880000000000004,18.255203630817306,5.3752036308173015
plant,compact,RandomForest,loo_plant,trial1,1,4,8,12.880000000000004,19.08,18.76427974171621,0.3157202582837897
plant,compact,RandomForest,loo_plant,trial1,1,8,12,19.08,26.78,22.38287691860363,4.397123081396373
plant,compact,RandomForest,loo_plant,trial1,1,12,16,26.78,40.78,40.546856146111374,0.23314385388862746
plant,compact,RandomForest,loo_plant,trial1,1,16,20,40.78,78.78,76.901607864358,1.8783921356420024
plant,compact,RandomForest,loo_plant,trial1,1,20,24,78.78,135.78,136.87069155844148,1.0906915584414776
plant,compact,RandomForest,loo_plant,trial1,1,24,28,135.78,213.78,217.5360060772559,3.756006077255904
plant,compact,RandomForest,loo_plant,trial1,2,0,4,4.880000000000003,11.079999999999998,18.23792682316384,7.157926823163841
plant,compact,RandomForest,loo_plant,trial1,2,4,8,11.079999999999998,18.18,18.48576975835365,0.3057697583536516
plant,compact,RandomForest,loo_plant,trial1,2,8,12,18.18,27.78,21.245755682069447,6.534244317930554
plant,compact,RandomForest,loo_plant,trial1,2,12,16,27.78,45.78,39.84475312417629,5.935246875823708
plant,compact,RandomForest,loo_plant,trial1,2,16,20,45.78,89.78,82.9757738095239,6.8042261904761006
plant,compact,RandomForest,loo_plant,trial1,2,20,24,89.78,153.78,146.80465782828273,6.975342171717273
plant,compact,RandomForest,loo_plant,trial1,2,24,28,153.78,217.78,220.66839305139285,2.8883930513928533
plant,compact,RandomForest,loo_plant,trial1,3,0,4,6.580000000000002,16.880000000000003,17.797487389336485,0.9174873893364826
plant,compact,RandomForest,loo_plant,trial1,3,4,8,16.880000000000003,23.980000000000004,18.34466967014799,5.635330329852014
plant,compact,RandomForest,loo_plant,trial1,3,8,12,23.980000000000004,32.78,24.87991597876532,7.9000840212346795
plant,compact,RandomForest,loo_plant,trial1,3,12,16,32.78,49.78,42.716110077830635,7.063889922169366
plant,compact,RandomForest,loo_plant,trial1,3,16,20,49.78,93.78,81.4375467536485,12.342453246351496
plant,compact,RandomForest,loo_plant,trial1,3,20,24,93.78,157.78,147.68464231601718,10.095357683982826
plant,compact,RandomForest,loo_plant,trial1,3,24,28,157.78,232.78,218.60857582695064,14.17142417304936
plant,compact,RandomForest,loo_plant,trial1,4,0,4,4.080000000000002,13.980000000000004,18.19353392520103,4.213533925201027
plant,compact,RandomForest,loo_plant,trial1,4,4,8,13.980000000000004,20.78,18.716735087498705,2.063264912501296
plant,compact,RandomForest,loo_plant,trial1,4,8,12,20.78,29.78,21.657207393789303,8.122792606210698
plant,compact,RandomForest,loo_plant,trial1,4,12,16,29.78,50.78,40.664094589315894,10.115905410684107
plant,compact,RandomForest,loo_plant,trial1,4,16,20,50.78,91.78,82.64969893568845,9.130301064311553
plant,compact,RandomForest,loo_plant,trial1,4,20,24,91.78,140.78,149.85451226551203,9.074512265512027
plant,compact,RandomForest,loo_plant,trial1,4,24,28,140.78,220.78,207.6160076451324,13.163992354867588
plant,compact,RandomForest,loo_plant,trial1,5,0,4,4.98,13.28,18.338900149492577,5.058900149492578
plant,compact,RandomForest,loo_plant,trial1,5,4,8,13.28,19.880000000000003,18.599705640060016,1.2802943599399867
plant,compact,RandomForest,loo_plant,trial1,5,8,12,19.880000000000003,25.78,21.973082958192116,3.8069170418078855
plant,compact,RandomForest,loo_plant,trial1,5,12,16,25.78,36.78,41.49566104116471,4.715661041164708
plant,compact,RandomForest,loo_plant,trial1,5,16,20,36.78,65.78,76.00524062049071,10.225240620490709
plant,compact,RandomForest,loo_plant,trial1,5,20,24,65.78,123.78,135.03771993284485,11.25771993284485
plant,compact,RandomForest,loo_plant,trial1,5,24,28,123.78,185.78,205.26792381229836,19.487923812298362
plant,compact,RandomForest,loo_plant,trial1,6,0,4,3.8800000000000026,7.880000000000003,19.025722291681515,11.145722291681512
plant,compact,RandomForest,loo_plant,trial1,6,4,8,7.880000000000003,17.330000000000002,19.025722291681515,1.6957222916815127
plant,compact,RandomForest,loo_plant,trial1,6,8,12,17.330000000000002,21.78,21.149350603468083,0.6306493965319184
plant,compact,RandomForest,loo_plant,trial1,6,12,16,21.78,35.78,35.75542182164532,0.024578178354680347
plant,compact,RandomForest,loo_plant,trial1,6,16,20,35.78,69.78,73.49809829059842,3.7180982905984195
plant,compact,RandomForest,loo_plant,trial1,6,20,24,69.78,125.78,135.23296416083915,9.452964160839144
plant,compact,RandomForest,loo_plant,trial1,6,24,28,125.78,195.78,200.235052419802,4.455052419802001
plant,compact,RandomForest,loo_plant,trial1,7,0,4,5.18,13.980000000000004,17.9707777046606,3.9907777046605943
plant,compact,RandomForest,loo_plant,trial1,7,4,8,13.980000000000004,20.980000000000004,18.28401854176467,2.695981458235334
plant,compact,RandomForest,loo_plant,trial1,7,8,12,20.980000000000004,26.78,26.270544033783963,0.5094559662160378
plant,compact,RandomForest,loo_plant,trial1,7,12,16,26.78,40.78,40.23074025097091,0.5492597490290905
plant,compact,RandomForest,loo_plant,trial1,7,16,20,40.78,76.78,79.62683351370858,2.8468335137085745
plant,compact,RandomForest,loo_plant,trial1,7,20,24,76.78,135.78,137.20029240204235,1.4202924020423495
plant,compact,RandomForest,loo_plant,trial1,7,24,28,135.78,218.78,217.5042701881448,1.2757298118552
plant,compact,RandomForest,loo_plant,trial1,8,0,4,4.580000000000002,11.28,18.22489051572379,6.94489051572379
plant,compact,RandomForest,loo_plant,trial1,8,4,8,11.28,18.380000000000003,18.47444014134327,0.0944401413432665
plant,compact,RandomForest,loo_plant,trial1,8,8,12,18.380000000000003,26.78,22.38109187339629,4.398908126603711
plant,compact,RandomForest,loo_plant,trial1,8,12,16,26.78,42.78,40.06736104726251,2.7126389527374926
plant,compact,RandomForest,loo_plant,trial1,8,16,20,42.78,78.78,80.96186129148637,2.1818612914863706
plant,compact,RandomForest,loo_plant,trial1,8,20,24,78.78,137.78,137.58142701742696,0.19857298257304024
plant,compact,RandomForest,loo_plant,trial1,8,24,28,137.78,214.78,220.33205332167822,5.5520533216782155
plant,compact,RandomForest,loo_plant,trial1,9,0,4,4.380000000000003,11.68,18.003758654271365,6.323758654271366
plant,compact,RandomForest,loo_plant,trial1,9,4,8,11.68,21.58,18.124932996376625,3.4550670036233733
plant,compact,RandomForest,loo_plant,trial1,9,8,12,21.58,27.78,30.493215734983636,2.7132157349836348
plant,compact,RandomForest,loo_plant,trial1,9,12,16,27.78,41.78,40.64200936230092,1.1379906376990832
plant,compact,RandomForest,loo_plant,trial1,9,16,20,41.78,83.78,78.37498935786446,5.405010642135537
plant,compact,RandomForest,loo_plant,trial1,9,20,24,83.78,152.78,138.11203993228986,14.66796006771014
plant,compact,RandomForest,loo_plant,trial1,9,24,28,152.78,222.78,219.9872356116105,2.7927643883895144
plant,compact,RandomForest,loo_plant,trial1,10,0,4,5.880000000000003,14.68,18.05704290263587,3.3770429026358713
plant,compact,RandomForest,loo_plant,trial1,10,12,16,29.78,44.78,43.480543788104725,1.2994562118952757
plant,compact,RandomForest,loo_plant,trial1,10,16,20,44.78,82.78,84.96609469696978,2.186094696969775
plant,compact,RandomForest,loo_plant,trial1,10,20,24,82.78,141.78,139.12696958596953,2.653030414030468
plant,compact,RandomForest,loo_plant,trial1,10,24,28,141.78,220.78,220.20828046953025,0.5717195304697498
plant,compact,GradBoost,loo_plant,trial1,1,0,4,4.48,12.880000000000004,11.987892973666114,0.8921070263338908
plant,compact,GradBoost,loo_plant,trial1,1,4,8,12.880000000000004,19.08,20.965241165472115,1.8852411654721166
plant,compact,GradBoost,loo_plant,trial1,1,8,12,19.08,26.78,26.332618233504324,0.4473817664956776
plant,compact,GradBoost,loo_plant,trial1,1,12,16,26.78,40.78,42.448804711618074,1.6688047116180726
plant,compact,GradBoost,loo_plant,trial1,1,16,20,40.78,78.78,76.7832426735168,1.9967573264832055
plant,compact,GradBoost,loo_plant,trial1,1,20,24,78.78,135.78,137.47093115245286,1.6909311524528619
plant,compact,GradBoost,loo_plant,trial1,1,24,28,135.78,213.78,216.38710786028508,2.6071078602850832
plant,compact,GradBoost,loo_plant,trial1,2,0,4,4.880000000000003,11.079999999999998,13.170658515888888,2.09065851588889
plant,compact,GradBoost,loo_plant,trial1,2,4,8,11.079999999999998,18.18,18.272419442830447,0.09241944283044745
plant,compact,GradBoost,loo_plant,trial1,2,8,12,18.18,27.78,26.068960187700352,1.7110398122996493
plant,compact,GradBoost,loo_plant,trial1,2,12,16,27.78,45.78,42.11224605493456,3.667753945065442
plant,compact,GradBoost,loo_plant,trial1,2,16,20,45.78,89.78,91.1708767847782,1.3908767847782002
plant,compact,GradBoost,loo_plant,trial1,2,20,24,89.78,153.78,157.4221707736603,3.642170773660297
plant,compact,GradBoost,loo_plant,trial1,2,24,28,153.78,217.78,223.24567447210322,5.465674472103217
plant,compact,GradBoost,loo_plant,trial1,3,0,4,6.580000000000002,16.880000000000003,14.254845614395325,2.6251543856046773
plant,compact,GradBoost,loo_plant,trial1,3,4,8,16.880000000000003,23.980000000000004,20.484260901710446,3.495739098289558
plant,compact,GradBoost,loo_plant,trial1,3,8,12,23.980000000000004,32.78,31.14863502179674,1.631364978203262
plant,compact,GradBoost,loo_plant,trial1,3,12,16,32.78,49.78,47.44993205254233,2.330067947457671
plant,compact,GradBoost,loo_plant,trial1,3,16,20,49.78,93.78,87.58559008809569,6.194409911904316
plant,compact,GradBoost,loo_plant,trial1,3,20,24,93.78,157.78,153.43387930626483,4.346120693735173
plant,compact,GradBoost,loo_plant,trial1,3,24,28,157.78,232.78,217.84448409525078,14.935515904749224
plant,compact,GradBoost,loo_plant,trial1,4,0,4,4.080000000000002,13.980000000000004,8.643200242355356,5.336799757644648
plant,compact,GradBoost,loo_plant,trial1,4,4,8,13.980000000000004,20.78,21.541569919332694,0.7615699193326932
plant,compact,GradBoost,loo_plant,trial1,4,8,12,20.78,29.78,26.781189398128628,2.998810601871373
plant,compact,GradBoost,loo_plant,trial1,4,12,16,29.78,50.78,44.93716797644714,5.842832023552859
plant,compact,GradBoost,loo_plant,trial1,4,16,20,50.78,91.78,89.69000913792112,2.089990862078878
plant,compact,GradBoost,loo_plant,trial1,4,20,24,91.78,140.78,153.84933187122138,13.06933187122138
plant,compact,GradBoost,loo_plant,trial1,4,24,28,140.78,220.78,216.69652239732963,4.083477602670371
plant,compact,GradBoost,loo_plant,trial1,5,0,4,4.98,13.28,12.105398954654772,1.1746010453452271
plant,compact,GradBoost,loo_plant,trial1,5,4,8,13.28,19.880000000000003,20.406183172081455,0.5261831720814527
plant,compact,GradBoost,loo_plant,trial1,5,8,12,19.880000000000003,25.78,27.29996951690284,1.5199695169028402
plant,compact,GradBoost,loo_plant,trial1,5,12,16,25.78,36.78,41.472371796149304,4.6923717961493026
plant,compact,GradBoost,loo_plant,trial1,5,16,20,36.78,65.78,70.00903749150064,4.229037491500634
plant,compact,GradBoost,loo_plant,trial1,5,20,24,65.78,123.78,125.92960800769231,2.149608007692308
plant,compact,GradBoost,loo_plant,trial1,5,24,28,123.78,185.78,196.14272221145865,10.362722211458646
plant,compact,GradBoost,loo_plant,trial1,6,0,4,3.8800000000000026,7.880000000000003,13.365757062044437,5.485757062044435
plant,compact,GradBoost,loo_plant,trial1,6,4,8,7.880000000000003,17.330000000000002,18.298135380531345,0.9681353805313435
plant,compact,GradBoost,loo_plant,trial1,6,8,12,17.330000000000002,21.78,27.18249222456546,5.40249222456546
plant,compact,GradBoost,loo_plant,trial1,6,12,16,21.78,35.78,30.673009521157603,5.106990478842398
plant,compact,GradBoost,loo_plant,trial1,6,16,20,35.78,69.78,66.42378474019455,3.3562152598054524
plant,compact,GradBoost,loo_plant,trial1,6,20,24,69.78,125.78,124.11549390133865,1.6645060986613487
plant,compact,GradBoost,loo_plant,trial1,6,24,28,125.78,195.78,185.46286182128526,10.317138178714742
plant,compact,GradBoost,loo_plant,trial1,7,0,4,5.18,13.980000000000004,13.109725329061764,0.8702746709382403
plant,compact,GradBoost,loo_plant,trial1,7,4,8,13.980000000000004,20.980000000000004,20.591825604868404,0.3881743951315997
plant,compact,GradBoost,loo_plant,trial1,7,8,12,20.980000000000004,26.78,29.198936041707416,2.418936041707415
plant,compact,GradBoost,loo_plant,trial1,7,12,16,26.78,40.78,41.22768072559493,0.4476807255949282
plant,compact,GradBoost,loo_plant,trial1,7,16,20,40.78,76.78,78.80308939861919,2.0230893986191916
plant,compact,GradBoost,loo_plant,trial1,7,20,24,76.78,135.78,135.60613233350455,0.17386766649545393
plant,compact,GradBoost,loo_plant,trial1,7,24,28,135.78,218.78,213.5860145695522,5.19398543044781
plant,compact,GradBoost,loo_plant,trial1,8,0,4,4.580000000000002,11.28,12.503022955971206,1.2230229559712065
plant,compact,GradBoost,loo_plant,trial1,8,4,8,11.28,18.380000000000003,18.35106516506942,0.028934834930581133
plant,compact,GradBoost,loo_plant,trial1,8,8,12,18.380000000000003,26.78,26.971047880137988,0.19104788013798668
plant,compact,GradBoost,loo_plant,trial1,8,12,16,26.78,42.78,40.59031670063911,2.189683299360894
plant,compact,GradBoost,loo_plant,trial1,8,16,20,42.78,78.78,81.44607192346228,2.666071923462283
plant,compact,GradBoost,loo_plant,trial1,8,20,24,78.78,137.78,136.80889095920125,0.9711090407987513
plant,compact,GradBoost,loo_plant,trial1,8,24,28,137.78,214.78,217.43650266152366,2.6565026615236604
plant,compact,GradBoost,loo_plant,trial1,9,0,4,4.380000000000003,11.68,12.537818707839278,0.8578187078392787
plant,compact,GradBoost,loo_plant,trial1,9,4,8,11.68,21.58,18.60114520333907,2.9788547966609293
plant,compact,GradBoost,loo_plant,trial1,9,8,12,21.58,27.78,31.987065197129002,4.207065197129001
plant,compact,GradBoost,loo_plant,trial1,9,12,16,27.78,41.78,45.88467136200594,4.104671362005938
plant,compact,GradBoost,loo_plant,trial1,9,16,20,41.78,83.78,78.00641458824964,5.773585411750361
plant,compact,GradBoost,loo_plant,trial1,9,20,24,83.78,152.78,137.6900198921801,15.089980107819912
plant,compact,GradBoost,loo_plant,trial1,9,24,28,152.78,222.78,217.55302772469682,5.226972275303183
plant,compact,GradBoost,loo_plant,trial1,10,0,4,5.880000000000003,14.68,16.763674333504007,2.083674333504007
plant,compact,GradBoost,loo_plant,trial1,10,12,16,29.78,44.78,50.42076284569027,5.6407628456902685
plant,compact,GradBoost,loo_plant,trial1,10,16,20,44.78,82.78,92.51907649935785,9.73907649935785
plant,compact,GradBoost,loo_plant,trial1,10,20,24,82.78,141.78,139.35244922253762,2.427550777462386
plant,compact,GradBoost,loo_plant,trial1,10,24,28,141.78,220.78,220.4411306153826,0.33886938461739646
plant,compact,XGBoost,loo_plant,trial1,1,0,4,4.48,12.880000000000004,12.38162612915039,0.4983738708496137
plant,compact,XGBoost,loo_plant,trial1,1,4,8,12.880000000000004,19.08,20.550567626953125,1.4705676269531267
plant,compact,XGBoost,loo_plant,trial1,1,8,12,19.08,26.78,26.641464233398438,0.13853576660156364
plant,compact,XGBoost,loo_plant,trial1,1,12,16,26.78,40.78,42.53915786743164,1.7591578674316395
plant,compact,XGBoost,loo_plant,trial1,1,16,20,40.78,78.78,76.10077667236328,2.67922332763672
plant,compact,XGBoost,loo_plant,trial1,1,20,24,78.78,135.78,137.05142211914062,1.2714221191406239
plant,compact,XGBoost,loo_plant,trial1,1,24,28,135.78,213.78,217.60440063476562,3.824400634765624
plant,compact,XGBoost,loo_plant,trial1,2,0,4,4.880000000000003,11.079999999999998,12.81650161743164,1.7365016174316423
plant,compact,XGBoost,loo_plant,trial1,2,4,8,11.079999999999998,18.18,18.08477210998535,0.09522789001464815
plant,compact,XGBoost,loo_plant,trial1,2,8,12,18.18,27.78,23.406639099121094,4.373360900878907
plant,compact,XGBoost,loo_plant,trial1,2,12,16,27.78,45.78,41.60482406616211,4.175175933837892
plant,compact,XGBoost,loo_plant,trial1,2,16,20,45.78,89.78,85.60028839111328,4.17971160888672
plant,compact,XGBoost,loo_plant,trial1,2,20,24,89.78,153.78,152.20323181152344,1.5767681884765636
plant,compact,XGBoost,loo_plant,trial1,2,24,28,153.78,217.78,223.09249877929688,5.312498779296874
plant,compact,XGBoost,loo_plant,trial1,3,0,4,6.580000000000002,16.880000000000003,13.775117874145508,3.1048821258544947
plant,compact,XGBoost,loo_plant,trial1,3,4,8,16.880000000000003,23.980000000000004,20.612159729003906,3.3678402709960977
plant,compact,XGBoost,loo_plant,trial1,3,8,12,23.980000000000004,32.78,32.97120666503906,0.19120666503906136
plant,compact,XGBoost,loo_plant,trial1,3,12,16,32.78,49.78,48.27906036376953,1.5009396362304699
plant,compact,XGBoost,loo_plant,trial1,3,16,20,49.78,93.78,83.17536926269531,10.604630737304689
plant,compact,XGBoost,loo_plant,trial1,3,20,24,93.78,157.78,152.7413330078125,5.038666992187501
plant,compact,XGBoost,loo_plant,trial1,3,24,28,157.78,232.78,218.6863250732422,14.093674926757814
plant,compact,XGBoost,loo_plant,trial1,4,0,4,4.080000000000002,13.980000000000004,11.02212905883789,2.9578709411621134
plant,compact,XGBoost,loo_plant,trial1,4,4,8,13.980000000000004,20.78,20.67671775817871,0.1032822418212902
plant,compact,XGBoost,loo_plant,trial1,4,8,12,20.78,29.78,26.463274002075195,3.316725997924806
plant,compact,XGBoost,loo_plant,trial1,4,12,16,29.78,50.78,43.94652557373047,6.833474426269532
plant,compact,XGBoost,loo_plant,trial1,4,16,20,50.78,91.78,91.72701263427734,0.05298736572265739
plant,compact,XGBoost,loo_plant,trial1,4,20,24,91.78,140.78,148.48843383789062,7.708433837890624
plant,compact,XGBoost,loo_plant,trial1,4,24,28,140.78,220.78,210.975341796875,9.804658203125001
plant,compact,XGBoost,loo_plant,trial1,5,0,4,4.98,13.28,12.464438438415527,0.815561561584472
plant,compact,XGBoost,loo_plant,trial1,5,4,8,13.28,19.880000000000003,20.49993324279785,0.619933242797849
plant,compact,XGBoost,loo_plant,trial1,5,8,12,19.880000000000003,25.78,27.098718643188477,1.3187186431884754
plant,compact,XGBoost,loo_plant,trial1,5,12,16,25.78,36.78,41.16384506225586,4.383845062255858
plant,compact,XGBoost,loo_plant,trial1,5,16,20,36.78,65.78,71.97223663330078,6.19223663330078
plant,compact,XGBoost,loo_plant,trial1,5,20,24,65.78,123.78,101.13230895996094,22.647691040039064
plant,compact,XGBoost,loo_plant,trial1,5,24,28,123.78,185.78,166.98651123046875,18.79348876953125
plant,compact,XGBoost,loo_plant,trial1,6,0,4,3.8800000000000026,7.880000000000003,13.247536659240723,5.36753665924072
plant,compact,XGBoost,loo_plant,trial1,6,4,8,7.880000000000003,17.330000000000002,17.768014907836914,0.4380149078369122
plant,compact,XGBoost,loo_plant,trial1,6,8,12,17.330000000000002,21.78,26.826251983642578,5.046251983642577
plant,compact,XGBoost,loo_plant,trial1,6,12,16,21.78,35.78,35.9396858215332,0.159685821533202
plant,compact,XGBoost,loo_plant,trial1,6,16,20,35.78,69.78,48.42488479614258,21.355115203857423
plant,compact,XGBoost,loo_plant,trial1,6,20,24,69.78,125.78,124.44059753417969,1.3394024658203136
plant,compact,XGBoost,loo_plant,trial1,6,24,28,125.78,195.78,186.49708557128906,9.282914428710939
plant,compact,XGBoost,loo_plant,trial1,7,0,4,5.18,13.980000000000004,13.190886497497559,0.7891135025024454
plant,compact,XGBoost,loo_plant,trial1,7,4,8,13.980000000000004,20.980000000000004,20.87298583984375,0.10701416015625398
plant,compact,XGBoost,loo_plant,trial1,7,8,12,20.980000000000004,26.78,28.630216598510742,1.850216598510741
plant,compact,XGBoost,loo_plant,trial1,7,12,16,26.78,40.78,42.57601547241211,1.7960154724121082
plant,compact,XGBoost,loo_plant,trial1,7,16,20,40.78,76.78,77.55667877197266,0.7766787719726551
plant,compact,XGBoost,loo_plant,trial1,7,20,24,76.78,135.78,128.4441680908203,7.335831909179689
plant,compact,XGBoost,loo_plant,trial1,7,24,28,135.78,218.78,210.51744079589844,8.262559204101564
plant,compact,XGBoost,loo_plant,trial1,8,0,4,4.580000000000002,11.28,12.658595085144043,1.3785950851440436
plant,compact,XGBoost,loo_plant,trial1,8,4,8,11.28,18.380000000000003,18.487388610839844,0.10738861083984119
plant,compact,XGBoost,loo_plant,trial1,8,8,12,18.380000000000003,26.78,26.853572845458984,0.07357284545898324
plant,compact,XGBoost,loo_plant,trial1,8,12,16,26.78,42.78,40.52103805541992,2.2589619445800793
plant,compact,XGBoost,loo_plant,trial1,8,16,20,42.78,78.78,82.6374740600586,3.8574740600585926
plant,compact,XGBoost,loo_plant,trial1,8,20,24,78.78,137.78,139.25808715820312,1.4780871582031239
plant,compact,XGBoost,loo_plant,trial1,8,24,28,137.78,214.78,217.27737426757812,2.497374267578124
plant,compact,XGBoost,loo_plant,trial1,9,0,4,4.380000000000003,11.68,12.639945983886719,0.959945983886719
plant,compact,XGBoost,loo_plant,trial1,9,4,8,11.68,21.58,18.625764846801758,2.9542351531982405
plant,compact,XGBoost,loo_plant,trial1,9,8,12,21.58,27.78,28.198965072631836,0.4189650726318348
plant,compact,XGBoost,loo_plant,trial1,9,12,16,27.78,41.78,44.52639389038086,2.7463938903808582
plant,compact,XGBoost,loo_plant,trial1,9,16,20,41.78,83.78,78.52239227294922,5.257607727050782
plant,compact,XGBoost,loo_plant,trial1,9,20,24,83.78,152.78,136.32920837402344,16.450791625976564
plant,compact,XGBoost,loo_plant,trial1,9,24,28,152.78,222.78,217.4559326171875,5.324067382812501
plant,compact,XGBoost,loo_plant,trial1,10,0,4,5.880000000000003,14.68,13.86288833618164,0.8171116638183591
plant,compact,XGBoost,loo_plant,trial1,10,12,16,29.78,44.78,50.57695388793945,5.796953887939452
plant,compact,XGBoost,loo_plant,trial1,10,16,20,44.78,82.78,87.09623718261719,4.316237182617186
plant,compact,XGBoost,loo_plant,trial1,10,20,24,82.78,141.78,137.4319305419922,4.348069458007814
plant,compact,XGBoost,loo_plant,trial1,10,24,28,141.78,220.78,219.1548614501953,1.6251385498046886
plant,compact,Persist,lodo_target_day,trial1,1,0,4,4.48,12.880000000000004,4.48,8.400000000000004
plant,compact,Persist,lodo_target_day,trial1,1,4,8,12.880000000000004,19.08,12.880000000000004,6.199999999999994
plant,compact,Persist,lodo_target_day,trial1,1,8,12,19.08,26.78,19.08,7.700000000000003
plant,compact,Persist,lodo_target_day,trial1,1,12,16,26.78,40.78,26.78,14.0
plant,compact,Persist,lodo_target_day,trial1,1,16,20,40.78,78.78,40.78,38.0
plant,compact,Persist,lodo_target_day,trial1,1,20,24,78.78,135.78,78.78,57.0
plant,compact,Persist,lodo_target_day,trial1,1,24,28,135.78,213.78,135.78,78.0
plant,compact,Persist,lodo_target_day,trial1,2,0,4,4.880000000000003,11.079999999999998,4.880000000000003,6.199999999999996
plant,compact,Persist,lodo_target_day,trial1,2,4,8,11.079999999999998,18.18,11.079999999999998,7.100000000000001
plant,compact,Persist,lodo_target_day,trial1,2,8,12,18.18,27.78,18.18,9.600000000000001
plant,compact,Persist,lodo_target_day,trial1,2,12,16,27.78,45.78,27.78,18.0
plant,compact,Persist,lodo_target_day,trial1,2,16,20,45.78,89.78,45.78,44.0
plant,compact,Persist,lodo_target_day,trial1,2,20,24,89.78,153.78,89.78,64.0
plant,compact,Persist,lodo_target_day,trial1,2,24,28,153.78,217.78,153.78,64.0
plant,compact,Persist,lodo_target_day,trial1,3,0,4,6.580000000000002,16.880000000000003,6.580000000000002,10.3
plant,compact,Persist,lodo_target_day,trial1,3,4,8,16.880000000000003,23.980000000000004,16.880000000000003,7.100000000000001
plant,compact,Persist,lodo_target_day,trial1,3,8,12,23.980000000000004,32.78,23.980000000000004,8.799999999999997
plant,compact,Persist,lodo_target_day,trial1,3,12,16,32.78,49.78,32.78,17.0
plant,compact,Persist,lodo_target_day,trial1,3,16,20,49.78,93.78,49.78,44.0
plant,compact,Persist,lodo_target_day,trial1,3,20,24,93.78,157.78,93.78,64.0
plant,compact,Persist,lodo_target_day,trial1,3,24,28,157.78,232.78,157.78,75.0
plant,compact,Persist,lodo_target_day,trial1,4,0,4,4.080000000000002,13.980000000000004,4.080000000000002,9.900000000000002
plant,compact,Persist,lodo_target_day,trial1,4,4,8,13.980000000000004,20.78,13.980000000000004,6.799999999999997
plant,compact,Persist,lodo_target_day,trial1,4,8,12,20.78,29.78,20.78,9.0
plant,compact,Persist,lodo_target_day,trial1,4,12,16,29.78,50.78,29.78,21.0
plant,compact,Persist,lodo_target_day,trial1,4,16,20,50.78,91.78,50.78,41.0
plant,compact,Persist,lodo_target_day,trial1,4,20,24,91.78,140.78,91.78,49.0
plant,compact,Persist,lodo_target_day,trial1,4,24,28,140.78,220.78,140.78,80.0
plant,compact,Persist,lodo_target_day,trial1,5,0,4,4.98,13.28,4.98,8.299999999999999
plant,compact,Persist,lodo_target_day,trial1,5,4,8,13.28,19.880000000000003,13.28,6.600000000000003
plant,compact,Persist,lodo_target_day,trial1,5,8,12,19.880000000000003,25.78,19.880000000000003,5.899999999999999
plant,compact,Persist,lodo_target_day,trial1,5,12,16,25.78,36.78,25.78,11.0
plant,compact,Persist,lodo_target_day,trial1,5,16,20,36.78,65.78,36.78,29.0
plant,compact,Persist,lodo_target_day,trial1,5,20,24,65.78,123.78,65.78,58.0
plant,compact,Persist,lodo_target_day,trial1,5,24,28,123.78,185.78,123.78,62.0
plant,compact,Persist,lodo_target_day,trial1,6,0,4,3.8800000000000026,7.880000000000003,3.8800000000000026,4.0
plant,compact,Persist,lodo_target_day,trial1,6,4,8,7.880000000000003,17.330000000000002,7.880000000000003,9.45
plant,compact,Persist,lodo_target_day,trial1,6,8,12,17.330000000000002,21.78,17.330000000000002,4.449999999999999
plant,compact,Persist,lodo_target_day,trial1,6,12,16,21.78,35.78,21.78,14.0
plant,compact,Persist,lodo_target_day,trial1,6,16,20,35.78,69.78,35.78,34.0
plant,compact,Persist,lodo_target_day,trial1,6,20,24,69.78,125.78,69.78,56.0
plant,compact,Persist,lodo_target_day,trial1,6,24,28,125.78,195.78,125.78,70.0
plant,compact,Persist,lodo_target_day,trial1,7,0,4,5.18,13.980000000000004,5.18,8.800000000000004
plant,compact,Persist,lodo_target_day,trial1,7,4,8,13.980000000000004,20.980000000000004,13.980000000000004,7.0
plant,compact,Persist,lodo_target_day,trial1,7,8,12,20.980000000000004,26.78,20.980000000000004,5.799999999999997
plant,compact,Persist,lodo_target_day,trial1,7,12,16,26.78,40.78,26.78,14.0
plant,compact,Persist,lodo_target_day,trial1,7,16,20,40.78,76.78,40.78,36.0
plant,compact,Persist,lodo_target_day,trial1,7,20,24,76.78,135.78,76.78,59.0
plant,compact,Persist,lodo_target_day,trial1,7,24,28,135.78,218.78,135.78,83.0
plant,compact,Persist,lodo_target_day,trial1,8,0,4,4.580000000000002,11.28,4.580000000000002,6.6999999999999975
plant,compact,Persist,lodo_target_day,trial1,8,4,8,11.28,18.380000000000003,11.28,7.100000000000003
plant,compact,Persist,lodo_target_day,trial1,8,8,12,18.380000000000003,26.78,18.380000000000003,8.399999999999999
plant,compact,Persist,lodo_target_day,trial1,8,12,16,26.78,42.78,26.78,16.0
plant,compact,Persist,lodo_target_day,trial1,8,16,20,42.78,78.78,42.78,36.0
plant,compact,Persist,lodo_target_day,trial1,8,20,24,78.78,137.78,78.78,59.0
plant,compact,Persist,lodo_target_day,trial1,8,24,28,137.78,214.78,137.78,77.0
plant,compact,Persist,lodo_target_day,trial1,9,0,4,4.380000000000003,11.68,4.380000000000003,7.299999999999997
plant,compact,Persist,lodo_target_day,trial1,9,4,8,11.68,21.58,11.68,9.899999999999999
plant,compact,Persist,lodo_target_day,trial1,9,8,12,21.58,27.78,21.58,6.200000000000003
plant,compact,Persist,lodo_target_day,trial1,9,12,16,27.78,41.78,27.78,14.0
plant,compact,Persist,lodo_target_day,trial1,9,16,20,41.78,83.78,41.78,42.0
plant,compact,Persist,lodo_target_day,trial1,9,20,24,83.78,152.78,83.78,69.0
plant,compact,Persist,lodo_target_day,trial1,9,24,28,152.78,222.78,152.78,70.0
plant,compact,Persist,lodo_target_day,trial1,10,0,4,5.880000000000003,14.68,5.880000000000003,8.799999999999997
plant,compact,Persist,lodo_target_day,trial1,10,12,16,29.78,44.78,29.78,15.0
plant,compact,Persist,lodo_target_day,trial1,10,16,20,44.78,82.78,44.78,38.0
plant,compact,Persist,lodo_target_day,trial1,10,20,24,82.78,141.78,82.78,59.0
plant,compact,Persist,lodo_target_day,trial1,10,24,28,141.78,220.78,141.78,79.0
plant,compact,GrowMean,lodo_target_day,trial1,1,0,4,4.48,12.880000000000004,38.98172413793104,26.101724137931036
plant,compact,GrowMean,lodo_target_day,trial1,1,4,8,12.880000000000004,19.08,46.991016949152545,27.911016949152547
plant,compact,GrowMean,lodo_target_day,trial1,1,8,12,19.08,26.78,53.214745762711864,26.434745762711863
plant,compact,GrowMean,lodo_target_day,trial1,1,12,16,26.78,40.78,59.98344827586207,19.203448275862065
plant,compact,GrowMean,lodo_target_day,trial1,1,16,20,40.78,78.78,70.05241379310345,8.727586206896547
plant,compact,GrowMean,lodo_target_day,trial1,1,20,24,78.78,135.78,104.39724137931034,31.382758620689657
plant,compact,GrowMean,lodo_target_day,trial1,1,24,28,135.78,213.78,158.9144827586207,54.86551724137931
plant,compact,GrowMean,lodo_target_day,trial1,2,0,4,4.880000000000003,11.079999999999998,39.38172413793104,28.30172413793104
plant,compact,GrowMean,lodo_target_day,trial1,2,4,8,11.079999999999998,18.18,45.19101694915254,27.01101694915254
plant,compact,GrowMean,lodo_target_day,trial1,2,8,12,18.18,27.78,52.314745762711865,24.534745762711864
plant,compact,GrowMean,lodo_target_day,trial1,2,12,16,27.78,45.78,60.98344827586207,15.203448275862065
plant,compact,GrowMean,lodo_target_day,trial1,2,16,20,45.78,89.78,75.05241379310345,14.727586206896547
plant,compact,GrowMean,lodo_target_day,trial1,2,20,24,89.78,153.78,115.39724137931034,38.38275862068966
plant,compact,GrowMean,lodo_target_day,trial1,2,24,28,153.78,217.78,176.9144827586207,40.86551724137931
plant,compact,GrowMean,lodo_target_day,trial1,3,0,4,6.580000000000002,16.880000000000003,41.08172413793103,24.20172413793103
plant,compact,GrowMean,lodo_target_day,trial1,3,4,8,16.880000000000003,23.980000000000004,50.991016949152545,27.01101694915254
plant,compact,GrowMean,lodo_target_day,trial1,3,8,12,23.980000000000004,32.78,58.11474576271187,25.33474576271187
plant,compact,GrowMean,lodo_target_day,trial1,3,12,16,32.78,49.78,65.98344827586206,16.20344827586206
plant,compact,GrowMean,lodo_target_day,trial1,3,16,20,49.78,93.78,79.05241379310345,14.727586206896547
plant,compact,GrowMean,lodo_target_day,trial1,3,20,24,93.78,157.78,119.39724137931034,38.38275862068966
plant,compact,GrowMean,lodo_target_day,trial1,3,24,28,157.78,232.78,180.9144827586207,51.86551724137931
plant,compact,GrowMean,lodo_target_day,trial1,4,0,4,4.080000000000002,13.980000000000004,38.58172413793103,24.60172413793103
plant,compact,GrowMean,lodo_target_day,trial1,4,4,8,13.980000000000004,20.78,48.09101694915255,27.311016949152545
plant,compact,GrowMean,lodo_target_day,trial1,4,8,12,20.78,29.78,54.91474576271187,25.134745762711866
plant,compact,GrowMean,lodo_target_day,trial1,4,12,16,29.78,50.78,62.98344827586207,12.203448275862065
plant,compact,GrowMean,lodo_target_day,trial1,4,16,20,50.78,91.78,80.05241379310345,11.727586206896547
plant,compact,GrowMean,lodo_target_day,trial1,4,20,24,91.78,140.78,117.39724137931034,23.382758620689657
plant,compact,GrowMean,lodo_target_day,trial1,4,24,28,140.78,220.78,163.9144827586207,56.86551724137931
plant,compact,GrowMean,lodo_target_day,trial1,5,0,4,4.98,13.28,39.48172413793104,26.201724137931038
plant,compact,GrowMean,lodo_target_day,trial1,5,4,8,13.28,19.880000000000003,47.391016949152544,27.51101694915254
plant,compact,GrowMean,lodo_target_day,trial1,5,8,12,19.880000000000003,25.78,54.01474576271187,28.234745762711867
plant,compact,GrowMean,lodo_target_day,trial1,5,12,16,25.78,36.78,58.98344827586207,22.203448275862065
plant,compact,GrowMean,lodo_target_day,trial1,5,16,20,36.78,65.78,66.05241379310345,0.27241379310345337
plant,compact,GrowMean,lodo_target_day,trial1,5,20,24,65.78,123.78,91.39724137931034,32.38275862068966
plant,compact,GrowMean,lodo_target_day,trial1,5,24,28,123.78,185.78,146.9144827586207,38.86551724137931
plant,compact,GrowMean,lodo_target_day,trial1,6,0,4,3.8800000000000026,7.880000000000003,38.38172413793104,30.501724137931035
plant,compact,GrowMean,lodo_target_day,trial1,6,4,8,7.880000000000003,17.330000000000002,41.991016949152545,24.661016949152543
plant,compact,GrowMean,lodo_target_day,trial1,6,8,12,17.330000000000002,21.78,51.46474576271187,29.68474576271187
plant,compact,GrowMean,lodo_target_day,trial1,6,12,16,21.78,35.78,54.98344827586207,19.203448275862065
plant,compact,GrowMean,lodo_target_day,trial1,6,16,20,35.78,69.78,65.05241379310345,4.727586206896547
plant,compact,GrowMean,lodo_target_day,trial1,6,20,24,69.78,125.78,95.39724137931034,30.382758620689657
plant,compact,GrowMean,lodo_target_day,trial1,6,24,28,125.78,195.78,148.9144827586207,46.86551724137931
plant,compact,GrowMean,lodo_target_day,trial1,7,0,4,5.18,13.980000000000004,39.681724137931035,25.70172413793103
plant,compact,GrowMean,lodo_target_day,trial1,7,4,8,13.980000000000004,20.980000000000004,48.09101694915255,27.111016949152543
plant,compact,GrowMean,lodo_target_day,trial1,7,8,12,20.980000000000004,26.78,55.11474576271187,28.33474576271187
plant,compact,GrowMean,lodo_target_day,trial1,7,12,16,26.78,40.78,59.98344827586207,19.203448275862065
plant,compact,GrowMean,lodo_target_day,trial1,7,16,20,40.78,76.78,70.05241379310345,6.727586206896547
plant,compact,GrowMean,lodo_target_day,trial1,7,20,24,76.78,135.78,102.39724137931034,33.38275862068966
plant,compact,GrowMean,lodo_target_day,trial1,7,24,28,135.78,218.78,158.9144827586207,59.86551724137931
plant,compact,GrowMean,lodo_target_day,trial1,8,0,4,4.580000000000002,11.28,39.08172413793103,27.801724137931032
plant,compact,GrowMean,lodo_target_day,trial1,8,4,8,11.28,18.380000000000003,45.391016949152544,27.01101694915254
plant,compact,GrowMean,lodo_target_day,trial1,8,8,12,18.380000000000003,26.78,52.51474576271187,25.734745762711867
plant,compact,GrowMean,lodo_target_day,trial1,8,12,16,26.78,42.78,59.98344827586207,17.203448275862065
plant,compact,GrowMean,lodo_target_day,trial1,8,16,20,42.78,78.78,72.05241379310345,6.727586206896547
plant,compact,GrowMean,lodo_target_day,trial1,8,20,24,78.78,137.78,104.39724137931034,33.38275862068966
plant,compact,GrowMean,lodo_target_day,trial1,8,24,28,137.78,214.78,160.9144827586207,53.86551724137931
plant,compact,GrowMean,lodo_target_day,trial1,9,0,4,4.380000000000003,11.68,38.88172413793104,27.201724137931038
plant,compact,GrowMean,lodo_target_day,trial1,9,4,8,11.68,21.58,45.79101694915254,24.211016949152544
plant,compact,GrowMean,lodo_target_day,trial1,9,8,12,21.58,27.78,55.714745762711864,27.934745762711863
plant,compact,GrowMean,lodo_target_day,trial1,9,12,16,27.78,41.78,60.98344827586207,19.203448275862065
plant,compact,GrowMean,lodo_target_day,trial1,9,16,20,41.78,83.78,71.05241379310345,12.727586206896547
plant,compact,GrowMean,lodo_target_day,trial1,9,20,24,83.78,152.78,109.39724137931034,43.38275862068966
plant,compact,GrowMean,lodo_target_day,trial1,9,24,28,152.78,222.78,175.9144827586207,46.86551724137931
plant,compact,GrowMean,lodo_target_day,trial1,10,0,4,5.880000000000003,14.68,40.38172413793104,25.701724137931038
plant,compact,GrowMean,lodo_target_day,trial1,10,12,16,29.78,44.78,62.98344827586207,18.203448275862065
plant,compact,GrowMean,lodo_target_day,trial1,10,16,20,44.78,82.78,74.05241379310345,8.727586206896547
plant,compact,GrowMean,lodo_target_day,trial1,10,20,24,82.78,141.78,108.39724137931034,33.38275862068966
plant,compact,GrowMean,lodo_target_day,trial1,10,24,28,141.78,220.78,164.9144827586207,55.86551724137931
plant,compact,Ridge,lodo_target_day,trial1,1,0,4,4.48,12.880000000000004,-2.789952217039371,15.669952217039375
plant,compact,Ridge,lodo_target_day,trial1,1,4,8,12.880000000000004,19.08,46.135938719519615,27.055938719519617
plant,compact,Ridge,lodo_target_day,trial1,1,8,12,19.08,26.78,96.1573120457441,69.3773120457441
plant,compact,Ridge,lodo_target_day,trial1,1,12,16,26.78,40.78,42.3105045729028,1.5305045729027995
plant,compact,Ridge,lodo_target_day,trial1,1,16,20,40.78,78.78,78.3812046910816,0.39879530891839465
plant,compact,Ridge,lodo_target_day,trial1,1,20,24,78.78,135.78,122.25532190288234,13.524678097117658
plant,compact,Ridge,lodo_target_day,trial1,1,24,28,135.78,213.78,147.907400952873,65.87259904712701
plant,compact,Ridge,lodo_target_day,trial1,2,0,4,4.880000000000003,11.079999999999998,-2.630590029987914,13.710590029987912
plant,compact,Ridge,lodo_target_day,trial1,2,4,8,11.079999999999998,18.18,45.050194759399815,26.870194759399816
plant,compact,Ridge,lodo_target_day,trial1,2,8,12,18.18,27.78,95.98975463328262,68.20975463328261
plant,compact,Ridge,lodo_target_day,trial1,2,12,16,27.78,45.78,43.20747141347972,2.572528586520278
plant,compact,Ridge,lodo_target_day,trial1,2,16,20,45.78,89.78,82.0782335000448,7.701766499955198
plant,compact,Ridge,lodo_target_day,trial1,2,20,24,89.78,153.78,130.68582065467365,23.094179345326353
plant,compact,Ridge,lodo_target_day,trial1,2,24,28,153.78,217.78,162.6737567253942,55.10624327460579
plant,compact,Ridge,lodo_target_day,trial1,3,0,4,6.580000000000002,16.880000000000003,-1.9533007350192122,18.833300735019215
plant,compact,Ridge,lodo_target_day,trial1,3,4,8,16.880000000000003,23.980000000000004,49.554487589699505,25.5744875896995
plant,compact,Ridge,lodo_target_day,trial1,3,8,12,23.980000000000004,32.78,98.88584445177744,66.10584445177744
plant,compact,Ridge,lodo_target_day,trial1,3,12,16,32.78,49.78,47.011904699997494,2.768095300002507
plant,compact,Ridge,lodo_target_day,trial1,3,16,20,49.78,93.78,84.88992290939382,8.890077090606184
plant,compact,Ridge,lodo_target_day,trial1,3,20,24,93.78,157.78,133.87041448741195,23.909585512588052
plant,compact,Ridge,lodo_target_day,trial1,3,24,28,157.78,232.78,165.25432400447312,67.52567599552688
plant,compact,Ridge,lodo_target_day,trial1,4,0,4,4.080000000000002,13.980000000000004,-2.9493144040908277,16.92931440409083
plant,compact,Ridge,lodo_target_day,trial1,4,4,8,13.980000000000004,20.78,47.08746327866455,26.30746327866455
plant,compact,Ridge,lodo_target_day,trial1,4,8,12,20.78,29.78,96.22827986712684,66.44827986712684
plant,compact,Ridge,lodo_target_day,trial1,4,12,16,29.78,50.78,44.71074839249628,6.069251607503723
plant,compact,Ridge,lodo_target_day,trial1,4,16,20,50.78,91.78,85.74051620476476,6.039483795235242
plant,compact,Ridge,lodo_target_day,trial1,4,20,24,91.78,140.78,131.55027077175114,9.229729228248857
plant,compact,Ridge,lodo_target_day,trial1,4,24,28,140.78,220.78,151.3291261000605,69.4508738999395
plant,compact,Ridge,lodo_target_day,trial1,5,0,4,4.98,13.28,-2.5907494832250535,15.870749483225053
plant,compact,Ridge,lodo_target_day,trial1,5,4,8,13.28,19.880000000000003,46.47440450192872,26.594404501928715
plant,compact,Ridge,lodo_target_day,trial1,5,8,12,19.880000000000003,25.78,95.47404830269988,69.69404830269988
plant,compact,Ridge,lodo_target_day,trial1,5,12,16,25.78,36.78,41.42014356646536,4.640143566465362
plant,compact,Ridge,lodo_target_day,trial1,5,16,20,36.78,65.78,75.4305308647597,9.650530864759702
plant,compact,Ridge,lodo_target_day,trial1,5,20,24,65.78,123.78,112.18555274282924,11.594447257170756
plant,compact,Ridge,lodo_target_day,trial1,5,24,28,123.78,185.78,137.83513466168193,47.94486533831807
plant,compact,Ridge,lodo_target_day,trial1,6,0,4,3.8800000000000026,7.880000000000003,-3.028995497616549,10.908995497616552
plant,compact,Ridge,lodo_target_day,trial1,6,4,8,7.880000000000003,17.330000000000002,41.839087332370646,24.509087332370644
plant,compact,Ridge,lodo_target_day,trial1,6,8,12,17.330000000000002,21.78,95.18570793122097,73.40570793122097
plant,compact,Ridge,lodo_target_day,trial1,6,12,16,21.78,35.78,38.23853500373594,2.458535003735939
plant,compact,Ridge,lodo_target_day,trial1,6,16,20,35.78,69.78,74.82316029909131,5.043160299091312
plant,compact,Ridge,lodo_target_day,trial1,6,20,24,69.78,125.78,115.42119209454498,10.358807905455024
plant,compact,Ridge,lodo_target_day,trial1,6,24,28,125.78,195.78,139.07409053346993,56.70590946653007
plant,compact,Ridge,lodo_target_day,trial1,7,0,4,5.18,13.980000000000004,-2.511068389699318,16.491068389699322
plant,compact,Ridge,lodo_target_day,trial1,7,4,8,13.980000000000004,20.980000000000004,47.074608054286024,26.09460805428602
plant,compact,Ridge,lodo_target_day,trial1,7,8,12,20.980000000000004,26.78,97.76273401084396,70.98273401084396
plant,compact,Ridge,lodo_target_day,trial1,7,12,16,26.78,40.78,41.45632660992042,0.6763266099204159
plant,compact,Ridge,lodo_target_day,trial1,7,16,20,40.78,76.78,78.60637028219608,1.8263702821960806
plant,compact,Ridge,lodo_target_day,trial1,7,20,24,76.78,135.78,120.50494721959078,15.275052780409226
plant,compact,Ridge,lodo_target_day,trial1,7,24,28,135.78,218.78,147.1379943246128,71.6420056753872
plant,compact,Ridge,lodo_target_day,trial1,8,0,4,4.580000000000002,11.28,-2.750111670276496,14.030111670276495
plant,compact,Ridge,lodo_target_day,trial1,8,4,8,11.28,18.380000000000003,44.88046651898485,26.50046651898485
plant,compact,Ridge,lodo_target_day,trial1,8,8,12,18.380000000000003,26.78,94.84880737091726,68.06880737091726
plant,compact,Ridge,lodo_target_day,trial1,8,12,16,26.78,42.78,42.35674541187919,0.4232545881208125
plant,compact,Ridge,lodo_target_day,trial1,8,16,20,42.78,78.78,79.87391465636418,1.093914656364177
plant,compact,Ridge,lodo_target_day,trial1,8,20,24,78.78,137.78,122.65649797100716,15.123502028992846
plant,compact,Ridge,lodo_target_day,trial1,8,24,28,137.78,214.78,149.15881928127223,65.62118071872777
plant,compact,Ridge,lodo_target_day,trial1,9,0,4,4.380000000000003,11.68,-2.8297927638022173,14.509792763802217
plant,compact,Ridge,lodo_target_day,trial1,9,4,8,11.68,21.58,45.10418017762872,23.524180177628722
plant,compact,Ridge,lodo_target_day,trial1,9,8,12,21.58,27.78,98.26461484598771,70.4846148459877
plant,compact,Ridge,lodo_target_day,trial1,9,12,16,27.78,41.78,42.98287305273727,1.2028730527372673
plant,compact,Ridge,lodo_target_day,trial1,9,16,20,41.78,83.78,77.68147701627038,6.098522983729623
plant,compact,Ridge,lodo_target_day,trial1,9,20,24,83.78,152.78,125.89066501980145,26.889334980198555
plant,compact,Ridge,lodo_target_day,trial1,9,24,28,152.78,222.78,162.30705795706808,60.47294204293192
plant,compact,Ridge,lodo_target_day,trial1,10,0,4,5.880000000000003,14.68,-2.232184562359251,16.91218456235925
plant,compact,Ridge,lodo_target_day,trial1,10,12,16,29.78,44.78,51.28235926008018,6.502359260080176
plant,compact,Ridge,lodo_target_day,trial1,10,16,20,44.78,82.78,81.26238630891707,1.5176136910829285
plant,compact,Ridge,lodo_target_day,trial1,10,20,24,82.78,141.78,124.88743006132336,16.892569938676644
plant,compact,Ridge,lodo_target_day,trial1,10,24,28,141.78,220.78,151.49711803956325,69.28288196043675
plant,compact,ElasticNet,lodo_target_day,trial1,1,0,4,4.48,12.880000000000004,-5.19302786140382,18.073027861403823
plant,compact,ElasticNet,lodo_target_day,trial1,1,4,8,12.880000000000004,19.08,46.0077631235847,26.927763123584704
plant,compact,ElasticNet,lodo_target_day,trial1,1,8,12,19.08,26.78,94.63313076893553,67.85313076893553
plant,compact,ElasticNet,lodo_target_day,trial1,1,12,16,26.78,40.78,39.925702369256896,0.8542976307431047
plant,compact,ElasticNet,lodo_target_day,trial1,1,16,20,40.78,78.78,80.65143649564256,1.8714364956425555
plant,compact,ElasticNet,lodo_target_day,trial1,1,20,24,78.78,135.78,120.99848152583556,14.781518474164443
plant,compact,ElasticNet,lodo_target_day,trial1,1,24,28,135.78,213.78,156.49140812959146,57.28859187040854
plant,compact,ElasticNet,lodo_target_day,trial1,2,0,4,4.880000000000003,11.079999999999998,-4.954835387595878,16.034835387595876
plant,compact,ElasticNet,lodo_target_day,trial1,2,4,8,11.079999999999998,18.18,44.22937289754189,26.049372897541893
plant,compact,ElasticNet,lodo_target_day,trial1,2,8,12,18.18,27.78,93.8501192573628,66.0701192573628
plant,compact,ElasticNet,lodo_target_day,trial1,2,12,16,27.78,45.78,40.903199411377685,4.8768005886223165
plant,compact,ElasticNet,lodo_target_day,trial1,2,16,20,45.78,89.78,85.34181377108762,4.438186228912386
plant,compact,ElasticNet,lodo_target_day,trial1,2,20,24,89.78,153.78,131.89108584454104,21.888914155458963
plant,compact,ElasticNet,lodo_target_day,trial1,2,24,28,153.78,217.78,175.3360062538528,42.443993746147214
plant,compact,ElasticNet,lodo_target_day,trial1,3,0,4,6.580000000000002,16.880000000000003,-3.942517373912054,20.822517373912056
plant,compact,ElasticNet,lodo_target_day,trial1,3,4,8,16.880000000000003,23.980000000000004,50.2044155129595,26.224415512959496
plant,compact,ElasticNet,lodo_target_day,trial1,3,8,12,23.980000000000004,32.78,99.73418901465745,66.95418901465744
plant,compact,ElasticNet,lodo_target_day,trial1,3,12,16,32.78,49.78,46.139422948792344,3.640577051207657
plant,compact,ElasticNet,lodo_target_day,trial1,3,16,20,49.78,93.78,89.33743414077416,4.442565859225837
plant,compact,ElasticNet,lodo_target_day,trial1,3,20,24,93.78,157.78,135.83470218377823,21.945297816221768
plant,compact,ElasticNet,lodo_target_day,trial1,3,24,28,157.78,232.78,179.3174077437311,53.46259225626889
plant,compact,ElasticNet,lodo_target_day,trial1,4,0,4,4.080000000000002,13.980000000000004,-5.4312203352117905,19.411220335211794
plant,compact,ElasticNet,lodo_target_day,trial1,4,4,8,13.980000000000004,20.78,47.09628183068932,26.31628183068932
plant,compact,ElasticNet,lodo_target_day,trial1,4,8,12,20.78,29.78,96.34728489723194,66.56728489723194
plant,compact,ElasticNet,lodo_target_day,trial1,4,12,16,29.78,50.78,43.0071690915384,7.7728309084616
plant,compact,ElasticNet,lodo_target_day,trial1,4,16,20,50.78,91.78,90.09012403446852,1.6898759655314848
plant,compact,ElasticNet,lodo_target_day,trial1,4,20,24,91.78,140.78,134.36908335694994,6.410916643050058
plant,compact,ElasticNet,lodo_target_day,trial1,4,24,28,140.78,220.78,157.93613280337888,62.84386719662112
plant,compact,ElasticNet,lodo_target_day,trial1,5,0,4,4.98,13.28,-4.8952872691438785,18.17528726914388
plant,compact,ElasticNet,lodo_target_day,trial1,5,4,8,13.28,19.880000000000003,46.446878595762385,26.566878595762383
plant,compact,ElasticNet,lodo_target_day,trial1,5,8,12,19.880000000000003,25.78,95.3979058546416,69.6179058546416
plant,compact,ElasticNet,lodo_target_day,trial1,5,12,16,25.78,36.78,38.94481951813795,2.1648195181379464
plant,compact,ElasticNet,lodo_target_day,trial1,5,16,20,36.78,65.78,76.88754807769934,11.107548077699334
plant,compact,ElasticNet,lodo_target_day,trial1,5,20,24,65.78,123.78,108.17042292881986,15.60957707118014
plant,compact,ElasticNet,lodo_target_day,trial1,5,24,28,123.78,185.78,142.18486863843114,43.59513136156886
plant,compact,ElasticNet,lodo_target_day,trial1,6,0,4,3.8800000000000026,7.880000000000003,-5.5503165721157615,13.430316572115764
plant,compact,ElasticNet,lodo_target_day,trial1,6,4,8,7.880000000000003,17.330000000000002,40.8977639206987,23.5677639206987
plant,compact,ElasticNet,lodo_target_day,trial1,6,8,12,17.330000000000002,21.78,92.54994386586394,70.76994386586394
plant,compact,ElasticNet,lodo_target_day,trial1,6,12,16,21.78,35.78,34.8266040962678,0.9533959037322006
plant,compact,ElasticNet,lodo_target_day,trial1,6,16,20,35.78,69.78,75.72932726845417,5.949327268454169
plant,compact,ElasticNet,lodo_target_day,trial1,6,20,24,69.78,125.78,111.95909109137995,13.820908908620055
plant,compact,ElasticNet,lodo_target_day,trial1,6,24,28,125.78,195.78,144.07955727736228,51.70044272263772
plant,compact,ElasticNet,lodo_target_day,trial1,7,0,4,5.18,13.980000000000004,-4.7761910322399075,18.75619103223991
plant,compact,ElasticNet,lodo_target_day,trial1,7,4,8,13.980000000000004,20.980000000000004,47.17005857746252,26.190058577462516
plant,compact,ElasticNet,lodo_target_day,trial1,7,8,12,20.980000000000004,26.78,96.83600888826373,70.05600888826373
plant,compact,ElasticNet,lodo_target_day,trial1,7,12,16,26.78,40.78,39.804573069608324,0.9754269303916772
plant,compact,ElasticNet,lodo_target_day,trial1,7,16,20,40.78,76.78,79.89733632303793,3.1173363230379323
plant,compact,ElasticNet,lodo_target_day,trial1,7,20,24,76.78,135.78,119.32835988645269,16.451640113547313
plant,compact,ElasticNet,lodo_target_day,trial1,7,24,28,135.78,218.78,154.08439488323032,64.69560511676968
plant,compact,ElasticNet,lodo_target_day,trial1,8,0,4,4.580000000000002,11.28,-5.133479742951835,16.413479742951836
plant,compact,ElasticNet,lodo_target_day,trial1,8,4,8,11.28,18.380000000000003,43.80431258018239,25.424312580182388
plant,compact,ElasticNet,lodo_target_day,trial1,8,8,12,18.380000000000003,26.78,92.60715497373414,65.82715497373414
plant,compact,ElasticNet,lodo_target_day,trial1,8,12,16,26.78,42.78,39.90200170626976,2.8779982937302435
plant,compact,ElasticNet,lodo_target_day,trial1,8,16,20,42.78,78.78,82.50441421064625,3.724414210646245
plant,compact,ElasticNet,lodo_target_day,trial1,8,20,24,78.78,137.78,122.18152218599533,15.598477814004667
plant,compact,ElasticNet,lodo_target_day,trial1,8,24,28,137.78,214.78,158.4573911124448,56.32260888755519
plant,compact,ElasticNet,lodo_target_day,trial1,9,0,4,4.380000000000003,11.68,-5.25257597985582,16.93257597985582
plant,compact,ElasticNet,lodo_target_day,trial1,9,4,8,11.68,21.58,44.784314384762986,23.204314384762988
plant,compact,ElasticNet,lodo_target_day,trial1,9,8,12,21.58,27.78,97.4660572981283,69.6860572981283
plant,compact,ElasticNet,lodo_target_day,trial1,9,12,16,27.78,41.78,41.01831691731519,0.7616830826848116
plant,compact,ElasticNet,lodo_target_day,trial1,9,16,20,41.78,83.78,80.54083522304674,3.2391647769532597
plant,compact,ElasticNet,lodo_target_day,trial1,9,20,24,83.78,152.78,126.11112903343154,26.668870966568463
plant,compact,ElasticNet,lodo_target_day,trial1,9,24,28,152.78,222.78,175.85306158463638,46.92693841536362
plant,compact,ElasticNet,lodo_target_day,trial1,10,0,4,5.880000000000003,14.68,-4.359354203075981,19.03935420307598
plant,compact,ElasticNet,lodo_target_day,trial1,10,12,16,29.78,44.78,50.00020344059756,5.220203440597558
plant,compact,ElasticNet,lodo_target_day,trial1,10,16,20,44.78,82.78,84.53119088945743,1.7511908894574333
plant,compact,ElasticNet,lodo_target_day,trial1,10,20,24,82.78,141.78,125.5989295031053,16.181070496894705
plant,compact,ElasticNet,lodo_target_day,trial1,10,24,28,141.78,220.78,161.41197981411676,59.36802018588324
plant,compact,SVR-RBF,lodo_target_day,trial1,1,0,4,4.48,12.880000000000004,58.54808067556622,45.668080675566216
plant,compact,SVR-RBF,lodo_target_day,trial1,1,4,8,12.880000000000004,19.08,68.75936651547158,49.679366515471585
plant,compact,SVR-RBF,lodo_target_day,trial1,1,8,12,19.08,26.78,101.47837192190164,74.69837192190164
plant,compact,SVR-RBF,lodo_target_day,trial1,1,12,16,26.78,40.78,72.02079498053511,31.240794980535114
plant,compact,SVR-RBF,lodo_target_day,trial1,1,16,20,40.78,78.78,83.17750689964852,4.397506899648519
plant,compact,SVR-RBF,lodo_target_day,trial1,1,20,24,78.78,135.78,68.23779514857006,67.54220485142994
plant,compact,SVR-RBF,lodo_target_day,trial1,1,24,28,135.78,213.78,65.6362960775888,148.1437039224112
plant,compact,SVR-RBF,lodo_target_day,trial1,2,0,4,4.880000000000003,11.079999999999998,58.51479559702116,47.434795597021164
plant,compact,SVR-RBF,lodo_target_day,trial1,2,4,8,11.079999999999998,18.18,73.95189015617451,55.771890156174514
plant,compact,SVR-RBF,lodo_target_day,trial1,2,8,12,18.18,27.78,101.89028160399879,74.11028160399879
plant,compact,SVR-RBF,lodo_target_day,trial1,2,12,16,27.78,45.78,72.08336160036922,26.303361600369215
plant,compact,SVR-RBF,lodo_target_day,trial1,2,16,20,45.78,89.78,82.43544068073925,7.344559319260753
plant,compact,SVR-RBF,lodo_target_day,trial1,2,20,24,89.78,153.78,66.76098210546334,87.01901789453666
plant,compact,SVR-RBF,lodo_target_day,trial1,2,24,28,153.78,217.78,65.12091284182999,152.65908715817
plant,compact,SVR-RBF,lodo_target_day,trial1,3,0,4,6.580000000000002,16.880000000000003,58.425308162502475,41.54530816250247
plant,compact,SVR-RBF,lodo_target_day,trial1,3,4,8,16.880000000000003,23.980000000000004,69.38201528365975,45.40201528365975
plant,compact,SVR-RBF,lodo_target_day,trial1,3,8,12,23.980000000000004,32.78,100.96630066659675,68.18630066659675
plant,compact,SVR-RBF,lodo_target_day,trial1,3,12,16,32.78,49.78,72.65179402361804,22.871794023618037
plant,compact,SVR-RBF,lodo_target_day,trial1,3,16,20,49.78,93.78,81.79229413745485,11.987705862545155
plant,compact,SVR-RBF,lodo_target_day,trial1,3,20,24,93.78,157.78,65.85575385746677,91.92424614253324
plant,compact,SVR-RBF,lodo_target_day,trial1,3,24,28,157.78,232.78,64.96330200777032,167.81669799222968
plant,compact,SVR-RBF,lodo_target_day,trial1,4,0,4,4.080000000000002,13.980000000000004,58.585999701431966,44.60599970143196
plant,compact,SVR-RBF,lodo_target_day,trial1,4,4,8,13.980000000000004,20.78,68.96348179630415,48.18348179630415
plant,compact,SVR-RBF,lodo_target_day,trial1,4,8,12,20.78,29.78,100.87930553162352,71.09930553162351
plant,compact,SVR-RBF,lodo_target_day,trial1,4,12,16,29.78,50.78,72.24694878883204,21.466948788832042
plant,compact,SVR-RBF,lodo_target_day,trial1,4,16,20,50.78,91.78,81.90651307180431,9.873486928195689
plant,compact,SVR-RBF,lodo_target_day,trial1,4,20,24,91.78,140.78,66.53238463521693,74.24761536478307
plant,compact,SVR-RBF,lodo_target_day,trial1,4,24,28,140.78,220.78,65.45135851094925,155.32864148905077
plant,compact,SVR-RBF,lodo_target_day,trial1,5,0,4,4.98,13.28,58.50719998552194,45.22719998552194
plant,compact,SVR-RBF,lodo_target_day,trial1,5,4,8,13.28,19.880000000000003,68.78466387175733,48.90466387175733
plant,compact,SVR-RBF,lodo_target_day,trial1,5,8,12,19.880000000000003,25.78,100.85555642651263,75.07555642651263
plant,compact,SVR-RBF,lodo_target_day,trial1,5,12,16,25.78,36.78,71.99461289631758,35.214612896317576
plant,compact,SVR-RBF,lodo_target_day,trial1,5,16,20,36.78,65.78,83.94189032149895,18.161890321498944
plant,compact,SVR-RBF,lodo_target_day,trial1,5,20,24,65.78,123.78,66.86690363192344,56.913096368076566
plant,compact,SVR-RBF,lodo_target_day,trial1,5,24,28,123.78,185.78,65.94594677006523,119.83405322993477
plant,compact,SVR-RBF,lodo_target_day,trial1,6,0,4,3.8800000000000026,7.880000000000003,58.60669228717493,50.72669228717493
plant,compact,SVR-RBF,lodo_target_day,trial1,6,4,8,7.880000000000003,17.330000000000002,68.42638918686586,51.09638918686586
plant,compact,SVR-RBF,lodo_target_day,trial1,6,8,12,17.330000000000002,21.78,101.79481470175433,80.01481470175433
plant,compact,SVR-RBF,lodo_target_day,trial1,6,12,16,21.78,35.78,72.04883215367357,36.26883215367357
plant,compact,SVR-RBF,lodo_target_day,trial1,6,16,20,35.78,69.78,84.34336386927073,14.56336386927073
plant,compact,SVR-RBF,lodo_target_day,trial1,6,20,24,69.78,125.78,68.49384449356157,57.28615550643843
plant,compact,SVR-RBF,lodo_target_day,trial1,6,24,28,125.78,195.78,65.88490856643371,129.89509143356628
plant,compact,SVR-RBF,lodo_target_day,trial1,7,0,4,5.18,13.980000000000004,58.49288091562318,44.51288091562318
plant,compact,SVR-RBF,lodo_target_day,trial1,7,4,8,13.980000000000004,20.980000000000004,68.88359908691314,47.90359908691313
plant,compact,SVR-RBF,lodo_target_day,trial1,7,8,12,20.980000000000004,26.78,101.45825105771202,74.67825105771202
plant,compact,SVR-RBF,lodo_target_day,trial1,7,12,16,26.78,40.78,74.05284737573643,33.27284737573643
plant,compact,SVR-RBF,lodo_target_day,trial1,7,16,20,40.78,76.78,88.28782844440607,11.507828444406073
plant,compact,SVR-RBF,lodo_target_day,trial1,7,20,24,76.78,135.78,72.62339856145292,63.156601438547085
plant,compact,SVR-RBF,lodo_target_day,trial1,7,24,28,135.78,218.78,65.66143835440198,153.11856164559802
plant,compact,SVR-RBF,lodo_target_day,trial1,8,0,4,4.580000000000002,11.28,58.53932442142017,47.25932442142017
plant,compact,SVR-RBF,lodo_target_day,trial1,8,4,8,11.28,18.380000000000003,75.3501936954604,56.9701936954604
plant,compact,SVR-RBF,lodo_target_day,trial1,8,8,12,18.380000000000003,26.78,101.33478062196146,74.55478062196146
plant,compact,SVR-RBF,lodo_target_day,trial1,8,12,16,26.78,42.78,72.02164747658034,29.24164747658034
plant,compact,SVR-RBF,lodo_target_day,trial1,8,16,20,42.78,78.78,82.87338812089624,4.093388120896236
plant,compact,SVR-RBF,lodo_target_day,trial1,8,20,24,78.78,137.78,73.35355609726012,64.42644390273988
plant,compact,SVR-RBF,lodo_target_day,trial1,8,24,28,137.78,214.78,65.53990833405295,149.24009166594703
plant,compact,SVR-RBF,lodo_target_day,trial1,9,0,4,4.380000000000003,11.68,58.557126560069136,46.87712656006914
plant,compact,SVR-RBF,lodo_target_day,trial1,9,4,8,11.68,21.58,68.61443406972292,47.03443406972292
plant,compact,SVR-RBF,lodo_target_day,trial1,9,8,12,21.58,27.78,101.403907562902,73.623907562902
plant,compact,SVR-RBF,lodo_target_day,trial1,9,12,16,27.78,41.78,72.09236819566442,30.31236819566442
plant,compact,SVR-RBF,lodo_target_day,trial1,9,16,20,41.78,83.78,83.96815620629603,0.18815620629602847
plant,compact,SVR-RBF,lodo_target_day,trial1,9,20,24,83.78,152.78,73.42125986526946,79.35874013473054
plant,compact,SVR-RBF,lodo_target_day,trial1,9,24,28,152.78,222.78,65.15087654236005,157.62912345763993
plant,compact,SVR-RBF,lodo_target_day,trial1,10,0,4,5.880000000000003,14.68,58.451939667182536,43.77193966718254
plant,compact,SVR-RBF,lodo_target_day,trial1,10,12,16,29.78,44.78,73.49293957272185,28.71293957272185
plant,compact,SVR-RBF,lodo_target_day,trial1,10,16,20,44.78,82.78,82.44066832488937,0.33933167511062834
plant,compact,SVR-RBF,lodo_target_day,trial1,10,20,24,82.78,141.78,71.62414785186421,70.15585214813579
plant,compact,SVR-RBF,lodo_target_day,trial1,10,24,28,141.78,220.78,65.34726487452681,155.4327351254732
plant,compact,RandomForest,lodo_target_day,trial1,1,0,4,4.48,12.880000000000004,44.254077680114634,31.37407768011463
plant,compact,RandomForest,lodo_target_day,trial1,1,4,8,12.880000000000004,19.08,19.239719263522044,0.1597192635220459
plant,compact,RandomForest,lodo_target_day,trial1,1,8,12,19.08,26.78,65.29088987742142,38.51088987742142
plant,compact,RandomForest,lodo_target_day,trial1,1,12,16,26.78,40.78,32.914010078021825,7.865989921978176
plant,compact,RandomForest,lodo_target_day,trial1,1,16,20,40.78,78.78,64.71008010484212,14.06991989515788
plant,compact,RandomForest,lodo_target_day,trial1,1,20,24,78.78,135.78,85.54910612328499,50.230893876715015
plant,compact,RandomForest,lodo_target_day,trial1,1,24,28,135.78,213.78,116.63325096015086,97.14674903984914
plant,compact,RandomForest,lodo_target_day,trial1,2,0,4,4.880000000000003,11.079999999999998,44.254077680114634,33.174077680114635
plant,compact,RandomForest,lodo_target_day,trial1,2,4,8,11.079999999999998,18.18,19.086510722063505,0.9065107220635049
plant,compact,RandomForest,lodo_target_day,trial1,2,8,12,18.18,27.78,65.26672321075475,37.48672321075475
plant,compact,RandomForest,lodo_target_day,trial1,2,12,16,27.78,45.78,32.914010078021825,12.865989921978176
plant,compact,RandomForest,lodo_target_day,trial1,2,16,20,45.78,89.78,64.85608010484214,24.923919895157866
plant,compact,RandomForest,lodo_target_day,trial1,2,20,24,89.78,153.78,105.67264996229615,48.10735003770385
plant,compact,RandomForest,lodo_target_day,trial1,2,24,28,153.78,217.78,117.67176213231207,100.10823786768793
plant,compact,RandomForest,lodo_target_day,trial1,3,0,4,6.580000000000002,16.880000000000003,44.254077680114634,27.37407768011463
plant,compact,RandomForest,lodo_target_day,trial1,3,4,8,16.880000000000003,23.980000000000004,18.925071244874026,5.054928755125978
plant,compact,RandomForest,lodo_target_day,trial1,3,8,12,23.980000000000004,32.78,66.67957721454466,33.899577214544664
plant,compact,RandomForest,lodo_target_day,trial1,3,12,16,32.78,49.78,40.13644626881225,9.643553731187751
plant,compact,RandomForest,lodo_target_day,trial1,3,16,20,49.78,93.78,88.7748091769343,5.005190823065703
plant,compact,RandomForest,lodo_target_day,trial1,3,20,24,93.78,157.78,116.99643096370214,40.78356903629786
plant,compact,RandomForest,lodo_target_day,trial1,3,24,28,157.78,232.78,117.36092879897873,115.41907120102127
plant,compact,RandomForest,lodo_target_day,trial1,4,0,4,4.080000000000002,13.980000000000004,44.254077680114634,30.27407768011463
plant,compact,RandomForest,lodo_target_day,trial1,4,4,8,13.980000000000004,20.78,18.925071244874026,1.8549287551259752
plant,compact,RandomForest,lodo_target_day,trial1,4,8,12,20.78,29.78,66.5513464453139,36.771346445313895
plant,compact,RandomForest,lodo_target_day,trial1,4,12,16,29.78,50.78,36.50916487993968,14.270835120060319
plant,compact,RandomForest,lodo_target_day,trial1,4,16,20,50.78,91.78,92.47180372960382,0.6918037296038193
plant,compact,RandomForest,lodo_target_day,trial1,4,20,24,91.78,140.78,116.7690812809774,24.010918719022598
plant,compact,RandomForest,lodo_target_day,trial1,4,24,28,140.78,220.78,117.28115572205564,103.49884427794436
plant,compact,RandomForest,lodo_target_day,trial1,5,0,4,4.98,13.28,44.254077680114634,30.974077680114632
plant,compact,RandomForest,lodo_target_day,trial1,5,4,8,13.28,19.880000000000003,19.239719263522044,0.6402807364779584
plant,compact,RandomForest,lodo_target_day,trial1,5,8,12,19.880000000000003,25.78,65.86751811613533,40.08751811613533
plant,compact,RandomForest,lodo_target_day,trial1,5,12,16,25.78,36.78,32.914010078021825,3.8659899219781764
plant,compact,RandomForest,lodo_target_day,trial1,5,16,20,36.78,65.78,63.85054835881039,1.9294516411896083
plant,compact,RandomForest,lodo_target_day,trial1,5,20,24,65.78,123.78,77.68441113771497,46.09558886228503
plant,compact,RandomForest,lodo_target_day,trial1,5,24,28,123.78,185.78,115.27339381729371,70.50660618270629
plant,compact,RandomForest,lodo_target_day,trial1,6,0,4,3.8800000000000026,7.880000000000003,44.254077680114634,36.37407768011463
plant,compact,RandomForest,lodo_target_day,trial1,6,4,8,7.880000000000003,17.330000000000002,19.086510722063505,1.7565107220635028
plant,compact,RandomForest,lodo_target_day,trial1,6,8,12,17.330000000000002,21.78,64.76173011311167,42.98173011311167
plant,compact,RandomForest,lodo_target_day,trial1,6,12,16,21.78,35.78,37.83835358818815,2.0583535881881474
plant,compact,RandomForest,lodo_target_day,trial1,6,16,20,35.78,69.78,63.61986654062859,6.1601334593714085
plant,compact,RandomForest,lodo_target_day,trial1,6,20,24,69.78,125.78,78.18941113771498,47.59058886228502
plant,compact,RandomForest,lodo_target_day,trial1,6,24,28,125.78,195.78,115.87656048396036,79.90343951603964
plant,compact,RandomForest,lodo_target_day,trial1,7,0,4,5.18,13.980000000000004,44.254077680114634,30.27407768011463
plant,compact,RandomForest,lodo_target_day,trial1,7,4,8,13.980000000000004,20.980000000000004,19.146885930188713,1.833114069811291
plant,compact,RandomForest,lodo_target_day,trial1,7,8,12,20.980000000000004,26.78,66.57551311198057,39.79551311198057
plant,compact,RandomForest,lodo_target_day,trial1,7,12,16,26.78,40.78,32.81265623186798,7.967343768132018
plant,compact,RandomForest,lodo_target_day,trial1,7,16,20,40.78,76.78,64.71008010484212,12.06991989515788
plant,compact,RandomForest,lodo_target_day,trial1,7,20,24,76.78,135.78,84.44046975964862,51.33953024035138
plant,compact,RandomForest,lodo_target_day,trial1,7,24,28,135.78,218.78,116.63325096015086,102.14674903984914
plant,compact,RandomForest,lodo_target_day,trial1,8,0,4,4.580000000000002,11.28,44.254077680114634,32.97407768011463
plant,compact,RandomForest,lodo_target_day,trial1,8,4,8,11.28,18.380000000000003,19.086510722063505,0.7065107220635021
plant,compact,RandomForest,lodo_target_day,trial1,8,8,12,18.380000000000003,26.78,65.29088987742142,38.51088987742142
plant,compact,RandomForest,lodo_target_day,trial1,8,12,16,26.78,42.78,32.914010078021825,9.865989921978176
plant,compact,RandomForest,lodo_target_day,trial1,8,16,20,42.78,78.78,64.71008010484212,14.06991989515788
plant,compact,RandomForest,lodo_target_day,trial1,8,20,24,78.78,137.78,84.61546975964862,53.16453024035138
plant,compact,RandomForest,lodo_target_day,trial1,8,24,28,137.78,214.78,116.83182238872229,97.94817761127771
plant,compact,RandomForest,lodo_target_day,trial1,9,0,4,4.380000000000003,11.68,44.254077680114634,32.574077680114634
plant,compact,RandomForest,lodo_target_day,trial1,9,4,8,11.68,21.58,19.156117864920645,2.423882135079353
plant,compact,RandomForest,lodo_target_day,trial1,9,8,12,21.58,27.78,66.70374388121132,38.92374388121132
plant,compact,RandomForest,lodo_target_day,trial1,9,12,16,27.78,41.78,32.81265623186798,8.967343768132018
plant,compact,RandomForest,lodo_target_day,trial1,9,16,20,41.78,83.78,64.71008010484212,19.06991989515788
plant,compact,RandomForest,lodo_target_day,trial1,9,20,24,83.78,152.78,92.92669441693573,59.85330558306427
plant,compact,RandomForest,lodo_target_day,trial1,9,24,28,152.78,222.78,117.67176213231207,105.10823786768793
plant,compact,RandomForest,lodo_target_day,trial1,10,0,4,5.880000000000003,14.68,44.254077680114634,29.574077680114634
plant,compact,RandomForest,lodo_target_day,trial1,10,12,16,29.78,44.78,37.72932797517778,7.050672024822219
plant,compact,RandomForest,lodo_target_day,trial1,10,16,20,44.78,82.78,71.5972674452795,11.182732554720502
plant,compact,RandomForest,lodo_target_day,trial1,10,20,24,82.78,141.78,86.16253866296752,55.61746133703248
plant,compact,RandomForest,lodo_target_day,trial1,10,24,28,141.78,220.78,117.21748905538898,103.56251094461102
plant,compact,GradBoost,lodo_target_day,trial1,1,0,4,4.48,12.880000000000004,28.28945321992368,15.409453219923675
plant,compact,GradBoost,lodo_target_day,trial1,1,4,8,12.880000000000004,19.08,20.13312168361907,1.0531216836190715
plant,compact,GradBoost,lodo_target_day,trial1,1,8,12,19.08,26.78,47.81977682586661,21.03977682586661
plant,compact,GradBoost,lodo_target_day,trial1,1,12,16,26.78,40.78,33.53892940738276,7.241070592617241
plant,compact,GradBoost,lodo_target_day,trial1,1,16,20,40.78,78.78,78.84246053093996,0.0624605309399584
plant,compact,GradBoost,lodo_target_day,trial1,1,20,24,78.78,135.78,127.46524886880297,8.314751131197028
plant,compact,GradBoost,lodo_target_day,trial1,1,24,28,135.78,213.78,127.79652128335253,85.98347871664747
plant,compact,GradBoost,lodo_target_day,trial1,2,0,4,4.880000000000003,11.079999999999998,28.28945321992368,17.20945321992368
plant,compact,GradBoost,lodo_target_day,trial1,2,4,8,11.079999999999998,18.18,19.427360385225978,1.2473603852259778
plant,compact,GradBoost,lodo_target_day,trial1,2,8,12,18.18,27.78,48.30366963833357,20.523669638333566
plant,compact,GradBoost,lodo_target_day,trial1,2,12,16,27.78,45.78,33.45500097946588,12.324999020534122
plant,compact,GradBoost,lodo_target_day,trial1,2,16,20,45.78,89.78,78.84246053093996,10.937539469060042
plant,compact,GradBoost,lodo_target_day,trial1,2,20,24,89.78,153.78,147.6346420222093,6.145357977790695
plant,compact,GradBoost,lodo_target_day,trial1,2,24,28,153.78,217.78,129.1404049309913,88.63959506900869
plant,compact,GradBoost,lodo_target_day,trial1,3,0,4,6.580000000000002,16.880000000000003,28.28945321992368,11.409453219923677
plant,compact,GradBoost,lodo_target_day,trial1,3,4,8,16.880000000000003,23.980000000000004,20.04824141532782,3.9317585846721848
plant,compact,GradBoost,lodo_target_day,trial1,3,8,12,23.980000000000004,32.78,51.54927442321627,18.769274423216267
plant,compact,GradBoost,lodo_target_day,trial1,3,12,16,32.78,49.78,41.21985375535116,8.560146244648841
plant,compact,GradBoost,lodo_target_day,trial1,3,16,20,49.78,93.78,80.76640377658465,13.013596223415348
plant,compact,GradBoost,lodo_target_day,trial1,3,20,24,93.78,157.78,155.56408890013023,2.2159110998697713
plant,compact,GradBoost,lodo_target_day,trial1,3,24,28,157.78,232.78,129.1404049309913,103.63959506900869
plant,compact,GradBoost,lodo_target_day,trial1,4,0,4,4.080000000000002,13.980000000000004,28.28945321992368,14.309453219923675
plant,compact,GradBoost,lodo_target_day,trial1,4,4,8,13.980000000000004,20.78,20.13312168361907,0.6468783163809313
plant,compact,GradBoost,lodo_target_day,trial1,4,8,12,20.78,29.78,50.218779510611135,20.438779510611134
plant,compact,GradBoost,lodo_target_day,trial1,4,12,16,29.78,50.78,33.45500097946588,17.324999020534122
plant,compact,GradBoost,lodo_target_day,trial1,4,16,20,50.78,91.78,91.76198871843737,0.018011281562635872
plant,compact,GradBoost,lodo_target_day,trial1,4,20,24,91.78,140.78,155.56408890013023,14.784088900130229
plant,compact,GradBoost,lodo_target_day,trial1,4,24,28,140.78,220.78,127.91712306356162,92.86287693643838
plant,compact,GradBoost,lodo_target_day,trial1,5,0,4,4.98,13.28,28.28945321992368,15.00945321992368
plant,compact,GradBoost,lodo_target_day,trial1,5,4,8,13.28,19.880000000000003,20.13312168361907,0.2531216836190673
plant,compact,GradBoost,lodo_target_day,trial1,5,8,12,19.880000000000003,25.78,50.218779510611135,24.438779510611134
plant,compact,GradBoost,lodo_target_day,trial1,5,12,16,25.78,36.78,33.53892940738276,3.241070592617241
plant,compact,GradBoost,lodo_target_day,trial1,5,16,20,36.78,65.78,78.84246053093996,13.062460530939958
plant,compact,GradBoost,lodo_target_day,trial1,5,20,24,65.78,123.78,110.39577224914485,13.384227750855146
plant,compact,GradBoost,lodo_target_day,trial1,5,24,28,123.78,185.78,127.70453506884562,58.075464931154386
plant,compact,GradBoost,lodo_target_day,trial1,6,0,4,3.8800000000000026,7.880000000000003,28.28945321992368,20.409453219923677
plant,compact,GradBoost,lodo_target_day,trial1,6,4,8,7.880000000000003,17.330000000000002,19.715543857749758,2.385543857749756
plant,compact,GradBoost,lodo_target_day,trial1,6,8,12,17.330000000000002,21.78,48.68345018436707,26.903450184367067
plant,compact,GradBoost,lodo_target_day,trial1,6,12,16,21.78,35.78,29.083221020876856,6.696778979123145
plant,compact,GradBoost,lodo_target_day,trial1,6,16,20,35.78,69.78,78.01978292250428,8.239782922504276
plant,compact,GradBoost,lodo_target_day,trial1,6,20,24,69.78,125.78,110.39577224914485,15.384227750855146
plant,compact,GradBoost,lodo_target_day,trial1,6,24,28,125.78,195.78,127.70453506884562,68.07546493115439
plant,compact,GradBoost,lodo_target_day,trial1,7,0,4,5.18,13.980000000000004,28.28945321992368,14.309453219923675
plant,compact,GradBoost,lodo_target_day,trial1,7,4,8,13.980000000000004,20.980000000000004,20.13312168361907,0.8468783163809341
plant,compact,GradBoost,lodo_target_day,trial1,7,8,12,20.980000000000004,26.78,50.01541936232133,23.23541936232133
plant,compact,GradBoost,lodo_target_day,trial1,7,12,16,26.78,40.78,35.555626500918834,5.224373499081167
plant,compact,GradBoost,lodo_target_day,trial1,7,16,20,40.78,76.78,78.84246053093996,2.0624605309399584
plant,compact,GradBoost,lodo_target_day,trial1,7,20,24,76.78,135.78,127.15496361554104,8.625036384458966
plant,compact,GradBoost,lodo_target_day,trial1,7,24,28,135.78,218.78,127.80847320747972,90.97152679252028
plant,compact,GradBoost,lodo_target_day,trial1,8,0,4,4.580000000000002,11.28,28.28945321992368,17.009453219923678
plant,compact,GradBoost,lodo_target_day,trial1,8,4,8,11.28,18.380000000000003,19.427360385225978,1.047360385225975
plant,compact,GradBoost,lodo_target_day,trial1,8,8,12,18.380000000000003,26.78,48.424039937452065,21.644039937452064
plant,compact,GradBoost,lodo_target_day,trial1,8,12,16,26.78,42.78,33.45500097946588,9.324999020534122
plant,compact,GradBoost,lodo_target_day,trial1,8,16,20,42.78,78.78,78.84246053093996,0.0624605309399584
plant,compact,GradBoost,lodo_target_day,trial1,8,20,24,78.78,137.78,127.07869337171067,10.70130662828933
plant,compact,GradBoost,lodo_target_day,trial1,8,24,28,137.78,214.78,127.90045942198664,86.87954057801336
plant,compact,GradBoost,lodo_target_day,trial1,9,0,4,4.380000000000003,11.68,28.28945321992368,16.60945321992368
plant,compact,GradBoost,lodo_target_day,trial1,9,4,8,11.68,21.58,20.13312168361907,1.4468783163809285
plant,compact,GradBoost,lodo_target_day,trial1,9,8,12,21.58,27.78,50.75168463840074,22.97168463840074
plant,compact,GradBoost,lodo_target_day,trial1,9,12,16,27.78,41.78,33.53892940738276,8.241070592617241
plant,compact,GradBoost,lodo_target_day,trial1,9,16,20,41.78,83.78,78.60741230929523,5.172587690704773
plant,compact,GradBoost,lodo_target_day,trial1,9,20,24,83.78,152.78,128.83405345143808,23.94594654856192
plant,compact,GradBoost,lodo_target_day,trial1,9,24,28,152.78,222.78,129.1404049309913,93.63959506900869
plant,compact,GradBoost,lodo_target_day,trial1,10,0,4,5.880000000000003,14.68,28.28945321992368,13.60945321992368
plant,compact,GradBoost,lodo_target_day,trial1,10,12,16,29.78,44.78,33.35429153167275,11.425708468327251
plant,compact,GradBoost,lodo_target_day,trial1,10,16,20,44.78,82.78,78.84246053093996,3.9375394690600416
plant,compact,GradBoost,lodo_target_day,trial1,10,20,24,82.78,141.78,129.19831670893953,12.581683291060472
plant,compact,GradBoost,lodo_target_day,trial1,10,24,28,141.78,220.78,127.90045942198664,92.87954057801336
plant,compact,XGBoost,lodo_target_day,trial1,1,0,4,4.48,12.880000000000004,27.223400115966797,14.343400115966793
plant,compact,XGBoost,lodo_target_day,trial1,1,4,8,12.880000000000004,19.08,17.89698600769043,1.1830139923095686
plant,compact,XGBoost,lodo_target_day,trial1,1,8,12,19.08,26.78,24.162965774536133,2.6170342254638683
plant,compact,XGBoost,lodo_target_day,trial1,1,12,16,26.78,40.78,29.747346878051758,11.032653121948243
plant,compact,XGBoost,lodo_target_day,trial1,1,16,20,40.78,78.78,51.08935546875,27.69064453125
plant,compact,XGBoost,lodo_target_day,trial1,1,20,24,78.78,135.78,97.49565124511719,38.284348754882814
plant,compact,XGBoost,lodo_target_day,trial1,1,24,28,135.78,213.78,153.3147430419922,60.465256958007814
plant,compact,XGBoost,lodo_target_day,trial1,2,0,4,4.880000000000003,11.079999999999998,27.223400115966797,16.1434001159668
plant,compact,XGBoost,lodo_target_day,trial1,2,4,8,11.079999999999998,18.18,17.791404724121094,0.38859527587890597
plant,compact,XGBoost,lodo_target_day,trial1,2,8,12,18.18,27.78,24.087345123291016,3.6926548767089855
plant,compact,XGBoost,lodo_target_day,trial1,2,12,16,27.78,45.78,29.747346878051758,16.032653121948243
plant,compact,XGBoost,lodo_target_day,trial1,2,16,20,45.78,89.78,51.08935546875,38.69064453125
plant,compact,XGBoost,lodo_target_day,trial1,2,20,24,89.78,153.78,97.49565124511719,56.284348754882814
plant,compact,XGBoost,lodo_target_day,trial1,2,24,28,153.78,217.78,153.55422973632812,64.22577026367188
plant,compact,XGBoost,lodo_target_day,trial1,3,0,4,6.580000000000002,16.880000000000003,27.223400115966797,10.343400115966794
plant,compact,XGBoost,lodo_target_day,trial1,3,4,8,16.880000000000003,23.980000000000004,18.141830444335938,5.8381695556640665
plant,compact,XGBoost,lodo_target_day,trial1,3,8,12,23.980000000000004,32.78,26.774721145629883,6.005278854370118
plant,compact,XGBoost,lodo_target_day,trial1,3,12,16,32.78,49.78,30.40496253967285,19.37503746032715
plant,compact,XGBoost,lodo_target_day,trial1,3,16,20,49.78,93.78,50.960025787353516,42.819974212646486
plant,compact,XGBoost,lodo_target_day,trial1,3,20,24,93.78,157.78,97.49565124511719,60.284348754882814
plant,compact,XGBoost,lodo_target_day,trial1,3,24,28,157.78,232.78,153.55422973632812,79.22577026367188
plant,compact,XGBoost,lodo_target_day,trial1,4,0,4,4.080000000000002,13.980000000000004,27.223400115966797,13.243400115966793
plant,compact,XGBoost,lodo_target_day,trial1,4,4,8,13.980000000000004,20.78,17.89698600769043,2.8830139923095714
plant,compact,XGBoost,lodo_target_day,trial1,4,8,12,20.78,29.78,24.087345123291016,5.6926548767089855
plant,compact,XGBoost,lodo_target_day,trial1,4,12,16,29.78,50.78,29.747346878051758,21.032653121948243
plant,compact,XGBoost,lodo_target_day,trial1,4,16,20,50.78,91.78,50.960025787353516,40.819974212646486
plant,compact,XGBoost,lodo_target_day,trial1,4,20,24,91.78,140.78,97.49565124511719,43.284348754882814
plant,compact,XGBoost,lodo_target_day,trial1,4,24,28,140.78,220.78,153.24081420898438,67.53918579101563
plant,compact,XGBoost,lodo_target_day,trial1,5,0,4,4.98,13.28,27.223400115966797,13.943400115966798
plant,compact,XGBoost,lodo_target_day,trial1,5,4,8,13.28,19.880000000000003,17.89698600769043,1.9830139923095729
plant,compact,XGBoost,lodo_target_day,trial1,5,8,12,19.880000000000003,25.78,24.087345123291016,1.6926548767089855
plant,compact,XGBoost,lodo_target_day,trial1,5,12,16,25.78,36.78,29.747346878051758,7.032653121948243
plant,compact,XGBoost,lodo_target_day,trial1,5,16,20,36.78,65.78,51.08935546875,14.690644531250001
plant,compact,XGBoost,lodo_target_day,trial1,5,20,24,65.78,123.78,97.49565124511719,26.284348754882814
plant,compact,XGBoost,lodo_target_day,trial1,5,24,28,123.78,185.78,153.1756591796875,32.6043408203125
plant,compact,XGBoost,lodo_target_day,trial1,6,0,4,3.8800000000000026,7.880000000000003,27.223400115966797,19.343400115966794
plant,compact,XGBoost,lodo_target_day,trial1,6,4,8,7.880000000000003,17.330000000000002,17.71639633178711,0.3863963317871075
plant,compact,XGBoost,lodo_target_day,trial1,6,8,12,17.330000000000002,21.78,24.087345123291016,2.3073451232910145
plant,compact,XGBoost,lodo_target_day,trial1,6,12,16,21.78,35.78,27.9893856048584,7.790614395141603
plant,compact,XGBoost,lodo_target_day,trial1,6,16,20,35.78,69.78,51.08935546875,18.69064453125
plant,compact,XGBoost,lodo_target_day,trial1,6,20,24,69.78,125.78,97.49565124511719,28.284348754882814
plant,compact,XGBoost,lodo_target_day,trial1,6,24,28,125.78,195.78,153.1756591796875,42.6043408203125
plant,compact,XGBoost,lodo_target_day,trial1,7,0,4,5.18,13.980000000000004,27.223400115966797,13.243400115966793
plant,compact,XGBoost,lodo_target_day,trial1,7,4,8,13.980000000000004,20.980000000000004,17.89698600769043,3.0830139923095743
plant,compact,XGBoost,lodo_target_day,trial1,7,8,12,20.980000000000004,26.78,24.162965774536133,2.6170342254638683
plant,compact,XGBoost,lodo_target_day,trial1,7,12,16,26.78,40.78,29.747346878051758,11.032653121948243
plant,compact,XGBoost,lodo_target_day,trial1,7,16,20,40.78,76.78,51.08935546875,25.69064453125
plant,compact,XGBoost,lodo_target_day,trial1,7,20,24,76.78,135.78,97.42494201660156,38.35505798339844
plant,compact,XGBoost,lodo_target_day,trial1,7,24,28,135.78,218.78,153.3147430419922,65.46525695800781
plant,compact,XGBoost,lodo_target_day,trial1,8,0,4,4.580000000000002,11.28,27.223400115966797,15.943400115966798
plant,compact,XGBoost,lodo_target_day,trial1,8,4,8,11.28,18.380000000000003,17.791404724121094,0.5885952758789088
plant,compact,XGBoost,lodo_target_day,trial1,8,8,12,18.380000000000003,26.78,24.162965774536133,2.6170342254638683
plant,compact,XGBoost,lodo_target_day,trial1,8,12,16,26.78,42.78,29.747346878051758,13.032653121948243
plant,compact,XGBoost,lodo_target_day,trial1,8,16,20,42.78,78.78,51.08935546875,27.69064453125
plant,compact,XGBoost,lodo_target_day,trial1,8,20,24,78.78,137.78,97.42494201660156,40.35505798339844
plant,compact,XGBoost,lodo_target_day,trial1,8,24,28,137.78,214.78,153.3147430419922,61.465256958007814
plant,compact,XGBoost,lodo_target_day,trial1,9,0,4,4.380000000000003,11.68,27.223400115966797,15.543400115966797
plant,compact,XGBoost,lodo_target_day,trial1,9,4,8,11.68,21.58,17.89698600769043,3.6830139923095686
plant,compact,XGBoost,lodo_target_day,trial1,9,8,12,21.58,27.78,24.162965774536133,3.6170342254638683
plant,compact,XGBoost,lodo_target_day,trial1,9,12,16,27.78,41.78,29.747346878051758,12.032653121948243
plant,compact,XGBoost,lodo_target_day,trial1,9,16,20,41.78,83.78,51.08935546875,32.69064453125
plant,compact,XGBoost,lodo_target_day,trial1,9,20,24,83.78,152.78,97.42494201660156,55.35505798339844
plant,compact,XGBoost,lodo_target_day,trial1,9,24,28,152.78,222.78,153.55422973632812,69.22577026367188
plant,compact,XGBoost,lodo_target_day,trial1,10,0,4,5.880000000000003,14.68,27.223400115966797,12.543400115966797
plant,compact,XGBoost,lodo_target_day,trial1,10,12,16,29.78,44.78,29.805418014526367,14.974581985473634
plant,compact,XGBoost,lodo_target_day,trial1,10,16,20,44.78,82.78,51.08935546875,31.69064453125
plant,compact,XGBoost,lodo_target_day,trial1,10,20,24,82.78,141.78,97.42494201660156,44.35505798339844
plant,compact,XGBoost,lodo_target_day,trial1,10,24,28,141.78,220.78,153.24081420898438,67.53918579101563
plant,image,Persist,loo_plant,trial1,1,0,4,4.48,12.880000000000004,4.48,8.400000000000004
plant,image,Persist,loo_plant,trial1,1,4,8,12.880000000000004,19.08,12.880000000000004,6.199999999999994
plant,image,Persist,loo_plant,trial1,1,8,12,19.08,26.78,19.08,7.700000000000003
plant,image,Persist,loo_plant,trial1,1,12,16,26.78,40.78,26.78,14.0
plant,image,Persist,loo_plant,trial1,1,16,20,40.78,78.78,40.78,38.0
plant,image,Persist,loo_plant,trial1,1,20,24,78.78,135.78,78.78,57.0
plant,image,Persist,loo_plant,trial1,1,24,28,135.78,213.78,135.78,78.0
plant,image,Persist,loo_plant,trial1,2,0,4,4.880000000000003,11.079999999999998,4.880000000000003,6.199999999999996
plant,image,Persist,loo_plant,trial1,2,4,8,11.079999999999998,18.18,11.079999999999998,7.100000000000001
plant,image,Persist,loo_plant,trial1,2,8,12,18.18,27.78,18.18,9.600000000000001
plant,image,Persist,loo_plant,trial1,2,12,16,27.78,45.78,27.78,18.0
plant,image,Persist,loo_plant,trial1,2,16,20,45.78,89.78,45.78,44.0
plant,image,Persist,loo_plant,trial1,2,20,24,89.78,153.78,89.78,64.0
plant,image,Persist,loo_plant,trial1,2,24,28,153.78,217.78,153.78,64.0
plant,image,Persist,loo_plant,trial1,3,0,4,6.580000000000002,16.880000000000003,6.580000000000002,10.3
plant,image,Persist,loo_plant,trial1,3,4,8,16.880000000000003,23.980000000000004,16.880000000000003,7.100000000000001
plant,image,Persist,loo_plant,trial1,3,8,12,23.980000000000004,32.78,23.980000000000004,8.799999999999997
plant,image,Persist,loo_plant,trial1,3,12,16,32.78,49.78,32.78,17.0
plant,image,Persist,loo_plant,trial1,3,16,20,49.78,93.78,49.78,44.0
plant,image,Persist,loo_plant,trial1,3,20,24,93.78,157.78,93.78,64.0
plant,image,Persist,loo_plant,trial1,3,24,28,157.78,232.78,157.78,75.0
plant,image,Persist,loo_plant,trial1,4,0,4,4.080000000000002,13.980000000000004,4.080000000000002,9.900000000000002
plant,image,Persist,loo_plant,trial1,4,4,8,13.980000000000004,20.78,13.980000000000004,6.799999999999997
plant,image,Persist,loo_plant,trial1,4,8,12,20.78,29.78,20.78,9.0
plant,image,Persist,loo_plant,trial1,4,12,16,29.78,50.78,29.78,21.0
plant,image,Persist,loo_plant,trial1,4,16,20,50.78,91.78,50.78,41.0
plant,image,Persist,loo_plant,trial1,4,20,24,91.78,140.78,91.78,49.0
plant,image,Persist,loo_plant,trial1,4,24,28,140.78,220.78,140.78,80.0
plant,image,Persist,loo_plant,trial1,5,0,4,4.98,13.28,4.98,8.299999999999999
plant,image,Persist,loo_plant,trial1,5,4,8,13.28,19.880000000000003,13.28,6.600000000000003
plant,image,Persist,loo_plant,trial1,5,8,12,19.880000000000003,25.78,19.880000000000003,5.899999999999999
plant,image,Persist,loo_plant,trial1,5,12,16,25.78,36.78,25.78,11.0
plant,image,Persist,loo_plant,trial1,5,16,20,36.78,65.78,36.78,29.0
plant,image,Persist,loo_plant,trial1,5,20,24,65.78,123.78,65.78,58.0
plant,image,Persist,loo_plant,trial1,5,24,28,123.78,185.78,123.78,62.0
plant,image,Persist,loo_plant,trial1,6,0,4,3.8800000000000026,7.880000000000003,3.8800000000000026,4.0
plant,image,Persist,loo_plant,trial1,6,4,8,7.880000000000003,17.330000000000002,7.880000000000003,9.45
plant,image,Persist,loo_plant,trial1,6,8,12,17.330000000000002,21.78,17.330000000000002,4.449999999999999
plant,image,Persist,loo_plant,trial1,6,12,16,21.78,35.78,21.78,14.0
plant,image,Persist,loo_plant,trial1,6,16,20,35.78,69.78,35.78,34.0
plant,image,Persist,loo_plant,trial1,6,20,24,69.78,125.78,69.78,56.0
plant,image,Persist,loo_plant,trial1,6,24,28,125.78,195.78,125.78,70.0
plant,image,Persist,loo_plant,trial1,7,0,4,5.18,13.980000000000004,5.18,8.800000000000004
plant,image,Persist,loo_plant,trial1,7,4,8,13.980000000000004,20.980000000000004,13.980000000000004,7.0
plant,image,Persist,loo_plant,trial1,7,8,12,20.980000000000004,26.78,20.980000000000004,5.799999999999997
plant,image,Persist,loo_plant,trial1,7,12,16,26.78,40.78,26.78,14.0
plant,image,Persist,loo_plant,trial1,7,16,20,40.78,76.78,40.78,36.0
plant,image,Persist,loo_plant,trial1,7,20,24,76.78,135.78,76.78,59.0
plant,image,Persist,loo_plant,trial1,7,24,28,135.78,218.78,135.78,83.0
plant,image,Persist,loo_plant,trial1,8,0,4,4.580000000000002,11.28,4.580000000000002,6.6999999999999975
plant,image,Persist,loo_plant,trial1,8,4,8,11.28,18.380000000000003,11.28,7.100000000000003
plant,image,Persist,loo_plant,trial1,8,8,12,18.380000000000003,26.78,18.380000000000003,8.399999999999999
plant,image,Persist,loo_plant,trial1,8,12,16,26.78,42.78,26.78,16.0
plant,image,Persist,loo_plant,trial1,8,16,20,42.78,78.78,42.78,36.0
plant,image,Persist,loo_plant,trial1,8,20,24,78.78,137.78,78.78,59.0
plant,image,Persist,loo_plant,trial1,8,24,28,137.78,214.78,137.78,77.0
plant,image,Persist,loo_plant,trial1,9,0,4,4.380000000000003,11.68,4.380000000000003,7.299999999999997
plant,image,Persist,loo_plant,trial1,9,4,8,11.68,21.58,11.68,9.899999999999999
plant,image,Persist,loo_plant,trial1,9,8,12,21.58,27.78,21.58,6.200000000000003
plant,image,Persist,loo_plant,trial1,9,12,16,27.78,41.78,27.78,14.0
plant,image,Persist,loo_plant,trial1,9,16,20,41.78,83.78,41.78,42.0
plant,image,Persist,loo_plant,trial1,9,20,24,83.78,152.78,83.78,69.0
plant,image,Persist,loo_plant,trial1,9,24,28,152.78,222.78,152.78,70.0
plant,image,Persist,loo_plant,trial1,10,0,4,5.880000000000003,14.68,5.880000000000003,8.799999999999997
plant,image,Persist,loo_plant,trial1,10,12,16,29.78,44.78,29.78,15.0
plant,image,Persist,loo_plant,trial1,10,16,20,44.78,82.78,44.78,38.0
plant,image,Persist,loo_plant,trial1,10,20,24,82.78,141.78,82.78,59.0
plant,image,Persist,loo_plant,trial1,10,24,28,141.78,220.78,141.78,79.0
plant,image,GrowMean,loo_plant,trial1,1,0,4,4.48,12.880000000000004,35.14393442622951,22.263934426229504
plant,image,GrowMean,loo_plant,trial1,1,4,8,12.880000000000004,19.08,43.54393442622951,24.463934426229514
plant,image,GrowMean,loo_plant,trial1,1,8,12,19.08,26.78,49.74393442622951,22.963934426229507
plant,image,GrowMean,loo_plant,trial1,1,12,16,26.78,40.78,57.44393442622951,16.66393442622951
plant,image,GrowMean,loo_plant,trial1,1,16,20,40.78,78.78,71.4439344262295,7.336065573770497
plant,image,GrowMean,loo_plant,trial1,1,20,24,78.78,135.78,109.4439344262295,26.336065573770497
plant,image,GrowMean,loo_plant,trial1,1,24,28,135.78,213.78,166.4439344262295,47.3360655737705
plant,image,GrowMean,loo_plant,trial1,2,0,4,4.880000000000003,11.079999999999998,35.484918032786894,24.404918032786895
plant,image,GrowMean,loo_plant,trial1,2,4,8,11.079999999999998,18.18,41.68491803278688,23.504918032786883
plant,image,GrowMean,loo_plant,trial1,2,8,12,18.18,27.78,48.78491803278689,21.00491803278689
plant,image,GrowMean,loo_plant,trial1,2,12,16,27.78,45.78,58.384918032786885,12.604918032786884
plant,image,GrowMean,loo_plant,trial1,2,16,20,45.78,89.78,76.38491803278689,13.395081967213116
plant,image,GrowMean,loo_plant,trial1,2,20,24,89.78,153.78,120.38491803278689,33.395081967213116
plant,image,GrowMean,loo_plant,trial1,2,24,28,153.78,217.78,184.38491803278689,33.395081967213116
plant,image,GrowMean,loo_plant,trial1,3,0,4,6.580000000000002,16.880000000000003,36.96688524590164,20.08688524590164
plant,image,GrowMean,loo_plant,trial1,3,4,8,16.880000000000003,23.980000000000004,47.26688524590165,23.286885245901644
plant,image,GrowMean,loo_plant,trial1,3,8,12,23.980000000000004,32.78,54.36688524590164,21.58688524590164
plant,image,GrowMean,loo_plant,trial1,3,12,16,32.78,49.78,63.16688524590164,13.386885245901638
plant,image,GrowMean,loo_plant,trial1,3,16,20,49.78,93.78,80.16688524590164,13.613114754098362
plant,image,GrowMean,loo_plant,trial1,3,20,24,93.78,157.78,124.16688524590164,33.61311475409836
plant,image,GrowMean,loo_plant,trial1,3,24,28,157.78,232.78,188.16688524590165,44.61311475409835
plant,image,GrowMean,loo_plant,trial1,4,0,4,4.080000000000002,13.980000000000004,34.622622950819675,20.64262295081967
plant,image,GrowMean,loo_plant,trial1,4,4,8,13.980000000000004,20.78,44.522622950819674,23.742622950819673
plant,image,GrowMean,loo_plant,trial1,4,8,12,20.78,29.78,51.32262295081967,21.54262295081967
plant,image,GrowMean,loo_plant,trial1,4,12,16,29.78,50.78,60.32262295081967,9.54262295081967
plant,image,GrowMean,loo_plant,trial1,4,16,20,50.78,91.78,81.32262295081966,10.457377049180337
plant,image,GrowMean,loo_plant,trial1,4,20,24,91.78,140.78,122.32262295081966,18.457377049180337
plant,image,GrowMean,loo_plant,trial1,4,24,28,140.78,220.78,171.32262295081966,49.45737704918034
plant,image,GrowMean,loo_plant,trial1,5,0,4,4.98,13.28,36.1111475409836,22.8311475409836
plant,image,GrowMean,loo_plant,trial1,5,4,8,13.28,19.880000000000003,44.4111475409836,24.531147540983596
plant,image,GrowMean,loo_plant,trial1,5,8,12,19.880000000000003,25.78,51.0111475409836,25.2311475409836
plant,image,GrowMean,loo_plant,trial1,5,12,16,25.78,36.78,56.911147540983606,20.131147540983605
plant,image,GrowMean,loo_plant,trial1,5,16,20,36.78,65.78,67.9111475409836,2.131147540983605
plant,image,GrowMean,loo_plant,trial1,5,20,24,65.78,123.78,96.9111475409836,26.868852459016395
plant,image,GrowMean,loo_plant,trial1,5,24,28,123.78,185.78,154.9111475409836,30.86885245901641
plant,image,GrowMean,loo_plant,trial1,6,0,4,3.8800000000000026,7.880000000000003,34.829180327868855,26.949180327868852
plant,image,GrowMean,loo_plant,trial1,6,4,8,7.880000000000003,17.330000000000002,38.829180327868855,21.499180327868853
plant,image,GrowMean,loo_plant,trial1,6,8,12,17.330000000000002,21.78,48.27918032786885,26.49918032786885
plant,image,GrowMean,loo_plant,trial1,6,12,16,21.78,35.78,52.729180327868846,16.949180327868845
plant,image,GrowMean,loo_plant,trial1,6,16,20,35.78,69.78,66.72918032786885,3.050819672131155
plant,image,GrowMean,loo_plant,trial1,6,20,24,69.78,125.78,100.72918032786885,25.050819672131155
plant,image,GrowMean,loo_plant,trial1,6,24,28,125.78,195.78,156.72918032786885,39.050819672131155
plant,image,GrowMean,loo_plant,trial1,7,0,4,5.18,13.980000000000004,35.773442622950824,21.79344262295082
plant,image,GrowMean,loo_plant,trial1,7,4,8,13.980000000000004,20.980000000000004,44.57344262295082,23.593442622950818
plant,image,GrowMean,loo_plant,trial1,7,8,12,20.980000000000004,26.78,51.57344262295082,24.79344262295082
plant,image,GrowMean,loo_plant,trial1,7,12,16,26.78,40.78,57.37344262295082,16.593442622950818
plant,image,GrowMean,loo_plant,trial1,7,16,20,40.78,76.78,71.37344262295082,5.406557377049182
plant,image,GrowMean,loo_plant,trial1,7,20,24,76.78,135.78,107.37344262295082,28.406557377049182
plant,image,GrowMean,loo_plant,trial1,7,24,28,135.78,218.78,166.37344262295082,52.40655737704918
plant,image,GrowMean,loo_plant,trial1,8,0,4,4.580000000000002,11.28,35.22918032786885,23.949180327868852
plant,image,GrowMean,loo_plant,trial1,8,4,8,11.28,18.380000000000003,41.92918032786885,23.549180327868847
plant,image,GrowMean,loo_plant,trial1,8,8,12,18.380000000000003,26.78,49.02918032786886,22.249180327868856
plant,image,GrowMean,loo_plant,trial1,8,12,16,26.78,42.78,57.42918032786885,14.649180327868848
plant,image,GrowMean,loo_plant,trial1,8,16,20,42.78,78.78,73.42918032786885,5.350819672131152
plant,image,GrowMean,loo_plant,trial1,8,20,24,78.78,137.78,109.42918032786885,28.350819672131152
plant,image,GrowMean,loo_plant,trial1,8,24,28,137.78,214.78,168.42918032786886,46.35081967213114
plant,image,GrowMean,loo_plant,trial1,9,0,4,4.380000000000003,11.68,34.89475409836066,23.214754098360658
plant,image,GrowMean,loo_plant,trial1,9,4,8,11.68,21.58,42.194754098360654,20.614754098360656
plant,image,GrowMean,loo_plant,trial1,9,8,12,21.58,27.78,52.09475409836065,24.314754098360652
plant,image,GrowMean,loo_plant,trial1,9,12,16,27.78,41.78,58.294754098360656,16.514754098360655
plant,image,GrowMean,loo_plant,trial1,9,16,20,41.78,83.78,72.29475409836066,11.485245901639345
plant,image,GrowMean,loo_plant,trial1,9,20,24,83.78,152.78,114.29475409836066,38.485245901639345
plant,image,GrowMean,loo_plant,trial1,9,24,28,152.78,222.78,183.29475409836067,39.48524590163933
plant,image,GrowMean,loo_plant,trial1,10,0,4,5.880000000000003,14.68,35.721269841269844,21.041269841269845
plant,image,GrowMean,loo_plant,trial1,10,12,16,29.78,44.78,59.62126984126984,14.841269841269842
plant,image,GrowMean,loo_plant,trial1,10,16,20,44.78,82.78,74.62126984126985,8.158730158730151
plant,image,GrowMean,loo_plant,trial1,10,20,24,82.78,141.78,112.62126984126985,29.15873015873015
plant,image,GrowMean,loo_plant,trial1,10,24,28,141.78,220.78,171.62126984126985,49.15873015873015
plant,image,Ridge,loo_plant,trial1,1,0,4,4.48,12.880000000000004,15.103983070952019,2.2239830709520145
plant,image,Ridge,loo_plant,trial1,1,4,8,12.880000000000004,19.08,24.880991498320462,5.800991498320464
plant,image,Ridge,loo_plant,trial1,1,8,12,19.08,26.78,30.91015826142832,4.1301582614283205
plant,image,Ridge,loo_plant,trial1,1,12,16,26.78,40.78,39.69194052079468,1.0880594792053202
plant,image,Ridge,loo_plant,trial1,1,16,20,40.78,78.78,75.73973590311559,3.040264096884414
plant,image,Ridge,loo_plant,trial1,1,20,24,78.78,135.78,139.28666852388105,3.5066685238810464
plant,image,Ridge,loo_plant,trial1,1,24,28,135.78,213.78,206.63858212355007,7.141417876449935
plant,image,Ridge,loo_plant,trial1,2,0,4,4.880000000000003,11.079999999999998,15.339461143318353,4.2594611433183545
plant,image,Ridge,loo_plant,trial1,2,4,8,11.079999999999998,18.18,23.05928225627528,4.879282256275282
plant,image,Ridge,loo_plant,trial1,2,8,12,18.18,27.78,30.254302662356558,2.474302662356557
plant,image,Ridge,loo_plant,trial1,2,12,16,27.78,45.78,39.76704492369011,6.012955076309893
plant,image,Ridge,loo_plant,trial1,2,16,20,45.78,89.78,78.7868115493828,10.993188450617197
plant,image,Ridge,loo_plant,trial1,2,20,24,89.78,153.78,147.07240825246265,6.70759174753735
plant,image,Ridge,loo_plant,trial1,2,24,28,153.78,217.78,221.2961097415225,3.516109741522513
plant,image,Ridge,loo_plant,trial1,3,0,4,6.580000000000002,16.880000000000003,14.765184221209658,2.1148157787903443
plant,image,Ridge,loo_plant,trial1,3,4,8,16.880000000000003,23.980000000000004,26.644122778995673,2.6641227789956687
plant,image,Ridge,loo_plant,trial1,3,8,12,23.980000000000004,32.78,34.22844139015675,1.448441390156752
plant,image,Ridge,loo_plant,trial1,3,12,16,32.78,49.78,43.04125535813529,6.738744641864713
plant,image,Ridge,loo_plant,trial1,3,16,20,49.78,93.78,81.25742190890475,12.522578091095255
plant,image,Ridge,loo_plant,trial1,3,20,24,93.78,157.78,146.82278688008583,10.957213119914172
plant,image,Ridge,loo_plant,trial1,3,24,28,157.78,232.78,221.15193044195723,11.628069558042768
plant,image,Ridge,loo_plant,trial1,4,0,4,4.080000000000002,13.980000000000004,14.837387456292888,0.8573874562928836
plant,image,Ridge,loo_plant,trial1,4,4,8,13.980000000000004,20.78,25.52296642704261,4.74296642704261
plant,image,Ridge,loo_plant,trial1,4,8,12,20.78,29.78,32.63107276748891,2.8510727674889083
plant,image,Ridge,loo_plant,trial1,4,12,16,29.78,50.78,41.40433994480103,9.37566005519897
plant,image,Ridge,loo_plant,trial1,4,16,20,50.78,91.78,83.12193231957976,8.658067680420245
plant,image,Ridge,loo_plant,trial1,4,20,24,91.78,140.78,149.10975102962826,8.329751029628255
plant,image,Ridge,loo_plant,trial1,4,24,28,140.78,220.78,210.2748565422378,10.505143457762188
plant,image,Ridge,loo_plant,trial1,5,0,4,4.98,13.28,15.38961227453359,2.109612274533591
plant,image,Ridge,loo_plant,trial1,5,4,8,13.28,19.880000000000003,25.1111206816774,5.231120681677396
plant,image,Ridge,loo_plant,trial1,5,8,12,19.880000000000003,25.78,33.32473757066441,7.5447375706644095
plant,image,Ridge,loo_plant,trial1,5,12,16,25.78,36.78,39.31386641284645,2.53386641284645
plant,image,Ridge,loo_plant,trial1,5,16,20,36.78,65.78,74.7512296990064,8.9712296990064
plant,image,Ridge,loo_plant,trial1,5,20,24,65.78,123.78,132.69636051996463,8.916360519964627
plant,image,Ridge,loo_plant,trial1,5,24,28,123.78,185.78,200.5190241409465,14.739024140946498
plant,image,Ridge,loo_plant,trial1,6,0,4,3.8800000000000026,7.880000000000003,15.730700737459003,7.850700737459
plant,image,Ridge,loo_plant,trial1,6,4,8,7.880000000000003,17.330000000000002,21.08903314122587,3.759033141225867
plant,image,Ridge,loo_plant,trial1,6,8,12,17.330000000000002,21.78,30.720689288556834,8.940689288556833
plant,image,Ridge,loo_plant,trial1,6,12,16,21.78,35.78,36.18836661660067,0.40836661660066653
plant,image,Ridge,loo_plant,trial1,6,16,20,35.78,69.78,72.9100938671137,3.1300938671137004
plant,image,Ridge,loo_plant,trial1,6,20,24,69.78,125.78,134.10159076652843,8.32159076652843
plant,image,Ridge,loo_plant,trial1,6,24,28,125.78,195.78,200.18645034504166,4.406450345041662
plant,image,Ridge,loo_plant,trial1,7,0,4,5.18,13.980000000000004,15.103947259434506,1.1239472594345017
plant,image,Ridge,loo_plant,trial1,7,4,8,13.980000000000004,20.980000000000004,25.829373608770567,4.849373608770563
plant,image,Ridge,loo_plant,trial1,7,8,12,20.980000000000004,26.78,32.38532027928956,5.605320279289558
plant,image,Ridge,loo_plant,trial1,7,12,16,26.78,40.78,38.10650130187041,2.673498698129592
plant,image,Ridge,loo_plant,trial1,7,16,20,40.78,76.78,74.87170558603187,1.908294413968136
plant,image,Ridge,loo_plant,trial1,7,20,24,76.78,135.78,136.76431165241024,0.9843116524102413
plant,image,Ridge,loo_plant,trial1,7,24,28,135.78,218.78,204.2877184579641,14.492281542035897
plant,image,Ridge,loo_plant,trial1,8,0,4,4.580000000000002,11.28,15.271234246569946,3.991234246569947
plant,image,Ridge,loo_plant,trial1,8,4,8,11.28,18.380000000000003,22.564800125944316,4.184800125944314
plant,image,Ridge,loo_plant,trial1,8,8,12,18.380000000000003,26.78,29.721954799748886,2.941954799748885
plant,image,Ridge,loo_plant,trial1,8,12,16,26.78,42.78,39.435953417516586,3.344046582483415
plant,image,Ridge,loo_plant,trial1,8,16,20,42.78,78.78,77.36808617552097,1.4119138244790292
plant,image,Ridge,loo_plant,trial1,8,20,24,78.78,137.78,139.37030798679666,1.5903079867966596
plant,image,Ridge,loo_plant,trial1,8,24,28,137.78,214.78,207.92200174408146,6.857998255918545
plant,image,Ridge,loo_plant,trial1,9,0,4,4.380000000000003,11.68,15.337714941847267,3.657714941847267
plant,image,Ridge,loo_plant,trial1,9,4,8,11.68,21.58,23.661190247569913,2.081190247569914
plant,image,Ridge,loo_plant,trial1,9,8,12,21.58,27.78,31.803571892915002,4.023571892915001
plant,image,Ridge,loo_plant,trial1,9,12,16,27.78,41.78,40.505654068770205,1.2743459312297958
plant,image,Ridge,loo_plant,trial1,9,16,20,41.78,83.78,73.56843844600465,10.211561553995352
plant,image,Ridge,loo_plant,trial1,9,20,24,83.78,152.78,141.23423537316035,11.545764626839656
plant,image,Ridge,loo_plant,trial1,9,24,28,152.78,222.78,218.815719604352,3.9642803956479895
plant,image,Ridge,loo_plant,trial1,10,0,4,5.880000000000003,14.68,14.476220814171292,0.2037791858287079
plant,image,Ridge,loo_plant,trial1,10,12,16,29.78,44.78,44.87444573233161,0.09444573233160725
plant,image,Ridge,loo_plant,trial1,10,16,20,44.78,82.78,79.06363460864327,3.7163653913567316
plant,image,Ridge,loo_plant,trial1,10,20,24,82.78,141.78,140.78050219374282,0.9994978062571818
plant,image,Ridge,loo_plant,trial1,10,24,28,141.78,220.78,210.31458861100242,10.46541138899758
plant,image,ElasticNet,loo_plant,trial1,1,0,4,4.48,12.880000000000004,13.29543779536877,0.41543779536876535
plant,image,ElasticNet,loo_plant,trial1,1,4,8,12.880000000000004,19.08,21.878199094381955,2.798199094381957
plant,image,ElasticNet,loo_plant,trial1,1,8,12,19.08,26.78,27.49532739468428,0.7153273946842802
plant,image,ElasticNet,loo_plant,trial1,1,12,16,26.78,40.78,40.945083832492884,0.16508383249288272
plant,image,ElasticNet,loo_plant,trial1,1,16,20,40.78,78.78,77.73653681621319,1.0434631837868125
plant,image,ElasticNet,loo_plant,trial1,1,20,24,78.78,135.78,138.534898923853,2.7548989238530055
plant,image,ElasticNet,loo_plant,trial1,1,24,28,135.78,213.78,209.0506122721161,4.729387727883903
plant,image,ElasticNet,loo_plant,trial1,2,0,4,4.880000000000003,11.079999999999998,13.65581351229983,2.575813512299831
plant,image,ElasticNet,loo_plant,trial1,2,4,8,11.079999999999998,18.18,20.232706839403946,2.052706839403946
plant,image,ElasticNet,loo_plant,trial1,2,8,12,18.18,27.78,25.77448044783499,2.005519552165012
plant,image,ElasticNet,loo_plant,trial1,2,12,16,27.78,45.78,41.05074202394998,4.729257976050022
plant,image,ElasticNet,loo_plant,trial1,2,16,20,45.78,89.78,81.76904776636044,8.010952233639557
plant,image,ElasticNet,loo_plant,trial1,2,20,24,89.78,153.78,148.39369499271044,5.386305007289565
plant,image,ElasticNet,loo_plant,trial1,2,24,28,153.78,217.78,228.6444108311084,10.864410831108387
plant,image,ElasticNet,loo_plant,trial1,3,0,4,6.580000000000002,16.880000000000003,13.55253442889061,3.327465571109393
plant,image,ElasticNet,loo_plant,trial1,3,4,8,16.880000000000003,23.980000000000004,25.105863239595827,1.125863239595823
plant,image,ElasticNet,loo_plant,trial1,3,8,12,23.980000000000004,32.78,32.895361370393864,0.11536137039386318
plant,image,ElasticNet,loo_plant,trial1,3,12,16,32.78,49.78,46.30001178752674,3.479988212473259
plant,image,ElasticNet,loo_plant,trial1,3,16,20,49.78,93.78,85.71709921144382,8.062900788556178
plant,image,ElasticNet,loo_plant,trial1,3,20,24,93.78,157.78,149.04136649626983,8.73863350373017
plant,image,ElasticNet,loo_plant,trial1,3,24,28,157.78,232.78,230.34730044851676,2.432699551483239
plant,image,ElasticNet,loo_plant,trial1,4,0,4,4.080000000000002,13.980000000000004,12.97195786295265,1.0080421370473545
plant,image,ElasticNet,loo_plant,trial1,4,4,8,13.980000000000004,20.78,22.79997036870696,2.0199703687069572
plant,image,ElasticNet,loo_plant,trial1,4,8,12,20.78,29.78,29.57033056839473,0.20966943160527052
plant,image,ElasticNet,loo_plant,trial1,4,12,16,29.78,50.78,43.335907125715714,7.444092874284287
plant,image,ElasticNet,loo_plant,trial1,4,16,20,50.78,91.78,87.45697686597032,4.3230231340296825
plant,image,ElasticNet,loo_plant,trial1,4,20,24,91.78,140.78,152.6058951003955,11.825895100395485
plant,image,ElasticNet,loo_plant,trial1,4,24,28,140.78,220.78,213.84874998340166,6.931250016598341
plant,image,ElasticNet,loo_plant,trial1,5,0,4,4.98,13.28,13.622174021541312,0.3421740215413127
plant,image,ElasticNet,loo_plant,trial1,5,4,8,13.28,19.880000000000003,22.29071331247605,2.410713312476048
plant,image,ElasticNet,loo_plant,trial1,5,8,12,19.880000000000003,25.78,30.077423464951494,4.297423464951493
plant,image,ElasticNet,loo_plant,trial1,5,12,16,25.78,36.78,40.561949655387025,3.7819496553870238
plant,image,ElasticNet,loo_plant,trial1,5,16,20,36.78,65.78,75.73948463358934,9.95948463358934
plant,image,ElasticNet,loo_plant,trial1,5,20,24,65.78,123.78,127.98397728936703,4.203977289367032
plant,image,ElasticNet,loo_plant,trial1,5,24,28,123.78,185.78,198.57945425934992,12.799454259349915
plant,image,ElasticNet,loo_plant,trial1,6,0,4,3.8800000000000026,7.880000000000003,13.743497284194135,5.863497284194132
plant,image,ElasticNet,loo_plant,trial1,6,4,8,7.880000000000003,17.330000000000002,16.936732738507125,0.39326726149287694
plant,image,ElasticNet,loo_plant,trial1,6,8,12,17.330000000000002,21.78,25.808855366576395,4.028855366576394
plant,image,ElasticNet,loo_plant,trial1,6,12,16,21.78,35.78,36.22122461992407,0.44122461992407125
plant,image,ElasticNet,loo_plant,trial1,6,16,20,35.78,69.78,73.2281322101549,3.4481322101548955
plant,image,ElasticNet,loo_plant,trial1,6,20,24,69.78,125.78,130.73162194891336,4.951621948913356
plant,image,ElasticNet,loo_plant,trial1,6,24,28,125.78,195.78,198.9571270988593,3.1771270988593017
plant,image,ElasticNet,loo_plant,trial1,7,0,4,5.18,13.980000000000004,13.408055223832562,0.5719447761674417
plant,image,ElasticNet,loo_plant,trial1,7,4,8,13.980000000000004,20.980000000000004,23.050708526294954,2.0707085262949505
plant,image,ElasticNet,loo_plant,trial1,7,8,12,20.980000000000004,26.78,30.072627929595534,3.2926279295955325
plant,image,ElasticNet,loo_plant,trial1,7,12,16,26.78,40.78,40.58169068615125,0.19830931384875328
plant,image,ElasticNet,loo_plant,trial1,7,16,20,40.78,76.78,77.02730860228519,0.24730860228518736
plant,image,ElasticNet,loo_plant,trial1,7,20,24,76.78,135.78,136.77669040407454,0.9966904040745419
plant,image,ElasticNet,loo_plant,trial1,7,24,28,135.78,218.78,204.8291192069207,13.950880793079307
plant,image,ElasticNet,loo_plant,trial1,8,0,4,4.580000000000002,11.28,13.498667104749757,2.2186671047497573
plant,image,ElasticNet,loo_plant,trial1,8,4,8,11.28,18.380000000000003,18.73342029674164,0.3534202967416391
plant,image,ElasticNet,loo_plant,trial1,8,8,12,18.380000000000003,26.78,25.17934294014313,1.6006570598568715
plant,image,ElasticNet,loo_plant,trial1,8,12,16,26.78,42.78,40.66203847659938,2.1179615234006235
plant,image,ElasticNet,loo_plant,trial1,8,16,20,42.78,78.78,79.88814037863702,1.1081403786370174
plant,image,ElasticNet,loo_plant,trial1,8,20,24,78.78,137.78,140.03506262231613,2.2550626223161316
plant,image,ElasticNet,loo_plant,trial1,8,24,28,137.78,214.78,210.8568860546413,3.9231139453586934
plant,image,ElasticNet,loo_plant,trial1,9,0,4,4.380000000000003,11.68,13.493721670732285,1.813721670732285
plant,image,ElasticNet,loo_plant,trial1,9,4,8,11.68,21.58,20.394525505790284,1.1854744942097142
plant,image,ElasticNet,loo_plant,trial1,9,8,12,21.58,27.78,29.613524039338813,1.833524039338812
plant,image,ElasticNet,loo_plant,trial1,9,12,16,27.78,41.78,42.25951396452426,0.47951396452425854
plant,image,ElasticNet,loo_plant,trial1,9,16,20,41.78,83.78,76.74513543341124,7.034864566588766
plant,image,ElasticNet,loo_plant,trial1,9,20,24,83.78,152.78,142.24813557377786,10.531864426222143
plant,image,ElasticNet,loo_plant,trial1,9,24,28,152.78,222.78,225.3488588745417,2.5688588745416894
plant,image,ElasticNet,loo_plant,trial1,10,0,4,5.880000000000003,14.68,13.403083982753103,1.2769160172468972
plant,image,ElasticNet,loo_plant,trial1,10,12,16,29.78,44.78,47.16012189749086,2.3801218974908593
plant,image,ElasticNet,loo_plant,trial1,10,16,20,44.78,82.78,81.89082977029797,0.8891702297020316
plant,image,ElasticNet,loo_plant,trial1,10,20,24,82.78,141.78,142.83303958098617,1.053039580986166
plant,image,ElasticNet,loo_plant,trial1,10,24,28,141.78,220.78,214.23839626622578,6.541603733774224
plant,image,SVR-RBF,loo_plant,trial1,1,0,4,4.48,12.880000000000004,18.916905554272702,6.036905554272698
plant,image,SVR-RBF,loo_plant,trial1,1,4,8,12.880000000000004,19.08,25.72319239637075,6.64319239637075
plant,image,SVR-RBF,loo_plant,trial1,1,8,12,19.08,26.78,30.890957261332986,4.110957261332985
plant,image,SVR-RBF,loo_plant,trial1,1,12,16,26.78,40.78,43.137150036006055,2.357150036006054
plant,image,SVR-RBF,loo_plant,trial1,1,16,20,40.78,78.78,74.44895057321068,4.3310494267893205
plant,image,SVR-RBF,loo_plant,trial1,1,20,24,78.78,135.78,137.03034335030324,1.2503433503032397
plant,image,SVR-RBF,loo_plant,trial1,1,24,28,135.78,213.78,168.0968354139006,45.683164586099394
plant,image,SVR-RBF,loo_plant,trial1,2,0,4,4.880000000000003,11.079999999999998,18.84577503183195,7.76577503183195
plant,image,SVR-RBF,loo_plant,trial1,2,4,8,11.079999999999998,18.18,38.74023425803251,20.56023425803251
plant,image,SVR-RBF,loo_plant,trial1,2,8,12,18.18,27.78,46.79144461586206,19.01144461586206
plant,image,SVR-RBF,loo_plant,trial1,2,12,16,27.78,45.78,43.506340249130176,2.2736597508698253
plant,image,SVR-RBF,loo_plant,trial1,2,16,20,45.78,89.78,73.63768945316605,16.142310546833954
plant,image,SVR-RBF,loo_plant,trial1,2,20,24,89.78,153.78,124.80881773542298,28.971182264577024
plant,image,SVR-RBF,loo_plant,trial1,2,24,28,153.78,217.78,151.7805342926918,65.99946570730819
plant,image,SVR-RBF,loo_plant,trial1,3,0,4,6.580000000000002,16.880000000000003,18.163273878204414,1.2832738782044117
plant,image,SVR-RBF,loo_plant,trial1,3,4,8,16.880000000000003,23.980000000000004,26.17455990300087,2.194559903000865
plant,image,SVR-RBF,loo_plant,trial1,3,8,12,23.980000000000004,32.78,35.54260801979951,2.762608019799508
plant,image,SVR-RBF,loo_plant,trial1,3,12,16,32.78,49.78,42.99340348493136,6.786596515068638
plant,image,SVR-RBF,loo_plant,trial1,3,16,20,49.78,93.78,72.81533693542734,20.96466306457266
plant,image,SVR-RBF,loo_plant,trial1,3,20,24,93.78,157.78,87.89266802035159,69.88733197964841
plant,image,SVR-RBF,loo_plant,trial1,3,24,28,157.78,232.78,131.01367951221414,101.76632048778586
plant,image,SVR-RBF,loo_plant,trial1,4,0,4,4.080000000000002,13.980000000000004,18.431357274817834,4.4513572748178305
plant,image,SVR-RBF,loo_plant,trial1,4,4,8,13.980000000000004,20.78,25.179832278471487,4.399832278471486
plant,image,SVR-RBF,loo_plant,trial1,4,8,12,20.78,29.78,36.980140887028305,7.200140887028304
plant,image,SVR-RBF,loo_plant,trial1,4,12,16,29.78,50.78,42.487465214662414,8.292534785337587
plant,image,SVR-RBF,loo_plant,trial1,4,16,20,50.78,91.78,73.3929086630036,18.387091336996406
plant,image,SVR-RBF,loo_plant,trial1,4,20,24,91.78,140.78,118.09712093105836,22.682879068941645
plant,image,SVR-RBF,loo_plant,trial1,4,24,28,140.78,220.78,154.41355471392654,66.36644528607346
plant,image,SVR-RBF,loo_plant,trial1,5,0,4,4.98,13.28,18.77639313722441,5.496393137224411
plant,image,SVR-RBF,loo_plant,trial1,5,4,8,13.28,19.880000000000003,25.794467375178797,5.914467375178795
plant,image,SVR-RBF,loo_plant,trial1,5,8,12,19.880000000000003,25.78,36.989948258320005,11.209948258320004
plant,image,SVR-RBF,loo_plant,trial1,5,12,16,25.78,36.78,45.710674352538994,8.930674352538993
plant,image,SVR-RBF,loo_plant,trial1,5,16,20,36.78,65.78,78.46063949374533,12.680639493745332
plant,image,SVR-RBF,loo_plant,trial1,5,20,24,65.78,123.78,109.44066238012248,14.339337619877526
plant,image,SVR-RBF,loo_plant,trial1,5,24,28,123.78,185.78,149.78123268683635,35.998767313163654
plant,image,SVR-RBF,loo_plant,trial1,6,0,4,3.8800000000000026,7.880000000000003,19.04760574929479,11.167605749294786
plant,image,SVR-RBF,loo_plant,trial1,6,4,8,7.880000000000003,17.330000000000002,26.8427717368753,9.512771736875298
plant,image,SVR-RBF,loo_plant,trial1,6,8,12,17.330000000000002,21.78,41.264019647176966,19.484019647176964
plant,image,SVR-RBF,loo_plant,trial1,6,12,16,21.78,35.78,47.12232745832386,11.342327458323858
plant,image,SVR-RBF,loo_plant,trial1,6,16,20,35.78,69.78,79.76461817807014,9.984618178070136
plant,image,SVR-RBF,loo_plant,trial1,6,20,24,69.78,125.78,129.10555101582295,3.3255510158229526
plant,image,SVR-RBF,loo_plant,trial1,6,24,28,125.78,195.78,161.52675182161937,34.25324817838063
plant,image,SVR-RBF,loo_plant,trial1,7,0,4,5.18,13.980000000000004,18.26425635540256,4.284256355402555
plant,image,SVR-RBF,loo_plant,trial1,7,4,8,13.980000000000004,20.980000000000004,25.650430087515417,4.670430087515413
plant,image,SVR-RBF,loo_plant,trial1,7,8,12,20.980000000000004,26.78,33.2831249738266,6.503124973826601
plant,image,SVR-RBF,loo_plant,trial1,7,12,16,26.78,40.78,58.15116771617643,17.37116771617643
plant,image,SVR-RBF,loo_plant,trial1,7,16,20,40.78,76.78,82.7729897116688,5.992989711668798
plant,image,SVR-RBF,loo_plant,trial1,7,20,24,76.78,135.78,136.29309687771155,0.513096877711547
plant,image,SVR-RBF,loo_plant,trial1,7,24,28,135.78,218.78,167.7115552233547,51.06844477664529
plant,image,SVR-RBF,loo_plant,trial1,8,0,4,4.580000000000002,11.28,18.887014760605297,7.607014760605297
plant,image,SVR-RBF,loo_plant,trial1,8,4,8,11.28,18.380000000000003,45.69497170185794,27.314971701857935
plant,image,SVR-RBF,loo_plant,trial1,8,8,12,18.380000000000003,26.78,40.16416181122084,13.384161811220842
plant,image,SVR-RBF,loo_plant,trial1,8,12,16,26.78,42.78,43.340212095828775,0.5602120958287742
plant,image,SVR-RBF,loo_plant,trial1,8,16,20,42.78,78.78,74.17877343857609,4.601226561423914
plant,image,SVR-RBF,loo_plant,trial1,8,20,24,78.78,137.78,125.58426846977017,12.195731530229835
plant,image,SVR-RBF,loo_plant,trial1,8,24,28,137.78,214.78,162.28977023459015,52.49022976540985
plant,image,SVR-RBF,loo_plant,trial1,9,0,4,4.380000000000003,11.68,18.92756478695579,7.247564786955792
plant,image,SVR-RBF,loo_plant,trial1,9,4,8,11.68,21.58,25.208225681073138,3.6282256810731397
plant,image,SVR-RBF,loo_plant,trial1,9,8,12,21.58,27.78,40.22040462236517,12.440404622365172
plant,image,SVR-RBF,loo_plant,trial1,9,12,16,27.78,41.78,43.4170650546899,1.6370650546898986
plant,image,SVR-RBF,loo_plant,trial1,9,16,20,41.78,83.78,70.97201068810283,12.807989311897174
plant,image,SVR-RBF,loo_plant,trial1,9,20,24,83.78,152.78,135.78322018094684,16.99677981905316
plant,image,SVR-RBF,loo_plant,trial1,9,24,28,152.78,222.78,146.06289891224895,76.71710108775105
plant,image,SVR-RBF,loo_plant,trial1,10,0,4,5.880000000000003,14.68,18.210516039195795,3.5305160391957955
plant,image,SVR-RBF,loo_plant,trial1,10,12,16,29.78,44.78,44.57375680230423,0.2062431976957697
plant,image,SVR-RBF,loo_plant,trial1,10,16,20,44.78,82.78,73.46295232791537,9.317047672084627
plant,image,SVR-RBF,loo_plant,trial1,10,20,24,82.78,141.78,116.86375731956116,24.91624268043884
plant,image,SVR-RBF,loo_plant,trial1,10,24,28,141.78,220.78,151.1195190044812,69.66048099551881
plant,image,RandomForest,loo_plant,trial1,1,0,4,4.48,12.880000000000004,18.255203630817306,5.3752036308173015
plant,image,RandomForest,loo_plant,trial1,1,4,8,12.880000000000004,19.08,18.76427974171621,0.3157202582837897
plant,image,RandomForest,loo_plant,trial1,1,8,12,19.08,26.78,22.38287691860363,4.397123081396373
plant,image,RandomForest,loo_plant,trial1,1,12,16,26.78,40.78,40.546856146111374,0.23314385388862746
plant,image,RandomForest,loo_plant,trial1,1,16,20,40.78,78.78,77.03076857864369,1.7492314213563134
plant,image,RandomForest,loo_plant,trial1,1,20,24,78.78,135.78,137.11897132034628,1.3389713203462748
plant,image,RandomForest,loo_plant,trial1,1,24,28,135.78,213.78,217.22338504550981,3.443385045509814
plant,image,RandomForest,loo_plant,trial1,2,0,4,4.880000000000003,11.079999999999998,18.237926823163836,7.157926823163837
plant,image,RandomForest,loo_plant,trial1,2,4,8,11.079999999999998,18.18,18.485769758353648,0.30576975835364806
plant,image,RandomForest,loo_plant,trial1,2,8,12,18.18,27.78,21.32425845984723,6.455741540152772
plant,image,RandomForest,loo_plant,trial1,2,12,16,27.78,45.78,39.84475312417629,5.935246875823708
plant,image,RandomForest,loo_plant,trial1,2,16,20,45.78,89.78,83.47944047619058,6.300559523809426
plant,image,RandomForest,loo_plant,trial1,2,20,24,89.78,153.78,147.10828282828274,6.671717171717262
plant,image,RandomForest,loo_plant,trial1,2,24,28,153.78,217.78,220.45526805139286,2.6752680513928624
plant,image,RandomForest,loo_plant,trial1,3,0,4,6.580000000000002,16.880000000000003,17.797487389336485,0.9174873893364826
plant,image,RandomForest,loo_plant,trial1,3,4,8,16.880000000000003,23.980000000000004,18.68201225525896,5.297987744741043
plant,image,RandomForest,loo_plant,trial1,3,8,12,23.980000000000004,32.78,28.74837141494715,4.03162858505285
plant,image,RandomForest,loo_plant,trial1,3,12,16,32.78,49.78,43.567834876724554,6.212165123275447
plant,image,RandomForest,loo_plant,trial1,3,16,20,49.78,93.78,81.34630705137796,12.433692948622038
plant,image,RandomForest,loo_plant,trial1,3,20,24,93.78,157.78,147.29099945887432,10.489000541125677
plant,image,RandomForest,loo_plant,trial1,3,24,28,157.78,232.78,218.60857582695064,14.17142417304936
plant,image,RandomForest,loo_plant,trial1,4,0,4,4.080000000000002,13.980000000000004,18.19353392520103,4.213533925201027
plant,image,RandomForest,loo_plant,trial1,4,4,8,13.980000000000004,20.78,18.7167350874987,2.0632649125012996
plant,image,RandomForest,loo_plant,trial1,4,8,12,20.78,29.78,21.657207393789303,8.122792606210698
plant,image,RandomForest,loo_plant,trial1,4,12,16,29.78,50.78,40.664094589315894,10.115905410684107
plant,image,RandomForest,loo_plant,trial1,4,16,20,50.78,91.78,80.3033572939742,11.4766427060258
plant,image,RandomForest,loo_plant,trial1,4,20,24,91.78,140.78,150.43570274170258,9.655702741702584
plant,image,RandomForest,loo_plant,trial1,4,24,28,140.78,220.78,205.78146110833583,14.998538891664168
plant,image,RandomForest,loo_plant,trial1,5,0,4,4.98,13.28,18.33890014949258,5.058900149492581
plant,image,RandomForest,loo_plant,trial1,5,4,8,13.28,19.880000000000003,18.59970564006002,1.2802943599399832
plant,image,RandomForest,loo_plant,trial1,5,8,12,19.880000000000003,25.78,21.973082958192116,3.8069170418078855
plant,image,RandomForest,loo_plant,trial1,5,12,16,25.78,36.78,41.49566104116471,4.715661041164708
plant,image,RandomForest,loo_plant,trial1,5,16,20,36.78,65.78,75.73190431096693,9.951904310966924
plant,image,RandomForest,loo_plant,trial1,5,20,24,65.78,123.78,133.87759405871896,10.097594058718954
plant,image,RandomForest,loo_plant,trial1,5,24,28,123.78,185.78,205.1137690503936,19.333769050393613
plant,image,RandomForest,loo_plant,trial1,6,0,4,3.8800000000000026,7.880000000000003,19.025722291681515,11.145722291681512
plant,image,RandomForest,loo_plant,trial1,6,4,8,7.880000000000003,17.330000000000002,19.025722291681515,1.6957222916815127
plant,image,RandomForest,loo_plant,trial1,6,8,12,17.330000000000002,21.78,20.981299483019903,0.798700516980098
plant,image,RandomForest,loo_plant,trial1,6,12,16,21.78,35.78,37.989881500178946,2.2098815001789447
plant,image,RandomForest,loo_plant,trial1,6,16,20,35.78,69.78,72.50614658760789,2.726146587607886
plant,image,RandomForest,loo_plant,trial1,6,20,24,69.78,125.78,132.9977491258741,7.217749125874093
plant,image,RandomForest,loo_plant,trial1,6,24,28,125.78,195.78,198.82574289599245,3.045742895992447
plant,image,RandomForest,loo_plant,trial1,7,0,4,5.18,13.980000000000004,17.9707777046606,3.9907777046605943
plant,image,RandomForest,loo_plant,trial1,7,4,8,13.980000000000004,20.980000000000004,18.28401854176467,2.695981458235334
plant,image,RandomForest,loo_plant,trial1,7,8,12,20.980000000000004,26.78,26.61490912637656,0.16509087362344133
plant,image,RandomForest,loo_plant,trial1,7,12,16,26.78,40.78,40.23074025097092,0.5492597490290834
plant,image,RandomForest,loo_plant,trial1,7,16,20,40.78,76.78,79.9595418470419,3.1795418470419037
plant,image,RandomForest,loo_plant,trial1,7,20,24,76.78,135.78,136.89415351315344,1.1141535131534397
plant,image,RandomForest,loo_plant,trial1,7,24,28,135.78,218.78,217.931660353535,0.848339646465007
plant,image,RandomForest,loo_plant,trial1,8,0,4,4.580000000000002,11.28,18.22489051572379,6.94489051572379
plant,image,RandomForest,loo_plant,trial1,8,4,8,11.28,18.380000000000003,18.47444014134327,0.0944401413432665
plant,image,RandomForest,loo_plant,trial1,8,8,12,18.380000000000003,26.78,22.38109187339629,4.398908126603711
plant,image,RandomForest,loo_plant,trial1,8,12,16,26.78,42.78,40.067361047262516,2.7126389527374855
plant,image,RandomForest,loo_plant,trial1,8,16,20,42.78,78.78,80.76765097402607,1.9876509740260673
plant,image,RandomForest,loo_plant,trial1,8,20,24,78.78,137.78,136.95059765234754,0.8294023476524615
plant,image,RandomForest,loo_plant,trial1,8,24,28,137.78,214.78,220.37338665501156,5.593386655011557
plant,image,RandomForest,loo_plant,trial1,9,0,4,4.380000000000003,11.68,18.003758654271365,6.323758654271366
plant,image,RandomForest,loo_plant,trial1,9,4,8,11.68,21.58,18.124932996376625,3.4550670036233733
plant,image,RandomForest,loo_plant,trial1,9,8,12,21.58,27.78,30.96166888553679,3.181668885536787
plant,image,RandomForest,loo_plant,trial1,9,12,16,27.78,41.78,40.64200936230092,1.1379906376990832
plant,image,RandomForest,loo_plant,trial1,9,16,20,41.78,83.78,78.95576911976919,4.8242308802308145
plant,image,RandomForest,loo_plant,trial1,9,20,24,83.78,152.78,138.52980183705176,14.250198162948237
plant,image,RandomForest,loo_plant,trial1,9,24,28,152.78,222.78,219.9184856116105,2.8615143883895087
plant,image,RandomForest,loo_plant,trial1,10,0,4,5.880000000000003,14.68,18.05704290263587,3.3770429026358713
plant,image,RandomForest,loo_plant,trial1,10,12,16,29.78,44.78,43.84971045477139,0.9302895452286108
plant,image,RandomForest,loo_plant,trial1,10,16,20,44.78,82.78,85.15268596681103,2.3726859668110336
plant,image,RandomForest,loo_plant,trial1,10,20,24,82.78,141.78,139.43259657009654,2.3474034299034656
plant,image,RandomForest,loo_plant,trial1,10,24,28,141.78,220.78,220.57663761238737,0.20336238761262848
plant,image,GradBoost,loo_plant,trial1,1,0,4,4.48,12.880000000000004,11.940067788107903,0.939932211892101
plant,image,GradBoost,loo_plant,trial1,1,4,8,12.880000000000004,19.08,20.9333169937742,1.8533169937742002
plant,image,GradBoost,loo_plant,trial1,1,8,12,19.08,26.78,26.321200568993874,0.45879943100612763
plant,image,GradBoost,loo_plant,trial1,1,12,16,26.78,40.78,42.38283020347231,1.6028302034723083
plant,image,GradBoost,loo_plant,trial1,1,16,20,40.78,78.78,76.76729858105121,2.0127014189487937
plant,image,GradBoost,loo_plant,trial1,1,20,24,78.78,135.78,136.87215639615872,1.092156396158714
plant,image,GradBoost,loo_plant,trial1,1,24,28,135.78,213.78,216.3442429504275,2.564242950427513
plant,image,GradBoost,loo_plant,trial1,2,0,4,4.880000000000003,11.079999999999998,13.153988567395825,2.0739885673958263
plant,image,GradBoost,loo_plant,trial1,2,4,8,11.079999999999998,18.18,18.374856461729824,0.19485646172982385
plant,image,GradBoost,loo_plant,trial1,2,8,12,18.18,27.78,26.065481496705036,1.7145185032949648
plant,image,GradBoost,loo_plant,trial1,2,12,16,27.78,45.78,42.40800788843318,3.3719921115668186
plant,image,GradBoost,loo_plant,trial1,2,16,20,45.78,89.78,87.86616748956251,1.9138325104374871
plant,image,GradBoost,loo_plant,trial1,2,20,24,89.78,153.78,157.30191667198832,3.521916671988322
plant,image,GradBoost,loo_plant,trial1,2,24,28,153.78,217.78,223.21202336054526,5.432023360545259
plant,image,GradBoost,loo_plant,trial1,3,0,4,6.580000000000002,16.880000000000003,14.25484561439533,2.625154385604672
plant,image,GradBoost,loo_plant,trial1,3,4,8,16.880000000000003,23.980000000000004,20.637577568218482,3.3424224317815217
plant,image,GradBoost,loo_plant,trial1,3,8,12,23.980000000000004,32.78,33.74783955313388,0.9678395531338779
plant,image,GradBoost,loo_plant,trial1,3,12,16,32.78,49.78,47.44993205254233,2.330067947457671
plant,image,GradBoost,loo_plant,trial1,3,16,20,49.78,93.78,85.72868812608952,8.051311873910478
plant,image,GradBoost,loo_plant,trial1,3,20,24,93.78,157.78,153.43387930626483,4.346120693735173
plant,image,GradBoost,loo_plant,trial1,3,24,28,157.78,232.78,218.02048596049772,14.759514039502278
plant,image,GradBoost,loo_plant,trial1,4,0,4,4.080000000000002,13.980000000000004,8.439464401668513,5.540535598331491
plant,image,GradBoost,loo_plant,trial1,4,4,8,13.980000000000004,20.78,21.592766865489224,0.8127668654892233
plant,image,GradBoost,loo_plant,trial1,4,8,12,20.78,29.78,26.809687977453816,2.970312022546185
plant,image,GradBoost,loo_plant,trial1,4,12,16,29.78,50.78,44.90158682781107,5.878413172188928
plant,image,GradBoost,loo_plant,trial1,4,16,20,50.78,91.78,89.66149365451416,2.118506345485841
plant,image,GradBoost,loo_plant,trial1,4,20,24,91.78,140.78,157.50512990274444,16.725129902744442
plant,image,GradBoost,loo_plant,trial1,4,24,28,140.78,220.78,208.91353166580566,11.866468334194337
plant,image,GradBoost,loo_plant,trial1,5,0,4,4.98,13.28,12.105398954654772,1.1746010453452271
plant,image,GradBoost,loo_plant,trial1,5,4,8,13.28,19.880000000000003,20.40618317208145,0.5261831720814492
plant,image,GradBoost,loo_plant,trial1,5,8,12,19.880000000000003,25.78,27.299969516902838,1.5199695169028367
plant,image,GradBoost,loo_plant,trial1,5,12,16,25.78,36.78,41.47237179614928,4.692371796149281
plant,image,GradBoost,loo_plant,trial1,5,16,20,36.78,65.78,70.00903749150066,4.229037491500662
plant,image,GradBoost,loo_plant,trial1,5,20,24,65.78,123.78,125.92960800769231,2.149608007692308
plant,image,GradBoost,loo_plant,trial1,5,24,28,123.78,185.78,195.7934923623653,10.013492362365298
plant,image,GradBoost,loo_plant,trial1,6,0,4,3.8800000000000026,7.880000000000003,13.365757062044436,5.485757062044433
plant,image,GradBoost,loo_plant,trial1,6,4,8,7.880000000000003,17.330000000000002,18.593741499544972,1.2637414995449703
plant,image,GradBoost,loo_plant,trial1,6,8,12,17.330000000000002,21.78,27.083158042884584,5.303158042884583
plant,image,GradBoost,loo_plant,trial1,6,12,16,21.78,35.78,45.06902288622103,9.289022886221026
plant,image,GradBoost,loo_plant,trial1,6,16,20,35.78,69.78,66.07927203175659,3.700727968243413
plant,image,GradBoost,loo_plant,trial1,6,20,24,69.78,125.78,124.43737574320264,1.3426242567973645
plant,image,GradBoost,loo_plant,trial1,6,24,28,125.78,195.78,185.46286182128526,10.317138178714742
plant,image,GradBoost,loo_plant,trial1,7,0,4,5.18,13.980000000000004,13.109725329061758,0.8702746709382456
plant,image,GradBoost,loo_plant,trial1,7,4,8,13.980000000000004,20.980000000000004,20.5918256048684,0.38817439513160323
plant,image,GradBoost,loo_plant,trial1,7,8,12,20.980000000000004,26.78,29.19893604170741,2.4189360417074077
plant,image,GradBoost,loo_plant,trial1,7,12,16,26.78,40.78,41.20694719672311,0.42694719672310555
plant,image,GradBoost,loo_plant,trial1,7,16,20,40.78,76.78,78.80308939861919,2.0230893986191916
plant,image,GradBoost,loo_plant,trial1,7,20,24,76.78,135.78,135.60613233350455,0.17386766649545393
plant,image,GradBoost,loo_plant,trial1,7,24,28,135.78,218.78,213.5860145695522,5.19398543044781
plant,image,GradBoost,loo_plant,trial1,8,0,4,4.580000000000002,11.28,12.503022955971206,1.2230229559712065
plant,image,GradBoost,loo_plant,trial1,8,4,8,11.28,18.380000000000003,18.35893093690083,0.02106906309917278
plant,image,GradBoost,loo_plant,trial1,8,8,12,18.380000000000003,26.78,26.937531819865995,0.1575318198659943
plant,image,GradBoost,loo_plant,trial1,8,12,16,26.78,42.78,40.59031670063911,2.189683299360894
plant,image,GradBoost,loo_plant,trial1,8,16,20,42.78,78.78,80.93108306972103,2.1510830697210253
plant,image,GradBoost,loo_plant,trial1,8,20,24,78.78,137.78,136.80889095920128,0.9711090407987228
plant,image,GradBoost,loo_plant,trial1,8,24,28,137.78,214.78,217.4602521425777,2.6802521425777
plant,image,GradBoost,loo_plant,trial1,9,0,4,4.380000000000003,11.68,12.53781870783928,0.8578187078392805
plant,image,GradBoost,loo_plant,trial1,9,4,8,11.68,21.58,18.601145203339073,2.978854796660926
plant,image,GradBoost,loo_plant,trial1,9,8,12,21.58,27.78,31.987065197128988,4.207065197128987
plant,image,GradBoost,loo_plant,trial1,9,12,16,27.78,41.78,45.88467136200594,4.104671362005938
plant,image,GradBoost,loo_plant,trial1,9,16,20,41.78,83.78,79.78446926221078,3.995530737789224
plant,image,GradBoost,loo_plant,trial1,9,20,24,83.78,152.78,137.23507456033414,15.54492543966586
plant,image,GradBoost,loo_plant,trial1,9,24,28,152.78,222.78,217.55302772469682,5.226972275303183
plant,image,GradBoost,loo_plant,trial1,10,0,4,5.880000000000003,14.68,16.763674333504014,2.083674333504014
plant,image,GradBoost,loo_plant,trial1,10,12,16,29.78,44.78,50.42076284569026,5.640762845690261
plant,image,GradBoost,loo_plant,trial1,10,16,20,44.78,82.78,82.93891746372051,0.1589174637205133
plant,image,GradBoost,loo_plant,trial1,10,20,24,82.78,141.78,139.25987012661224,2.5201298733877593
plant,image,GradBoost,loo_plant,trial1,10,24,28,141.78,220.78,221.58813378043843,0.8081337804384248
plant,image,XGBoost,loo_plant,trial1,1,0,4,4.48,12.880000000000004,12.320796012878418,0.5592039871215864
plant,image,XGBoost,loo_plant,trial1,1,4,8,12.880000000000004,19.08,20.38275718688965,1.3027571868896501
plant,image,XGBoost,loo_plant,trial1,1,8,12,19.08,26.78,26.876018524169922,0.09601852416992074
plant,image,XGBoost,loo_plant,trial1,1,12,16,26.78,40.78,41.60017395019531,0.8201739501953114
plant,image,XGBoost,loo_plant,trial1,1,16,20,40.78,78.78,75.63334655761719,3.1466534423828136
plant,image,XGBoost,loo_plant,trial1,1,20,24,78.78,135.78,140.9052734375,5.125273437499999
plant,image,XGBoost,loo_plant,trial1,1,24,28,135.78,213.78,216.59414672851562,2.814146728515624
plant,image,XGBoost,loo_plant,trial1,2,0,4,4.880000000000003,11.079999999999998,12.787016868591309,1.7070168685913103
plant,image,XGBoost,loo_plant,trial1,2,4,8,11.079999999999998,18.18,17.811548233032227,0.36845176696777315
plant,image,XGBoost,loo_plant,trial1,2,8,12,18.18,27.78,23.24894142150879,4.531058578491212
plant,image,XGBoost,loo_plant,trial1,2,12,16,27.78,45.78,41.86612319946289,3.9138768005371105
plant,image,XGBoost,loo_plant,trial1,2,16,20,45.78,89.78,86.22045135498047,3.5595486450195324
plant,image,XGBoost,loo_plant,trial1,2,20,24,89.78,153.78,151.8685760498047,1.9114239501953136
plant,image,XGBoost,loo_plant,trial1,2,24,28,153.78,217.78,222.9961700439453,5.216170043945311
plant,image,XGBoost,loo_plant,trial1,3,0,4,6.580000000000002,16.880000000000003,13.88981819152832,2.9901818084716822
plant,image,XGBoost,loo_plant,trial1,3,4,8,16.880000000000003,23.980000000000004,20.923633575439453,3.056366424560551
plant,image,XGBoost,loo_plant,trial1,3,8,12,23.980000000000004,32.78,34.214576721191406,1.4345767211914051
plant,image,XGBoost,loo_plant,trial1,3,12,16,32.78,49.78,47.75341796875,2.026582031250001
plant,image,XGBoost,loo_plant,trial1,3,16,20,49.78,93.78,88.04450988769531,5.735490112304689
plant,image,XGBoost,loo_plant,trial1,3,20,24,93.78,157.78,153.229248046875,4.550751953125001
plant,image,XGBoost,loo_plant,trial1,3,24,28,157.78,232.78,218.73580932617188,14.044190673828126
plant,image,XGBoost,loo_plant,trial1,4,0,4,4.080000000000002,13.980000000000004,11.009536743164062,2.9704632568359415
plant,image,XGBoost,loo_plant,trial1,4,4,8,13.980000000000004,20.78,21.1574764251709,0.3774764251708973
plant,image,XGBoost,loo_plant,trial1,4,8,12,20.78,29.78,26.547748565673828,3.232251434326173
plant,image,XGBoost,loo_plant,trial1,4,12,16,29.78,50.78,45.4345817565918,5.345418243408204
plant,image,XGBoost,loo_plant,trial1,4,16,20,50.78,91.78,94.73835754394531,2.9583575439453114
plant,image,XGBoost,loo_plant,trial1,4,20,24,91.78,140.78,147.4547576904297,6.674757690429686
plant,image,XGBoost,loo_plant,trial1,4,24,28,140.78,220.78,213.3596649169922,7.420335083007814
plant,image,XGBoost,loo_plant,trial1,5,0,4,4.98,13.28,12.635702133178711,0.6442978668212884
plant,image,XGBoost,loo_plant,trial1,5,4,8,13.28,19.880000000000003,20.166362762451172,0.2863627624511693
plant,image,XGBoost,loo_plant,trial1,5,8,12,19.880000000000003,25.78,26.95782470703125,1.1778247070312489
plant,image,XGBoost,loo_plant,trial1,5,12,16,25.78,36.78,37.84925842285156,1.0692584228515614
plant,image,XGBoost,loo_plant,trial1,5,16,20,36.78,65.78,70.73493957519531,4.954939575195311
plant,image,XGBoost,loo_plant,trial1,5,20,24,65.78,123.78,103.43413543701172,20.345864562988282
plant,image,XGBoost,loo_plant,trial1,5,24,28,123.78,185.78,161.00473022460938,24.775269775390626
plant,image,XGBoost,loo_plant,trial1,6,0,4,3.8800000000000026,7.880000000000003,13.086913108825684,5.206913108825681
plant,image,XGBoost,loo_plant,trial1,6,4,8,7.880000000000003,17.330000000000002,18.446857452392578,1.1168574523925763
plant,image,XGBoost,loo_plant,trial1,6,8,12,17.330000000000002,21.78,24.615652084350586,2.835652084350585
plant,image,XGBoost,loo_plant,trial1,6,12,16,21.78,35.78,30.49965476989746,5.28034523010254
plant,image,XGBoost,loo_plant,trial1,6,16,20,35.78,69.78,54.478275299072266,15.301724700927736
plant,image,XGBoost,loo_plant,trial1,6,20,24,69.78,125.78,124.4621810913086,1.3178189086914074
plant,image,XGBoost,loo_plant,trial1,6,24,28,125.78,195.78,185.13226318359375,10.647736816406251
plant,image,XGBoost,loo_plant,trial1,7,0,4,5.18,13.980000000000004,13.333829879760742,0.6461701202392618
plant,image,XGBoost,loo_plant,trial1,7,4,8,13.980000000000004,20.980000000000004,20.918712615966797,0.061287384033207104
plant,image,XGBoost,loo_plant,trial1,7,8,12,20.980000000000004,26.78,28.75221061706543,1.9722106170654286
plant,image,XGBoost,loo_plant,trial1,7,12,16,26.78,40.78,42.920562744140625,2.140562744140624
plant,image,XGBoost,loo_plant,trial1,7,16,20,40.78,76.78,78.17764282226562,1.3976428222656239
plant,image,XGBoost,loo_plant,trial1,7,20,24,76.78,135.78,127.506103515625,8.273896484375001
plant,image,XGBoost,loo_plant,trial1,7,24,28,135.78,218.78,211.1835174560547,7.596482543945314
plant,image,XGBoost,loo_plant,trial1,8,0,4,4.580000000000002,11.28,12.72973346710205,1.4497334671020514
plant,image,XGBoost,loo_plant,trial1,8,4,8,11.28,18.380000000000003,18.685213088989258,0.30521308898925525
plant,image,XGBoost,loo_plant,trial1,8,8,12,18.380000000000003,26.78,26.762615203857422,0.017384796142579262
plant,image,XGBoost,loo_plant,trial1,8,12,16,26.78,42.78,40.557044982910156,2.222955017089845
plant,image,XGBoost,loo_plant,trial1,8,16,20,42.78,78.78,82.37760162353516,3.597601623535155
plant,image,XGBoost,loo_plant,trial1,8,20,24,78.78,137.78,136.25469970703125,1.5253002929687511
plant,image,XGBoost,loo_plant,trial1,8,24,28,137.78,214.78,217.0402069091797,2.2602069091796864
plant,image,XGBoost,loo_plant,trial1,9,0,4,4.380000000000003,11.68,12.639031410217285,0.9590314102172854
plant,image,XGBoost,loo_plant,trial1,9,4,8,11.68,21.58,18.738384246826172,2.8416157531738264
plant,image,XGBoost,loo_plant,trial1,9,8,12,21.58,27.78,28.36528205871582,0.5852820587158192
plant,image,XGBoost,loo_plant,trial1,9,12,16,27.78,41.78,44.77711486816406,2.9971148681640614
plant,image,XGBoost,loo_plant,trial1,9,16,20,41.78,83.78,77.38038635253906,6.399613647460939
plant,image,XGBoost,loo_plant,trial1,9,20,24,83.78,152.78,139.57269287109375,13.207307128906251
plant,image,XGBoost,loo_plant,trial1,9,24,28,152.78,222.78,217.79623413085938,4.983765869140626
plant,image,XGBoost,loo_plant,trial1,10,0,4,5.880000000000003,14.68,14.046271324157715,0.6337286758422849
plant,image,XGBoost,loo_plant,trial1,10,12,16,29.78,44.78,50.544952392578125,5.764952392578124
plant,image,XGBoost,loo_plant,trial1,10,16,20,44.78,82.78,83.1143569946289,0.3343569946289051
plant,image,XGBoost,loo_plant,trial1,10,20,24,82.78,141.78,137.0171661376953,4.762833862304689
plant,image,XGBoost,loo_plant,trial1,10,24,28,141.78,220.78,220.65725708007812,0.12274291992187614
plant,image,Persist,lodo_target_day,trial1,1,0,4,4.48,12.880000000000004,4.48,8.400000000000004
plant,image,Persist,lodo_target_day,trial1,1,4,8,12.880000000000004,19.08,12.880000000000004,6.199999999999994
plant,image,Persist,lodo_target_day,trial1,1,8,12,19.08,26.78,19.08,7.700000000000003
plant,image,Persist,lodo_target_day,trial1,1,12,16,26.78,40.78,26.78,14.0
plant,image,Persist,lodo_target_day,trial1,1,16,20,40.78,78.78,40.78,38.0
plant,image,Persist,lodo_target_day,trial1,1,20,24,78.78,135.78,78.78,57.0
plant,image,Persist,lodo_target_day,trial1,1,24,28,135.78,213.78,135.78,78.0
plant,image,Persist,lodo_target_day,trial1,2,0,4,4.880000000000003,11.079999999999998,4.880000000000003,6.199999999999996
plant,image,Persist,lodo_target_day,trial1,2,4,8,11.079999999999998,18.18,11.079999999999998,7.100000000000001
plant,image,Persist,lodo_target_day,trial1,2,8,12,18.18,27.78,18.18,9.600000000000001
plant,image,Persist,lodo_target_day,trial1,2,12,16,27.78,45.78,27.78,18.0
plant,image,Persist,lodo_target_day,trial1,2,16,20,45.78,89.78,45.78,44.0
plant,image,Persist,lodo_target_day,trial1,2,20,24,89.78,153.78,89.78,64.0
plant,image,Persist,lodo_target_day,trial1,2,24,28,153.78,217.78,153.78,64.0
plant,image,Persist,lodo_target_day,trial1,3,0,4,6.580000000000002,16.880000000000003,6.580000000000002,10.3
plant,image,Persist,lodo_target_day,trial1,3,4,8,16.880000000000003,23.980000000000004,16.880000000000003,7.100000000000001
plant,image,Persist,lodo_target_day,trial1,3,8,12,23.980000000000004,32.78,23.980000000000004,8.799999999999997
plant,image,Persist,lodo_target_day,trial1,3,12,16,32.78,49.78,32.78,17.0
plant,image,Persist,lodo_target_day,trial1,3,16,20,49.78,93.78,49.78,44.0
plant,image,Persist,lodo_target_day,trial1,3,20,24,93.78,157.78,93.78,64.0
plant,image,Persist,lodo_target_day,trial1,3,24,28,157.78,232.78,157.78,75.0
plant,image,Persist,lodo_target_day,trial1,4,0,4,4.080000000000002,13.980000000000004,4.080000000000002,9.900000000000002
plant,image,Persist,lodo_target_day,trial1,4,4,8,13.980000000000004,20.78,13.980000000000004,6.799999999999997
plant,image,Persist,lodo_target_day,trial1,4,8,12,20.78,29.78,20.78,9.0
plant,image,Persist,lodo_target_day,trial1,4,12,16,29.78,50.78,29.78,21.0
plant,image,Persist,lodo_target_day,trial1,4,16,20,50.78,91.78,50.78,41.0
plant,image,Persist,lodo_target_day,trial1,4,20,24,91.78,140.78,91.78,49.0
plant,image,Persist,lodo_target_day,trial1,4,24,28,140.78,220.78,140.78,80.0
plant,image,Persist,lodo_target_day,trial1,5,0,4,4.98,13.28,4.98,8.299999999999999
plant,image,Persist,lodo_target_day,trial1,5,4,8,13.28,19.880000000000003,13.28,6.600000000000003
plant,image,Persist,lodo_target_day,trial1,5,8,12,19.880000000000003,25.78,19.880000000000003,5.899999999999999
plant,image,Persist,lodo_target_day,trial1,5,12,16,25.78,36.78,25.78,11.0
plant,image,Persist,lodo_target_day,trial1,5,16,20,36.78,65.78,36.78,29.0
plant,image,Persist,lodo_target_day,trial1,5,20,24,65.78,123.78,65.78,58.0
plant,image,Persist,lodo_target_day,trial1,5,24,28,123.78,185.78,123.78,62.0
plant,image,Persist,lodo_target_day,trial1,6,0,4,3.8800000000000026,7.880000000000003,3.8800000000000026,4.0
plant,image,Persist,lodo_target_day,trial1,6,4,8,7.880000000000003,17.330000000000002,7.880000000000003,9.45
plant,image,Persist,lodo_target_day,trial1,6,8,12,17.330000000000002,21.78,17.330000000000002,4.449999999999999
plant,image,Persist,lodo_target_day,trial1,6,12,16,21.78,35.78,21.78,14.0
plant,image,Persist,lodo_target_day,trial1,6,16,20,35.78,69.78,35.78,34.0
plant,image,Persist,lodo_target_day,trial1,6,20,24,69.78,125.78,69.78,56.0
plant,image,Persist,lodo_target_day,trial1,6,24,28,125.78,195.78,125.78,70.0
plant,image,Persist,lodo_target_day,trial1,7,0,4,5.18,13.980000000000004,5.18,8.800000000000004
plant,image,Persist,lodo_target_day,trial1,7,4,8,13.980000000000004,20.980000000000004,13.980000000000004,7.0
plant,image,Persist,lodo_target_day,trial1,7,8,12,20.980000000000004,26.78,20.980000000000004,5.799999999999997
plant,image,Persist,lodo_target_day,trial1,7,12,16,26.78,40.78,26.78,14.0
plant,image,Persist,lodo_target_day,trial1,7,16,20,40.78,76.78,40.78,36.0
plant,image,Persist,lodo_target_day,trial1,7,20,24,76.78,135.78,76.78,59.0
plant,image,Persist,lodo_target_day,trial1,7,24,28,135.78,218.78,135.78,83.0
plant,image,Persist,lodo_target_day,trial1,8,0,4,4.580000000000002,11.28,4.580000000000002,6.6999999999999975
plant,image,Persist,lodo_target_day,trial1,8,4,8,11.28,18.380000000000003,11.28,7.100000000000003
plant,image,Persist,lodo_target_day,trial1,8,8,12,18.380000000000003,26.78,18.380000000000003,8.399999999999999
plant,image,Persist,lodo_target_day,trial1,8,12,16,26.78,42.78,26.78,16.0
plant,image,Persist,lodo_target_day,trial1,8,16,20,42.78,78.78,42.78,36.0
plant,image,Persist,lodo_target_day,trial1,8,20,24,78.78,137.78,78.78,59.0
plant,image,Persist,lodo_target_day,trial1,8,24,28,137.78,214.78,137.78,77.0
plant,image,Persist,lodo_target_day,trial1,9,0,4,4.380000000000003,11.68,4.380000000000003,7.299999999999997
plant,image,Persist,lodo_target_day,trial1,9,4,8,11.68,21.58,11.68,9.899999999999999
plant,image,Persist,lodo_target_day,trial1,9,8,12,21.58,27.78,21.58,6.200000000000003
plant,image,Persist,lodo_target_day,trial1,9,12,16,27.78,41.78,27.78,14.0
plant,image,Persist,lodo_target_day,trial1,9,16,20,41.78,83.78,41.78,42.0
plant,image,Persist,lodo_target_day,trial1,9,20,24,83.78,152.78,83.78,69.0
plant,image,Persist,lodo_target_day,trial1,9,24,28,152.78,222.78,152.78,70.0
plant,image,Persist,lodo_target_day,trial1,10,0,4,5.880000000000003,14.68,5.880000000000003,8.799999999999997
plant,image,Persist,lodo_target_day,trial1,10,12,16,29.78,44.78,29.78,15.0
plant,image,Persist,lodo_target_day,trial1,10,16,20,44.78,82.78,44.78,38.0
plant,image,Persist,lodo_target_day,trial1,10,20,24,82.78,141.78,82.78,59.0
plant,image,Persist,lodo_target_day,trial1,10,24,28,141.78,220.78,141.78,79.0
plant,image,GrowMean,lodo_target_day,trial1,1,0,4,4.48,12.880000000000004,38.98172413793104,26.101724137931036
plant,image,GrowMean,lodo_target_day,trial1,1,4,8,12.880000000000004,19.08,46.991016949152545,27.911016949152547
plant,image,GrowMean,lodo_target_day,trial1,1,8,12,19.08,26.78,53.214745762711864,26.434745762711863
plant,image,GrowMean,lodo_target_day,trial1,1,12,16,26.78,40.78,59.98344827586207,19.203448275862065
plant,image,GrowMean,lodo_target_day,trial1,1,16,20,40.78,78.78,70.05241379310345,8.727586206896547
plant,image,GrowMean,lodo_target_day,trial1,1,20,24,78.78,135.78,104.39724137931034,31.382758620689657
plant,image,GrowMean,lodo_target_day,trial1,1,24,28,135.78,213.78,158.9144827586207,54.86551724137931
plant,image,GrowMean,lodo_target_day,trial1,2,0,4,4.880000000000003,11.079999999999998,39.38172413793104,28.30172413793104
plant,image,GrowMean,lodo_target_day,trial1,2,4,8,11.079999999999998,18.18,45.19101694915254,27.01101694915254
plant,image,GrowMean,lodo_target_day,trial1,2,8,12,18.18,27.78,52.314745762711865,24.534745762711864
plant,image,GrowMean,lodo_target_day,trial1,2,12,16,27.78,45.78,60.98344827586207,15.203448275862065
plant,image,GrowMean,lodo_target_day,trial1,2,16,20,45.78,89.78,75.05241379310345,14.727586206896547
plant,image,GrowMean,lodo_target_day,trial1,2,20,24,89.78,153.78,115.39724137931034,38.38275862068966
plant,image,GrowMean,lodo_target_day,trial1,2,24,28,153.78,217.78,176.9144827586207,40.86551724137931
plant,image,GrowMean,lodo_target_day,trial1,3,0,4,6.580000000000002,16.880000000000003,41.08172413793103,24.20172413793103
plant,image,GrowMean,lodo_target_day,trial1,3,4,8,16.880000000000003,23.980000000000004,50.991016949152545,27.01101694915254
plant,image,GrowMean,lodo_target_day,trial1,3,8,12,23.980000000000004,32.78,58.11474576271187,25.33474576271187
plant,image,GrowMean,lodo_target_day,trial1,3,12,16,32.78,49.78,65.98344827586206,16.20344827586206
plant,image,GrowMean,lodo_target_day,trial1,3,16,20,49.78,93.78,79.05241379310345,14.727586206896547
plant,image,GrowMean,lodo_target_day,trial1,3,20,24,93.78,157.78,119.39724137931034,38.38275862068966
plant,image,GrowMean,lodo_target_day,trial1,3,24,28,157.78,232.78,180.9144827586207,51.86551724137931
plant,image,GrowMean,lodo_target_day,trial1,4,0,4,4.080000000000002,13.980000000000004,38.58172413793103,24.60172413793103
plant,image,GrowMean,lodo_target_day,trial1,4,4,8,13.980000000000004,20.78,48.09101694915255,27.311016949152545
plant,image,GrowMean,lodo_target_day,trial1,4,8,12,20.78,29.78,54.91474576271187,25.134745762711866
plant,image,GrowMean,lodo_target_day,trial1,4,12,16,29.78,50.78,62.98344827586207,12.203448275862065
plant,image,GrowMean,lodo_target_day,trial1,4,16,20,50.78,91.78,80.05241379310345,11.727586206896547
plant,image,GrowMean,lodo_target_day,trial1,4,20,24,91.78,140.78,117.39724137931034,23.382758620689657
plant,image,GrowMean,lodo_target_day,trial1,4,24,28,140.78,220.78,163.9144827586207,56.86551724137931
plant,image,GrowMean,lodo_target_day,trial1,5,0,4,4.98,13.28,39.48172413793104,26.201724137931038
plant,image,GrowMean,lodo_target_day,trial1,5,4,8,13.28,19.880000000000003,47.391016949152544,27.51101694915254
plant,image,GrowMean,lodo_target_day,trial1,5,8,12,19.880000000000003,25.78,54.01474576271187,28.234745762711867
plant,image,GrowMean,lodo_target_day,trial1,5,12,16,25.78,36.78,58.98344827586207,22.203448275862065
plant,image,GrowMean,lodo_target_day,trial1,5,16,20,36.78,65.78,66.05241379310345,0.27241379310345337
plant,image,GrowMean,lodo_target_day,trial1,5,20,24,65.78,123.78,91.39724137931034,32.38275862068966
plant,image,GrowMean,lodo_target_day,trial1,5,24,28,123.78,185.78,146.9144827586207,38.86551724137931
plant,image,GrowMean,lodo_target_day,trial1,6,0,4,3.8800000000000026,7.880000000000003,38.38172413793104,30.501724137931035
plant,image,GrowMean,lodo_target_day,trial1,6,4,8,7.880000000000003,17.330000000000002,41.991016949152545,24.661016949152543
plant,image,GrowMean,lodo_target_day,trial1,6,8,12,17.330000000000002,21.78,51.46474576271187,29.68474576271187
plant,image,GrowMean,lodo_target_day,trial1,6,12,16,21.78,35.78,54.98344827586207,19.203448275862065
plant,image,GrowMean,lodo_target_day,trial1,6,16,20,35.78,69.78,65.05241379310345,4.727586206896547
plant,image,GrowMean,lodo_target_day,trial1,6,20,24,69.78,125.78,95.39724137931034,30.382758620689657
plant,image,GrowMean,lodo_target_day,trial1,6,24,28,125.78,195.78,148.9144827586207,46.86551724137931
plant,image,GrowMean,lodo_target_day,trial1,7,0,4,5.18,13.980000000000004,39.681724137931035,25.70172413793103
plant,image,GrowMean,lodo_target_day,trial1,7,4,8,13.980000000000004,20.980000000000004,48.09101694915255,27.111016949152543
plant,image,GrowMean,lodo_target_day,trial1,7,8,12,20.980000000000004,26.78,55.11474576271187,28.33474576271187
plant,image,GrowMean,lodo_target_day,trial1,7,12,16,26.78,40.78,59.98344827586207,19.203448275862065
plant,image,GrowMean,lodo_target_day,trial1,7,16,20,40.78,76.78,70.05241379310345,6.727586206896547
plant,image,GrowMean,lodo_target_day,trial1,7,20,24,76.78,135.78,102.39724137931034,33.38275862068966
plant,image,GrowMean,lodo_target_day,trial1,7,24,28,135.78,218.78,158.9144827586207,59.86551724137931
plant,image,GrowMean,lodo_target_day,trial1,8,0,4,4.580000000000002,11.28,39.08172413793103,27.801724137931032
plant,image,GrowMean,lodo_target_day,trial1,8,4,8,11.28,18.380000000000003,45.391016949152544,27.01101694915254
plant,image,GrowMean,lodo_target_day,trial1,8,8,12,18.380000000000003,26.78,52.51474576271187,25.734745762711867
plant,image,GrowMean,lodo_target_day,trial1,8,12,16,26.78,42.78,59.98344827586207,17.203448275862065
plant,image,GrowMean,lodo_target_day,trial1,8,16,20,42.78,78.78,72.05241379310345,6.727586206896547
plant,image,GrowMean,lodo_target_day,trial1,8,20,24,78.78,137.78,104.39724137931034,33.38275862068966
plant,image,GrowMean,lodo_target_day,trial1,8,24,28,137.78,214.78,160.9144827586207,53.86551724137931
plant,image,GrowMean,lodo_target_day,trial1,9,0,4,4.380000000000003,11.68,38.88172413793104,27.201724137931038
plant,image,GrowMean,lodo_target_day,trial1,9,4,8,11.68,21.58,45.79101694915254,24.211016949152544
plant,image,GrowMean,lodo_target_day,trial1,9,8,12,21.58,27.78,55.714745762711864,27.934745762711863
plant,image,GrowMean,lodo_target_day,trial1,9,12,16,27.78,41.78,60.98344827586207,19.203448275862065
plant,image,GrowMean,lodo_target_day,trial1,9,16,20,41.78,83.78,71.05241379310345,12.727586206896547
plant,image,GrowMean,lodo_target_day,trial1,9,20,24,83.78,152.78,109.39724137931034,43.38275862068966
plant,image,GrowMean,lodo_target_day,trial1,9,24,28,152.78,222.78,175.9144827586207,46.86551724137931
plant,image,GrowMean,lodo_target_day,trial1,10,0,4,5.880000000000003,14.68,40.38172413793104,25.701724137931038
plant,image,GrowMean,lodo_target_day,trial1,10,12,16,29.78,44.78,62.98344827586207,18.203448275862065
plant,image,GrowMean,lodo_target_day,trial1,10,16,20,44.78,82.78,74.05241379310345,8.727586206896547
plant,image,GrowMean,lodo_target_day,trial1,10,20,24,82.78,141.78,108.39724137931034,33.38275862068966
plant,image,GrowMean,lodo_target_day,trial1,10,24,28,141.78,220.78,164.9144827586207,55.86551724137931
plant,image,Ridge,lodo_target_day,trial1,1,0,4,4.48,12.880000000000004,8.29409830374091,4.585901696259095
plant,image,Ridge,lodo_target_day,trial1,1,4,8,12.880000000000004,19.08,60.16789263688419,41.08789263688419
plant,image,Ridge,lodo_target_day,trial1,1,8,12,19.08,26.78,114.6608005437649,87.8808005437649
plant,image,Ridge,lodo_target_day,trial1,1,12,16,26.78,40.78,21.06463218737271,19.715367812627292
plant,image,Ridge,lodo_target_day,trial1,1,16,20,40.78,78.78,70.17319102965709,8.606808970342911
plant,image,Ridge,lodo_target_day,trial1,1,20,24,78.78,135.78,139.01969959247242,3.2396995924724195
plant,image,Ridge,lodo_target_day,trial1,1,24,28,135.78,213.78,206.43189438986064,7.348105610139356
plant,image,Ridge,lodo_target_day,trial1,2,0,4,4.880000000000003,11.079999999999998,8.383797877193174,2.696202122806824
plant,image,Ridge,lodo_target_day,trial1,2,4,8,11.079999999999998,18.18,59.4195643650656,41.2395643650656
plant,image,Ridge,lodo_target_day,trial1,2,8,12,18.18,27.78,115.02101689334049,87.24101689334049
plant,image,Ridge,lodo_target_day,trial1,2,12,16,27.78,45.78,21.871619560557527,23.908380439442475
plant,image,Ridge,lodo_target_day,trial1,2,16,20,45.78,89.78,73.91100138079216,15.868998619207844
plant,image,Ridge,lodo_target_day,trial1,2,20,24,89.78,153.78,146.0739482092393,7.706051790760711
plant,image,Ridge,lodo_target_day,trial1,2,24,28,153.78,217.78,220.04775560874003,2.267755608740032
plant,image,Ridge,lodo_target_day,trial1,3,0,4,6.580000000000002,16.880000000000003,8.765021064365285,8.114978935634717
plant,image,Ridge,lodo_target_day,trial1,3,4,8,16.880000000000003,23.980000000000004,63.65542435835674,39.675424358356736
plant,image,Ridge,lodo_target_day,trial1,3,8,12,23.980000000000004,32.78,116.20571879202782,83.42571879202782
plant,image,Ridge,lodo_target_day,trial1,3,12,16,32.78,49.78,25.247872766394217,24.532127233605785
plant,image,Ridge,lodo_target_day,trial1,3,16,20,49.78,93.78,76.83276725311062,16.947232746889384
plant,image,Ridge,lodo_target_day,trial1,3,20,24,93.78,157.78,148.57965566830381,9.200344331696186
plant,image,Ridge,lodo_target_day,trial1,3,24,28,157.78,232.78,222.71914134220108,10.060858657798917
plant,image,Ridge,lodo_target_day,trial1,4,0,4,4.080000000000002,13.980000000000004,8.204398730288645,5.775601269711359
plant,image,Ridge,lodo_target_day,trial1,4,4,8,13.980000000000004,20.78,61.08356690959174,40.30356690959174
plant,image,Ridge,lodo_target_day,trial1,4,8,12,20.78,29.78,113.80705278329484,84.02705278329483
plant,image,Ridge,lodo_target_day,trial1,4,12,16,29.78,50.78,23.204214879317014,27.575785120682987
plant,image,Ridge,lodo_target_day,trial1,4,16,20,50.78,91.78,77.63250639654875,14.147493603451252
plant,image,Ridge,lodo_target_day,trial1,4,20,24,91.78,140.78,146.09342919431444,5.313429194314438
plant,image,Ridge,lodo_target_day,trial1,4,24,28,140.78,220.78,210.28936937522676,10.490630624773246
plant,image,Ridge,lodo_target_day,trial1,5,0,4,4.98,13.28,8.406222770556226,4.873777229443773
plant,image,Ridge,lodo_target_day,trial1,5,4,8,13.28,19.880000000000003,60.529520607703816,40.64952060770381
plant,image,Ridge,lodo_target_day,trial1,5,8,12,19.880000000000003,25.78,113.12413124260844,87.34413124260844
plant,image,Ridge,lodo_target_day,trial1,5,12,16,25.78,36.78,20.264039801179038,16.515960198820963
plant,image,Ridge,lodo_target_day,trial1,5,16,20,36.78,65.78,67.18620381582474,1.406203815824739
plant,image,Ridge,lodo_target_day,trial1,5,20,24,65.78,123.78,130.1974542992544,6.417454299254388
plant,image,Ridge,lodo_target_day,trial1,5,24,28,123.78,185.78,196.48001057436892,10.700010574368918
plant,image,Ridge,lodo_target_day,trial1,6,0,4,3.8800000000000026,7.880000000000003,8.159548943562513,0.27954894356251003
plant,image,Ridge,lodo_target_day,trial1,6,4,8,7.880000000000003,17.330000000000002,55.898379596462696,38.56837959646269
plant,image,Ridge,lodo_target_day,trial1,6,8,12,17.330000000000002,21.78,114.22476951906268,92.44476951906267
plant,image,Ridge,lodo_target_day,trial1,6,12,16,21.78,35.78,17.42938200839488,18.35061799160512
plant,image,Ridge,lodo_target_day,trial1,6,16,20,35.78,69.78,66.50060202003593,3.279397979964074
plant,image,Ridge,lodo_target_day,trial1,6,20,24,69.78,125.78,133.2520614577571,7.472061457757093
plant,image,Ridge,lodo_target_day,trial1,6,24,28,125.78,195.78,197.9107828094802,2.130782809480195
plant,image,Ridge,lodo_target_day,trial1,7,0,4,5.18,13.980000000000004,8.451072557282359,5.528927442717645
plant,image,Ridge,lodo_target_day,trial1,7,4,8,13.980000000000004,20.980000000000004,61.13240235283179,40.152402352831785
plant,image,Ridge,lodo_target_day,trial1,7,8,12,20.980000000000004,26.78,116.01549164457307,89.23549164457307
plant,image,Ridge,lodo_target_day,trial1,7,12,16,26.78,40.78,20.400166033039895,20.379833966960106
plant,image,Ridge,lodo_target_day,trial1,7,16,20,40.78,76.78,70.38124899838876,6.398751001611245
plant,image,Ridge,lodo_target_day,trial1,7,20,24,76.78,135.78,137.76135463408062,1.981354634080617
plant,image,Ridge,lodo_target_day,trial1,7,24,28,135.78,218.78,205.40645618596366,13.373543814036339
plant,image,Ridge,lodo_target_day,trial1,8,0,4,4.580000000000002,11.28,8.316523197103976,2.9634768028960234
plant,image,Ridge,lodo_target_day,trial1,8,4,8,11.28,18.380000000000003,59.34135566097895,40.961355660978946
plant,image,Ridge,lodo_target_day,trial1,8,8,12,18.380000000000003,26.78,113.19941568790352,86.41941568790352
plant,image,Ridge,lodo_target_day,trial1,8,12,16,26.78,42.78,21.109397096310687,21.670602903689314
plant,image,Ridge,lodo_target_day,trial1,8,16,20,42.78,78.78,71.67483730426251,7.105162695737491
plant,image,Ridge,lodo_target_day,trial1,8,20,24,78.78,137.78,140.6378314979503,2.8578314979502863
plant,image,Ridge,lodo_target_day,trial1,8,24,28,137.78,214.78,207.49642429414823,7.283575705851774
plant,image,Ridge,lodo_target_day,trial1,9,0,4,4.380000000000003,11.68,8.27167341037783,3.4083265896221704
plant,image,Ridge,lodo_target_day,trial1,9,4,8,11.68,21.58,59.14516292491263,37.565162924912634
plant,image,Ridge,lodo_target_day,trial1,9,8,12,21.58,27.78,116.30550308262504,88.52550308262504
plant,image,Ridge,lodo_target_day,trial1,9,12,16,27.78,41.78,21.654190002858776,20.125809997141225
plant,image,Ridge,lodo_target_day,trial1,9,16,20,41.78,83.78,69.35089753892791,14.429102461072091
plant,image,Ridge,lodo_target_day,trial1,9,20,24,83.78,152.78,142.28423516183202,10.495764838167986
plant,image,Ridge,lodo_target_day,trial1,9,24,28,152.78,222.78,219.27998784579972,3.5000121542002773
plant,image,Ridge,lodo_target_day,trial1,10,0,4,5.880000000000003,14.68,8.608046810823822,6.0719531891761775
plant,image,Ridge,lodo_target_day,trial1,10,12,16,29.78,44.78,31.35385983970322,13.426140160296782
plant,image,Ridge,lodo_target_day,trial1,10,16,20,44.78,82.78,73.1275675727325,9.652432427267499
plant,image,Ridge,lodo_target_day,trial1,10,20,24,82.78,141.78,141.62680779747618,0.15319220252382593
plant,image,Ridge,lodo_target_day,trial1,10,24,28,141.78,220.78,209.8827845478016,10.897215452198395
plant,image,ElasticNet,lodo_target_day,trial1,1,0,4,4.48,12.880000000000004,9.304495773709903,3.575504226290102
plant,image,ElasticNet,lodo_target_day,trial1,1,4,8,12.880000000000004,19.08,58.57001961090852,39.49001961090852
plant,image,ElasticNet,lodo_target_day,trial1,1,8,12,19.08,26.78,106.42117387381475,79.64117387381475
plant,image,ElasticNet,lodo_target_day,trial1,1,12,16,26.78,40.78,22.68513286105584,18.09486713894416
plant,image,ElasticNet,lodo_target_day,trial1,1,16,20,40.78,78.78,71.1454478079179,7.634552192082097
plant,image,ElasticNet,lodo_target_day,trial1,1,20,24,78.78,135.78,137.0414837392258,1.2614837392258096
plant,image,ElasticNet,lodo_target_day,trial1,1,24,28,135.78,213.78,213.85458277064595,0.07458277064594654
plant,image,ElasticNet,lodo_target_day,trial1,2,0,4,4.880000000000003,11.079999999999998,9.454006523458176,1.6259934765418222
plant,image,ElasticNet,lodo_target_day,trial1,2,4,8,11.079999999999998,18.18,56.85353330056402,38.67353330056402
plant,image,ElasticNet,lodo_target_day,trial1,2,8,12,18.18,27.78,105.971184353077,78.191184353077
plant,image,ElasticNet,lodo_target_day,trial1,2,12,16,27.78,45.78,23.5995969886826,22.180403011317402
plant,image,ElasticNet,lodo_target_day,trial1,2,16,20,45.78,89.78,75.75524070891845,14.024759291081551
plant,image,ElasticNet,lodo_target_day,trial1,2,20,24,89.78,153.78,147.00738695161874,6.77261304838126
plant,image,ElasticNet,lodo_target_day,trial1,2,24,28,153.78,217.78,232.23230900909329,14.452309009093284
plant,image,ElasticNet,lodo_target_day,trial1,3,0,4,6.580000000000002,16.880000000000003,10.089427209888314,6.790572790111689
plant,image,ElasticNet,lodo_target_day,trial1,3,4,8,16.880000000000003,23.980000000000004,62.740169126434935,38.76016912643493
plant,image,ElasticNet,lodo_target_day,trial1,3,8,12,23.980000000000004,32.78,110.98803002380295,78.20803002380295
plant,image,ElasticNet,lodo_target_day,trial1,3,12,16,32.78,49.78,28.587617204026053,21.19238279597395
plant,image,ElasticNet,lodo_target_day,trial1,3,16,20,49.78,93.78,79.70252327483243,14.077476725167571
plant,image,ElasticNet,lodo_target_day,trial1,3,20,24,93.78,157.78,150.32109751630455,7.458902483695454
plant,image,ElasticNet,lodo_target_day,trial1,3,24,28,157.78,232.78,236.53623288719922,3.756232887199218
plant,image,ElasticNet,lodo_target_day,trial1,4,0,4,4.080000000000002,13.980000000000004,9.154985023961643,4.825014976038361
plant,image,ElasticNet,lodo_target_day,trial1,4,4,8,13.980000000000004,20.78,59.56864243696178,38.78864243696178
plant,image,ElasticNet,lodo_target_day,trial1,4,8,12,20.78,29.78,107.77571553873817,77.99571553873817
plant,image,ElasticNet,lodo_target_day,trial1,4,12,16,29.78,50.78,25.60610564585091,25.17389435414909
plant,image,ElasticNet,lodo_target_day,trial1,4,16,20,50.78,91.78,80.42680700161269,11.353192998387314
plant,image,ElasticNet,lodo_target_day,trial1,4,20,24,91.78,140.78,149.33125829531178,8.551258295311783
plant,image,ElasticNet,lodo_target_day,trial1,4,24,28,140.78,220.78,216.24546660670575,4.534533393294254
plant,image,ElasticNet,lodo_target_day,trial1,5,0,4,4.98,13.28,9.491384210895248,3.7886157891047514
plant,image,ElasticNet,lodo_target_day,trial1,5,4,8,13.28,19.880000000000003,59.0309924185305,39.1509924185305
plant,image,ElasticNet,lodo_target_day,trial1,5,8,12,19.880000000000003,25.78,106.87301145458378,81.09301145458377
plant,image,ElasticNet,lodo_target_day,trial1,5,12,16,25.78,36.78,21.766632815203756,15.013367184796245
plant,image,ElasticNet,lodo_target_day,trial1,5,16,20,36.78,65.78,67.44525880877873,1.6652588087787308
plant,image,ElasticNet,lodo_target_day,trial1,5,20,24,65.78,123.78,125.03779205211833,1.257792052118333
plant,image,ElasticNet,lodo_target_day,trial1,5,24,28,123.78,185.78,198.88691780379855,13.106917803798552
plant,image,ElasticNet,lodo_target_day,trial1,6,0,4,3.8800000000000026,7.880000000000003,9.080229649087514,1.200229649087511
plant,image,ElasticNet,lodo_target_day,trial1,6,4,8,7.880000000000003,17.330000000000002,53.664279814915766,36.33427981491576
plant,image,ElasticNet,lodo_target_day,trial1,6,8,12,17.330000000000002,21.78,104.73154520389548,82.95154520389548
plant,image,ElasticNet,lodo_target_day,trial1,6,12,16,21.78,35.78,17.86056733383853,17.91943266616147
plant,image,ElasticNet,lodo_target_day,trial1,6,16,20,35.78,69.78,66.28856134014256,3.4914386598574367
plant,image,ElasticNet,lodo_target_day,trial1,6,20,24,69.78,125.78,128.6581554035296,2.878155403529604
plant,image,ElasticNet,lodo_target_day,trial1,6,24,28,125.78,195.78,201.15108569528633,5.371085695286325
plant,image,ElasticNet,lodo_target_day,trial1,7,0,4,5.18,13.980000000000004,9.566139585769363,4.413860414230641
plant,image,ElasticNet,lodo_target_day,trial1,7,4,8,13.980000000000004,20.980000000000004,59.73537913239723,38.75537913239722
plant,image,ElasticNet,lodo_target_day,trial1,7,8,12,20.980000000000004,26.78,108.45489061862484,81.67489061862484
plant,image,ElasticNet,lodo_target_day,trial1,7,12,16,26.78,40.78,22.46218908794618,18.317810912053822
plant,image,ElasticNet,lodo_target_day,trial1,7,16,20,40.78,76.78,70.54242834924896,6.237571650751036
plant,image,ElasticNet,lodo_target_day,trial1,7,20,24,76.78,135.78,135.9472430715564,0.16724307155638485
plant,image,ElasticNet,lodo_target_day,trial1,7,24,28,135.78,218.78,210.98823935608283,7.791760643917172
plant,image,ElasticNet,lodo_target_day,trial1,8,0,4,4.580000000000002,11.28,9.341873461146989,1.9381265388530107
plant,image,ElasticNet,lodo_target_day,trial1,8,4,8,11.28,18.380000000000003,56.367200092719536,37.98720009271953
plant,image,ElasticNet,lodo_target_day,trial1,8,8,12,18.380000000000003,26.78,104.39389557853107,77.61389557853107
plant,image,ElasticNet,lodo_target_day,trial1,8,12,16,26.78,42.78,22.656881433478482,20.12311856652152
plant,image,ElasticNet,lodo_target_day,trial1,8,16,20,42.78,78.78,72.96465561164064,5.815344388359364
plant,image,ElasticNet,lodo_target_day,trial1,8,20,24,78.78,137.78,139.30013962276166,1.5201396227616613
plant,image,ElasticNet,lodo_target_day,trial1,8,24,28,137.78,214.78,215.6273576155969,0.8473576155969056
plant,image,ElasticNet,lodo_target_day,trial1,9,0,4,4.380000000000003,11.68,9.267118086272845,2.412881913727155
plant,image,ElasticNet,lodo_target_day,trial1,9,4,8,11.68,21.58,57.39931152768767,35.819311527687674
plant,image,ElasticNet,lodo_target_day,trial1,9,8,12,21.58,27.78,108.98249186123573,81.20249186123573
plant,image,ElasticNet,lodo_target_day,trial1,9,12,16,27.78,41.78,23.736818208344054,18.043181791655947
plant,image,ElasticNet,lodo_target_day,trial1,9,16,20,41.78,83.78,70.87841683080407,12.90158316919593
plant,image,ElasticNet,lodo_target_day,trial1,9,20,24,83.78,152.78,142.15610540700402,10.623894592995981
plant,image,ElasticNet,lodo_target_day,trial1,9,24,28,152.78,222.78,232.12771237001948,9.34771237001948
plant,image,ElasticNet,lodo_target_day,trial1,10,0,4,5.880000000000003,14.68,9.827783397828838,4.852216602171161
plant,image,ElasticNet,lodo_target_day,trial1,10,12,16,29.78,44.78,34.045152432563604,10.734847567436397
plant,image,ElasticNet,lodo_target_day,trial1,10,16,20,44.78,82.78,74.96918359044449,7.810816409555514
plant,image,ElasticNet,lodo_target_day,trial1,10,20,24,82.78,141.78,142.10706183197465,0.3270618319746461
plant,image,ElasticNet,lodo_target_day,trial1,10,24,28,141.78,220.78,218.81958697270517,1.960413027294834
plant,image,SVR-RBF,lodo_target_day,trial1,1,0,4,4.48,12.880000000000004,62.68633069612069,49.80633069612069
plant,image,SVR-RBF,lodo_target_day,trial1,1,4,8,12.880000000000004,19.08,77.21156259698346,58.13156259698346
plant,image,SVR-RBF,lodo_target_day,trial1,1,8,12,19.08,26.78,95.5146534812056,68.7346534812056
plant,image,SVR-RBF,lodo_target_day,trial1,1,12,16,26.78,40.78,55.49034028981154,14.71034028981154
plant,image,SVR-RBF,lodo_target_day,trial1,1,16,20,40.78,78.78,61.7473912018297,17.0326087981703
plant,image,SVR-RBF,lodo_target_day,trial1,1,20,24,78.78,135.78,76.71905712176475,59.06094287823525
plant,image,SVR-RBF,lodo_target_day,trial1,1,24,28,135.78,213.78,75.46593055246014,138.31406944753985
plant,image,SVR-RBF,lodo_target_day,trial1,2,0,4,4.880000000000003,11.079999999999998,62.65449715176803,51.57449715176803
plant,image,SVR-RBF,lodo_target_day,trial1,2,4,8,11.079999999999998,18.18,81.07288857660416,62.89288857660416
plant,image,SVR-RBF,lodo_target_day,trial1,2,8,12,18.18,27.78,95.6154017003191,67.8354017003191
plant,image,SVR-RBF,lodo_target_day,trial1,2,12,16,27.78,45.78,55.46587580296233,9.685875802962329
plant,image,SVR-RBF,lodo_target_day,trial1,2,16,20,45.78,89.78,60.44048025839042,29.33951974160958
plant,image,SVR-RBF,lodo_target_day,trial1,2,20,24,89.78,153.78,65.58581994756004,88.19418005243996
plant,image,SVR-RBF,lodo_target_day,trial1,2,24,28,153.78,217.78,67.1580018743429,150.62199812565711
plant,image,SVR-RBF,lodo_target_day,trial1,3,0,4,6.580000000000002,16.880000000000003,62.57479110447917,45.694791104479165
plant,image,SVR-RBF,lodo_target_day,trial1,3,4,8,16.880000000000003,23.980000000000004,77.65270633920993,53.672706339209924
plant,image,SVR-RBF,lodo_target_day,trial1,3,8,12,23.980000000000004,32.78,95.3451099576011,62.565109957601095
plant,image,SVR-RBF,lodo_target_day,trial1,3,12,16,32.78,49.78,55.884214774706805,6.104214774706804
plant,image,SVR-RBF,lodo_target_day,trial1,3,16,20,49.78,93.78,59.63676913427899,34.14323086572101
plant,image,SVR-RBF,lodo_target_day,trial1,3,20,24,93.78,157.78,60.748484661330856,97.03151533866915
plant,image,SVR-RBF,lodo_target_day,trial1,3,24,28,157.78,232.78,65.42182062434105,167.35817937565895
plant,image,SVR-RBF,lodo_target_day,trial1,4,0,4,4.080000000000002,13.980000000000004,62.72310549362879,48.74310549362879
plant,image,SVR-RBF,lodo_target_day,trial1,4,4,8,13.980000000000004,20.78,77.3681494194214,56.5881494194214
plant,image,SVR-RBF,lodo_target_day,trial1,4,8,12,20.78,29.78,95.32497372435311,65.54497372435311
plant,image,SVR-RBF,lodo_target_day,trial1,4,12,16,29.78,50.78,55.496434065825284,4.716434065825283
plant,image,SVR-RBF,lodo_target_day,trial1,4,16,20,50.78,91.78,60.03642232928608,31.74357767071392
plant,image,SVR-RBF,lodo_target_day,trial1,4,20,24,91.78,140.78,64.02994861707616,76.75005138292384
plant,image,SVR-RBF,lodo_target_day,trial1,4,24,28,140.78,220.78,71.83220778729533,148.94779221270466
plant,image,SVR-RBF,lodo_target_day,trial1,5,0,4,4.98,13.28,62.64731351892967,49.36731351892967
plant,image,SVR-RBF,lodo_target_day,trial1,5,4,8,13.28,19.880000000000003,77.22606439034635,57.34606439034635
plant,image,SVR-RBF,lodo_target_day,trial1,5,8,12,19.880000000000003,25.78,95.31826861417973,69.53826861417973
plant,image,SVR-RBF,lodo_target_day,trial1,5,12,16,25.78,36.78,55.58905639678801,18.80905639678801
plant,image,SVR-RBF,lodo_target_day,trial1,5,16,20,36.78,65.78,63.42894076387317,2.3510592361268294
plant,image,SVR-RBF,lodo_target_day,trial1,5,20,24,65.78,123.78,67.05282384784036,56.72717615215964
plant,image,SVR-RBF,lodo_target_day,trial1,5,24,28,123.78,185.78,82.5208634872867,103.2591365127133
plant,image,SVR-RBF,lodo_target_day,trial1,6,0,4,3.8800000000000026,7.880000000000003,62.74333805671506,54.86333805671506
plant,image,SVR-RBF,lodo_target_day,trial1,6,4,8,7.880000000000003,17.330000000000002,76.95218357707316,59.62218357707316
plant,image,SVR-RBF,lodo_target_day,trial1,6,8,12,17.330000000000002,21.78,95.61833156793045,73.83833156793045
plant,image,SVR-RBF,lodo_target_day,trial1,6,12,16,21.78,35.78,56.30128716682903,20.521287166829026
plant,image,SVR-RBF,lodo_target_day,trial1,6,16,20,35.78,69.78,64.27009474383564,5.509905256164359
plant,image,SVR-RBF,lodo_target_day,trial1,6,20,24,69.78,125.78,79.12327460817042,46.65672539182958
plant,image,SVR-RBF,lodo_target_day,trial1,6,24,28,125.78,195.78,81.2471008661318,114.5328991338682
plant,image,SVR-RBF,lodo_target_day,trial1,7,0,4,5.18,13.980000000000004,62.633878231120065,48.65387823112006
plant,image,SVR-RBF,lodo_target_day,trial1,7,4,8,13.980000000000004,20.980000000000004,77.29837826057589,56.318378260575884
plant,image,SVR-RBF,lodo_target_day,trial1,7,8,12,20.980000000000004,26.78,95.48030941758012,68.70030941758012
plant,image,SVR-RBF,lodo_target_day,trial1,7,12,16,26.78,40.78,61.83933448300099,21.05933448300099
plant,image,SVR-RBF,lodo_target_day,trial1,7,16,20,40.78,76.78,73.6205592251733,3.159440774826706
plant,image,SVR-RBF,lodo_target_day,trial1,7,20,24,76.78,135.78,98.452266688517,37.327733311483
plant,image,SVR-RBF,lodo_target_day,trial1,7,24,28,135.78,218.78,76.005157535353,142.774842464647
plant,image,SVR-RBF,lodo_target_day,trial1,8,0,4,4.580000000000002,11.28,62.677908143652125,51.397908143652124
plant,image,SVR-RBF,lodo_target_day,trial1,8,4,8,11.28,18.380000000000003,81.87402498184484,63.49402498184484
plant,image,SVR-RBF,lodo_target_day,trial1,8,8,12,18.380000000000003,26.78,95.36706699588028,68.58706699588028
plant,image,SVR-RBF,lodo_target_day,trial1,8,12,16,26.78,42.78,55.49253178853947,12.712531788539472
plant,image,SVR-RBF,lodo_target_day,trial1,8,16,20,42.78,78.78,61.154435786116025,17.625564213883976
plant,image,SVR-RBF,lodo_target_day,trial1,8,20,24,78.78,137.78,97.76653161526208,40.01346838473792
plant,image,SVR-RBF,lodo_target_day,trial1,8,24,28,137.78,214.78,73.92282757902521,140.8571724209748
plant,image,SVR-RBF,lodo_target_day,trial1,9,0,4,4.380000000000003,11.68,62.69506209174675,51.01506209174675
plant,image,SVR-RBF,lodo_target_day,trial1,9,4,8,11.68,21.58,77.10215987246728,55.522159872467284
plant,image,SVR-RBF,lodo_target_day,trial1,9,8,12,21.58,27.78,95.3859437271044,67.6059437271044
plant,image,SVR-RBF,lodo_target_day,trial1,9,12,16,27.78,41.78,55.4837939538142,13.703793953814198
plant,image,SVR-RBF,lodo_target_day,trial1,9,16,20,41.78,83.78,66.26010963178456,17.519890368215442
plant,image,SVR-RBF,lodo_target_day,trial1,9,20,24,83.78,152.78,104.4095768918678,48.3704231081322
plant,image,SVR-RBF,lodo_target_day,trial1,9,24,28,152.78,222.78,67.57014427925705,155.20985572074295
plant,image,SVR-RBF,lodo_target_day,trial1,10,0,4,5.880000000000003,14.68,62.59667018570579,47.91667018570579
plant,image,SVR-RBF,lodo_target_day,trial1,10,12,16,29.78,44.78,57.86685642494923,13.086856424949232
plant,image,SVR-RBF,lodo_target_day,trial1,10,16,20,44.78,82.78,60.3840365098074,22.3959634901926
plant,image,SVR-RBF,lodo_target_day,trial1,10,20,24,82.78,141.78,77.84439808525087,63.93560191474913
plant,image,SVR-RBF,lodo_target_day,trial1,10,24,28,141.78,220.78,70.4977625280788,150.2822374719212
plant,image,RandomForest,lodo_target_day,trial1,1,0,4,4.48,12.880000000000004,48.854181481826565,35.97418148182656
plant,image,RandomForest,lodo_target_day,trial1,1,4,8,12.880000000000004,19.08,20.435263057301366,1.355263057301368
plant,image,RandomForest,lodo_target_day,trial1,1,8,12,19.08,26.78,65.59469829470241,38.81469829470241
plant,image,RandomForest,lodo_target_day,trial1,1,12,16,26.78,40.78,23.857227295030395,16.922772704969606
plant,image,RandomForest,lodo_target_day,trial1,1,16,20,40.78,78.78,51.29103418954414,27.48896581045586
plant,image,RandomForest,lodo_target_day,trial1,1,20,24,78.78,135.78,88.00331583456034,47.77668416543966
plant,image,RandomForest,lodo_target_day,trial1,1,24,28,135.78,213.78,132.66746590909085,81.11253409090915
plant,image,RandomForest,lodo_target_day,trial1,2,0,4,4.880000000000003,11.079999999999998,48.854181481826565,37.77418148182657
plant,image,RandomForest,lodo_target_day,trial1,2,4,8,11.079999999999998,18.18,20.142011866825175,1.9620118668251756
plant,image,RandomForest,lodo_target_day,trial1,2,8,12,18.18,27.78,65.03228162803572,37.25228162803572
plant,image,RandomForest,lodo_target_day,trial1,2,12,16,27.78,45.78,23.857227295030395,21.922772704969606
plant,image,RandomForest,lodo_target_day,trial1,2,16,20,45.78,89.78,51.395200856210806,38.384799143789195
plant,image,RandomForest,lodo_target_day,trial1,2,20,24,89.78,153.78,121.04565795893922,32.734342041060785
plant,image,RandomForest,lodo_target_day,trial1,2,24,28,153.78,217.78,133.23853192640684,84.54146807359317
plant,image,RandomForest,lodo_target_day,trial1,3,0,4,6.580000000000002,16.880000000000003,48.854181481826565,31.974181481826562
plant,image,RandomForest,lodo_target_day,trial1,3,4,8,16.880000000000003,23.980000000000004,20.235461192499503,3.7445388075005006
plant,image,RandomForest,lodo_target_day,trial1,3,8,12,23.980000000000004,32.78,67.59151282736848,34.811512827368475
plant,image,RandomForest,lodo_target_day,trial1,3,12,16,32.78,49.78,35.6785542040884,14.101445795911602
plant,image,RandomForest,lodo_target_day,trial1,3,16,20,49.78,93.78,83.71997537266668,10.06002462733332
plant,image,RandomForest,lodo_target_day,trial1,3,20,24,93.78,157.78,138.71851928280046,19.061480717199544
plant,image,RandomForest,lodo_target_day,trial1,3,24,28,157.78,232.78,132.92653192640685,99.85346807359315
plant,image,RandomForest,lodo_target_day,trial1,4,0,4,4.080000000000002,13.980000000000004,48.854181481826565,34.87418148182656
plant,image,RandomForest,lodo_target_day,trial1,4,4,8,13.980000000000004,20.78,20.235461192499503,0.5445388075004978
plant,image,RandomForest,lodo_target_day,trial1,4,8,12,20.78,29.78,66.84558866419417,37.065588664194166
plant,image,RandomForest,lodo_target_day,trial1,4,12,16,29.78,50.78,27.52152849832057,23.25847150167943
plant,image,RandomForest,lodo_target_day,trial1,4,16,20,50.78,91.78,84.862450886736,6.917549113264002
plant,image,RandomForest,lodo_target_day,trial1,4,20,24,91.78,140.78,140.3870141444203,0.39298585557969545
plant,image,RandomForest,lodo_target_day,trial1,4,24,28,140.78,220.78,133.84666829004323,86.93333170995678
plant,image,RandomForest,lodo_target_day,trial1,5,0,4,4.98,13.28,48.854181481826565,35.574181481826564
plant,image,RandomForest,lodo_target_day,trial1,5,4,8,13.28,19.880000000000003,20.435263057301366,0.5552630573013637
plant,image,RandomForest,lodo_target_day,trial1,5,8,12,19.880000000000003,25.78,66.57570140929221,40.79570140929221
plant,image,RandomForest,lodo_target_day,trial1,5,12,16,25.78,36.78,23.857227295030395,12.922772704969606
plant,image,RandomForest,lodo_target_day,trial1,5,16,20,36.78,65.78,50.97948657049651,14.80051342950349
plant,image,RandomForest,lodo_target_day,trial1,5,20,24,65.78,123.78,75.11836570829773,48.66163429170227
plant,image,RandomForest,lodo_target_day,trial1,5,24,28,123.78,185.78,130.8626305916305,54.917369408369495
plant,image,RandomForest,lodo_target_day,trial1,6,0,4,3.8800000000000026,7.880000000000003,48.854181481826565,40.97418148182656
plant,image,RandomForest,lodo_target_day,trial1,6,4,8,7.880000000000003,17.330000000000002,20.069216995030303,2.7392169950303007
plant,image,RandomForest,lodo_target_day,trial1,6,8,12,17.330000000000002,21.78,63.977545816611325,42.197545816611324
plant,image,RandomForest,lodo_target_day,trial1,6,12,16,21.78,35.78,30.855384713837083,4.924615286162918
plant,image,RandomForest,lodo_target_day,trial1,6,16,20,35.78,69.78,50.97948657049651,18.80051342950349
plant,image,RandomForest,lodo_target_day,trial1,6,20,24,69.78,125.78,77.90468389011592,47.87531610988408
plant,image,RandomForest,lodo_target_day,trial1,6,24,28,125.78,195.78,131.25713059163053,64.52286940836947
plant,image,RandomForest,lodo_target_day,trial1,7,0,4,5.18,13.980000000000004,48.854181481826565,34.87418148182656
plant,image,RandomForest,lodo_target_day,trial1,7,4,8,13.980000000000004,20.980000000000004,20.342429723968035,0.637570276031969
plant,image,RandomForest,lodo_target_day,trial1,7,8,12,20.980000000000004,26.78,66.95558866419418,40.17558866419418
plant,image,RandomForest,lodo_target_day,trial1,7,12,16,26.78,40.78,23.79833562836373,16.98166437163627
plant,image,RandomForest,lodo_target_day,trial1,7,16,20,40.78,76.78,51.29103418954414,25.48896581045586
plant,image,RandomForest,lodo_target_day,trial1,7,20,24,76.78,135.78,86.47531583456038,49.304684165439625
plant,image,RandomForest,lodo_target_day,trial1,7,24,28,135.78,218.78,133.09246590909086,85.68753409090914
plant,image,RandomForest,lodo_target_day,trial1,8,0,4,4.580000000000002,11.28,48.854181481826565,37.574181481826564
plant,image,RandomForest,lodo_target_day,trial1,8,4,8,11.28,18.380000000000003,20.142011866825175,1.7620118668251727
plant,image,RandomForest,lodo_target_day,trial1,8,8,12,18.380000000000003,26.78,65.59469829470241,38.81469829470241
plant,image,RandomForest,lodo_target_day,trial1,8,12,16,26.78,42.78,23.857227295030395,18.922772704969606
plant,image,RandomForest,lodo_target_day,trial1,8,16,20,42.78,78.78,51.29103418954414,27.48896581045586
plant,image,RandomForest,lodo_target_day,trial1,8,20,24,78.78,137.78,86.62831583456037,51.15168416543963
plant,image,RandomForest,lodo_target_day,trial1,8,24,28,137.78,214.78,132.7185492424242,82.06145075757581
plant,image,RandomForest,lodo_target_day,trial1,9,0,4,4.380000000000003,11.68,48.854181481826565,37.174181481826565
plant,image,RandomForest,lodo_target_day,trial1,9,4,8,11.68,21.58,20.225970200158507,1.3540297998414914
plant,image,RandomForest,lodo_target_day,trial1,9,8,12,21.58,27.78,67.48860493263162,39.708604932631616
plant,image,RandomForest,lodo_target_day,trial1,9,12,16,27.78,41.78,23.79833562836373,17.98166437163627
plant,image,RandomForest,lodo_target_day,trial1,9,16,20,41.78,83.78,51.29103418954414,32.48896581045586
plant,image,RandomForest,lodo_target_day,trial1,9,20,24,83.78,152.78,95.84252495305624,56.93747504694376
plant,image,RandomForest,lodo_target_day,trial1,9,24,28,152.78,222.78,133.23853192640684,89.54146807359317
plant,image,RandomForest,lodo_target_day,trial1,10,0,4,5.880000000000003,14.68,48.854181481826565,34.174181481826565
plant,image,RandomForest,lodo_target_day,trial1,10,12,16,29.78,44.78,27.56658625257611,17.213413747423893
plant,image,RandomForest,lodo_target_day,trial1,10,16,20,44.78,82.78,57.1203206974807,25.6596793025193
plant,image,RandomForest,lodo_target_day,trial1,10,20,24,82.78,141.78,89.51787427611875,52.262125723881255
plant,image,RandomForest,lodo_target_day,trial1,10,24,28,141.78,220.78,133.30350162337655,87.47649837662345
plant,image,GradBoost,lodo_target_day,trial1,1,0,4,4.48,12.880000000000004,26.65420911539054,13.774209115390535
plant,image,GradBoost,lodo_target_day,trial1,1,4,8,12.880000000000004,19.08,21.67577529756253,2.5957752975625326
plant,image,GradBoost,lodo_target_day,trial1,1,8,12,19.08,26.78,43.726899048890125,16.946899048890124
plant,image,GradBoost,lodo_target_day,trial1,1,12,16,26.78,40.78,32.030832135759134,8.749167864240867
plant,image,GradBoost,lodo_target_day,trial1,1,16,20,40.78,78.78,90.52967351601843,11.749673516018433
plant,image,GradBoost,lodo_target_day,trial1,1,20,24,78.78,135.78,121.50756616919183,14.272433830808168
plant,image,GradBoost,lodo_target_day,trial1,1,24,28,135.78,213.78,148.2138834128093,65.56611658719069
plant,image,GradBoost,lodo_target_day,trial1,2,0,4,4.880000000000003,11.079999999999998,26.65420911539054,15.574209115390541
plant,image,GradBoost,lodo_target_day,trial1,2,4,8,11.079999999999998,18.18,19.686419258992547,1.5064192589925476
plant,image,GradBoost,lodo_target_day,trial1,2,8,12,18.18,27.78,44.21079186135709,16.430791861357086
plant,image,GradBoost,lodo_target_day,trial1,2,12,16,27.78,45.78,31.94690370784226,13.833096292157741
plant,image,GradBoost,lodo_target_day,trial1,2,16,20,45.78,89.78,90.52967351601843,0.7496735160184329
plant,image,GradBoost,lodo_target_day,trial1,2,20,24,89.78,153.78,152.68694516561317,1.0930548343868338
plant,image,GradBoost,lodo_target_day,trial1,2,24,28,153.78,217.78,149.15495769342397,68.62504230657603
plant,image,GradBoost,lodo_target_day,trial1,3,0,4,6.580000000000002,16.880000000000003,26.65420911539054,9.774209115390537
plant,image,GradBoost,lodo_target_day,trial1,3,4,8,16.880000000000003,23.980000000000004,21.59089502927128,2.3891049707287237
plant,image,GradBoost,lodo_target_day,trial1,3,8,12,23.980000000000004,32.78,49.302980484932895,16.522980484932894
plant,image,GradBoost,lodo_target_day,trial1,3,12,16,32.78,49.78,48.44791899292917,1.3320810070708333
plant,image,GradBoost,lodo_target_day,trial1,3,16,20,49.78,93.78,100.60347462305515,6.823474623055148
plant,image,GradBoost,lodo_target_day,trial1,3,20,24,93.78,157.78,180.34240755504038,22.56240755504038
plant,image,GradBoost,lodo_target_day,trial1,3,24,28,157.78,232.78,149.15495769342397,83.62504230657603
plant,image,GradBoost,lodo_target_day,trial1,4,0,4,4.080000000000002,13.980000000000004,26.65420911539054,12.674209115390536
plant,image,GradBoost,lodo_target_day,trial1,4,4,8,13.980000000000004,20.78,21.67577529756253,0.8957752975625297
plant,image,GradBoost,lodo_target_day,trial1,4,8,12,20.78,29.78,47.972485572327756,18.192485572327755
plant,image,GradBoost,lodo_target_day,trial1,4,12,16,29.78,50.78,31.94690370784226,18.83309629215774
plant,image,GradBoost,lodo_target_day,trial1,4,16,20,50.78,91.78,108.15482944305307,16.374829443053073
plant,image,GradBoost,lodo_target_day,trial1,4,20,24,91.78,140.78,180.34240755504038,39.56240755504038
plant,image,GradBoost,lodo_target_day,trial1,4,24,28,140.78,220.78,148.2305470543843,72.54945294561571
plant,image,GradBoost,lodo_target_day,trial1,5,0,4,4.98,13.28,26.65420911539054,13.37420911539054
plant,image,GradBoost,lodo_target_day,trial1,5,4,8,13.28,19.880000000000003,21.67577529756253,1.7957752975625283
plant,image,GradBoost,lodo_target_day,trial1,5,8,12,19.880000000000003,25.78,47.972485572327756,22.192485572327755
plant,image,GradBoost,lodo_target_day,trial1,5,12,16,25.78,36.78,32.030832135759134,4.749167864240867
plant,image,GradBoost,lodo_target_day,trial1,5,16,20,36.78,65.78,90.52967351601843,24.749673516018433
plant,image,GradBoost,lodo_target_day,trial1,5,20,24,65.78,123.78,99.99793528031374,23.78206471968626
plant,image,GradBoost,lodo_target_day,trial1,5,24,28,123.78,185.78,148.11726790567968,37.66273209432032
plant,image,GradBoost,lodo_target_day,trial1,6,0,4,3.8800000000000026,7.880000000000003,26.65420911539054,18.774209115390537
plant,image,GradBoost,lodo_target_day,trial1,6,4,8,7.880000000000003,17.330000000000002,19.88242419714866,2.5524241971486568
plant,image,GradBoost,lodo_target_day,trial1,6,8,12,17.330000000000002,21.78,44.59057240739059,22.810572407390588
plant,image,GradBoost,lodo_target_day,trial1,6,12,16,21.78,35.78,30.38718201167205,5.392817988327952
plant,image,GradBoost,lodo_target_day,trial1,6,16,20,35.78,69.78,89.31812634644757,19.53812634644757
plant,image,GradBoost,lodo_target_day,trial1,6,20,24,69.78,125.78,99.99793528031374,25.78206471968626
plant,image,GradBoost,lodo_target_day,trial1,6,24,28,125.78,195.78,148.0179590596683,47.7620409403317
plant,image,GradBoost,lodo_target_day,trial1,7,0,4,5.18,13.980000000000004,26.65420911539054,12.674209115390536
plant,image,GradBoost,lodo_target_day,trial1,7,4,8,13.980000000000004,20.980000000000004,21.67577529756253,0.6957752975625269
plant,image,GradBoost,lodo_target_day,trial1,7,8,12,20.980000000000004,26.78,47.963189873696855,21.183189873696854
plant,image,GradBoost,lodo_target_day,trial1,7,12,16,26.78,40.78,34.04752922929519,6.732470770704808
plant,image,GradBoost,lodo_target_day,trial1,7,16,20,40.78,76.78,90.52967351601843,13.749673516018433
plant,image,GradBoost,lodo_target_day,trial1,7,20,24,76.78,135.78,121.49470130185578,14.285298698144217
plant,image,GradBoost,lodo_target_day,trial1,7,24,28,135.78,218.78,148.0179590596683,70.7620409403317
plant,image,GradBoost,lodo_target_day,trial1,8,0,4,4.580000000000002,11.28,26.65420911539054,15.37420911539054
plant,image,GradBoost,lodo_target_day,trial1,8,4,8,11.28,18.380000000000003,19.686419258992547,1.3064192589925447
plant,image,GradBoost,lodo_target_day,trial1,8,8,12,18.380000000000003,26.78,44.28825110699134,17.508251106991338
plant,image,GradBoost,lodo_target_day,trial1,8,12,16,26.78,42.78,31.94690370784226,10.833096292157741
plant,image,GradBoost,lodo_target_day,trial1,8,16,20,42.78,78.78,90.52967351601843,11.749673516018433
plant,image,GradBoost,lodo_target_day,trial1,8,20,24,78.78,137.78,121.49795507140196,16.28204492859804
plant,image,GradBoost,lodo_target_day,trial1,8,24,28,137.78,214.78,148.2138834128093,66.56611658719069
plant,image,GradBoost,lodo_target_day,trial1,9,0,4,4.380000000000003,11.68,26.65420911539054,14.97420911539054
plant,image,GradBoost,lodo_target_day,trial1,9,4,8,11.68,21.58,20.392180557385636,1.1878194426143622
plant,image,GradBoost,lodo_target_day,trial1,9,8,12,21.58,27.78,48.69945514977628,20.919455149776276
plant,image,GradBoost,lodo_target_day,trial1,9,12,16,27.78,41.78,32.030832135759134,9.749167864240867
plant,image,GradBoost,lodo_target_day,trial1,9,16,20,41.78,83.78,90.2083458617794,6.428345861779405
plant,image,GradBoost,lodo_target_day,trial1,9,20,24,83.78,152.78,122.84401976538747,29.93598023461253
plant,image,GradBoost,lodo_target_day,trial1,9,24,28,152.78,222.78,149.15495769342397,73.62504230657603
plant,image,GradBoost,lodo_target_day,trial1,10,0,4,5.880000000000003,14.68,26.65420911539054,11.97420911539054
plant,image,GradBoost,lodo_target_day,trial1,10,12,16,29.78,44.78,31.846194260049142,12.93380573995086
plant,image,GradBoost,lodo_target_day,trial1,10,16,20,44.78,82.78,90.52967351601843,7.749673516018433
plant,image,GradBoost,lodo_target_day,trial1,10,20,24,82.78,141.78,123.26225173060972,18.51774826939028
plant,image,GradBoost,lodo_target_day,trial1,10,24,28,141.78,220.78,148.2138834128093,72.56611658719069
plant,image,XGBoost,lodo_target_day,trial1,1,0,4,4.48,12.880000000000004,25.181936264038086,12.301936264038082
plant,image,XGBoost,lodo_target_day,trial1,1,4,8,12.880000000000004,19.08,18.370771408081055,0.7092285919189436
plant,image,XGBoost,lodo_target_day,trial1,1,8,12,19.08,26.78,23.648969650268555,3.1310303497314464
plant,image,XGBoost,lodo_target_day,trial1,1,12,16,26.78,40.78,31.138704299926758,9.641295700073243
plant,image,XGBoost,lodo_target_day,trial1,1,16,20,40.78,78.78,50.79613494873047,27.983865051269532
plant,image,XGBoost,lodo_target_day,trial1,1,20,24,78.78,135.78,93.52717590332031,42.25282409667969
plant,image,XGBoost,lodo_target_day,trial1,1,24,28,135.78,213.78,153.2158203125,60.5641796875
plant,image,XGBoost,lodo_target_day,trial1,2,0,4,4.880000000000003,11.079999999999998,25.181936264038086,14.101936264038088
plant,image,XGBoost,lodo_target_day,trial1,2,4,8,11.079999999999998,18.18,18.2756290435791,0.09562904357910185
plant,image,XGBoost,lodo_target_day,trial1,2,8,12,18.18,27.78,23.57358169555664,4.2064183044433605
plant,image,XGBoost,lodo_target_day,trial1,2,12,16,27.78,45.78,31.138704299926758,14.641295700073243
plant,image,XGBoost,lodo_target_day,trial1,2,16,20,45.78,89.78,50.79613494873047,38.98386505126953
plant,image,XGBoost,lodo_target_day,trial1,2,20,24,89.78,153.78,93.52717590332031,60.25282409667969
plant,image,XGBoost,lodo_target_day,trial1,2,24,28,153.78,217.78,152.9261016845703,64.85389831542969
plant,image,XGBoost,lodo_target_day,trial1,3,0,4,6.580000000000002,16.880000000000003,25.181936264038086,8.301936264038083
plant,image,XGBoost,lodo_target_day,trial1,3,4,8,16.880000000000003,23.980000000000004,18.1837158203125,5.796284179687504
plant,image,XGBoost,lodo_target_day,trial1,3,8,12,23.980000000000004,32.78,32.549007415771484,0.23099258422851676
plant,image,XGBoost,lodo_target_day,trial1,3,12,16,32.78,49.78,31.516902923583984,18.263097076416017
plant,image,XGBoost,lodo_target_day,trial1,3,16,20,49.78,93.78,50.79613494873047,42.98386505126953
plant,image,XGBoost,lodo_target_day,trial1,3,20,24,93.78,157.78,93.52717590332031,64.25282409667969
plant,image,XGBoost,lodo_target_day,trial1,3,24,28,157.78,232.78,152.9261016845703,79.85389831542969
plant,image,XGBoost,lodo_target_day,trial1,4,0,4,4.080000000000002,13.980000000000004,25.181936264038086,11.201936264038082
plant,image,XGBoost,lodo_target_day,trial1,4,4,8,13.980000000000004,20.78,18.1837158203125,2.596284179687501
plant,image,XGBoost,lodo_target_day,trial1,4,8,12,20.78,29.78,23.57358169555664,6.2064183044433605
plant,image,XGBoost,lodo_target_day,trial1,4,12,16,29.78,50.78,31.29384994506836,19.48615005493164
plant,image,XGBoost,lodo_target_day,trial1,4,16,20,50.78,91.78,50.79613494873047,40.98386505126953
plant,image,XGBoost,lodo_target_day,trial1,4,20,24,91.78,140.78,93.52717590332031,47.25282409667969
plant,image,XGBoost,lodo_target_day,trial1,4,24,28,140.78,220.78,153.2158203125,67.5641796875
plant,image,XGBoost,lodo_target_day,trial1,5,0,4,4.98,13.28,25.181936264038086,11.901936264038087
plant,image,XGBoost,lodo_target_day,trial1,5,4,8,13.28,19.880000000000003,18.370771408081055,1.5092285919189479
plant,image,XGBoost,lodo_target_day,trial1,5,8,12,19.880000000000003,25.78,23.57358169555664,2.2064183044433605
plant,image,XGBoost,lodo_target_day,trial1,5,12,16,25.78,36.78,31.138704299926758,5.641295700073243
plant,image,XGBoost,lodo_target_day,trial1,5,16,20,36.78,65.78,50.79613494873047,14.983865051269532
plant,image,XGBoost,lodo_target_day,trial1,5,20,24,65.78,123.78,93.52717590332031,30.25282409667969
plant,image,XGBoost,lodo_target_day,trial1,5,24,28,123.78,185.78,153.06808471679688,32.711915283203126
plant,image,XGBoost,lodo_target_day,trial1,6,0,4,3.8800000000000026,7.880000000000003,25.181936264038086,17.301936264038083
plant,image,XGBoost,lodo_target_day,trial1,6,4,8,7.880000000000003,17.330000000000002,18.204557418823242,0.8745574188232403
plant,image,XGBoost,lodo_target_day,trial1,6,8,12,17.330000000000002,21.78,23.642610549926758,1.8626105499267567
plant,image,XGBoost,lodo_target_day,trial1,6,12,16,21.78,35.78,28.929004669189453,6.850995330810548
plant,image,XGBoost,lodo_target_day,trial1,6,16,20,35.78,69.78,50.79613494873047,18.983865051269532
plant,image,XGBoost,lodo_target_day,trial1,6,20,24,69.78,125.78,93.52717590332031,32.25282409667969
plant,image,XGBoost,lodo_target_day,trial1,6,24,28,125.78,195.78,153.06808471679688,42.711915283203126
plant,image,XGBoost,lodo_target_day,trial1,7,0,4,5.18,13.980000000000004,25.181936264038086,11.201936264038082
plant,image,XGBoost,lodo_target_day,trial1,7,4,8,13.980000000000004,20.980000000000004,18.370771408081055,2.6092285919189493
plant,image,XGBoost,lodo_target_day,trial1,7,8,12,20.980000000000004,26.78,23.648969650268555,3.1310303497314464
plant,image,XGBoost,lodo_target_day,trial1,7,12,16,26.78,40.78,31.348535537719727,9.431464462280275
plant,image,XGBoost,lodo_target_day,trial1,7,16,20,40.78,76.78,50.883548736572266,25.896451263427736
plant,image,XGBoost,lodo_target_day,trial1,7,20,24,76.78,135.78,93.470947265625,42.309052734375
plant,image,XGBoost,lodo_target_day,trial1,7,24,28,135.78,218.78,153.2158203125,65.5641796875
plant,image,XGBoost,lodo_target_day,trial1,8,0,4,4.580000000000002,11.28,25.181936264038086,13.901936264038087
plant,image,XGBoost,lodo_target_day,trial1,8,4,8,11.28,18.380000000000003,18.2756290435791,0.104370956420901
plant,image,XGBoost,lodo_target_day,trial1,8,8,12,18.380000000000003,26.78,23.648969650268555,3.1310303497314464
plant,image,XGBoost,lodo_target_day,trial1,8,12,16,26.78,42.78,31.138704299926758,11.641295700073243
plant,image,XGBoost,lodo_target_day,trial1,8,16,20,42.78,78.78,50.79613494873047,27.983865051269532
plant,image,XGBoost,lodo_target_day,trial1,8,20,24,78.78,137.78,93.470947265625,44.309052734375
plant,image,XGBoost,lodo_target_day,trial1,8,24,28,137.78,214.78,153.2158203125,61.5641796875
plant,image,XGBoost,lodo_target_day,trial1,9,0,4,4.380000000000003,11.68,25.181936264038086,13.501936264038086
plant,image,XGBoost,lodo_target_day,trial1,9,4,8,11.68,21.58,18.370771408081055,3.2092285919189436
plant,image,XGBoost,lodo_target_day,trial1,9,8,12,21.58,27.78,23.717998504638672,4.062001495361329
plant,image,XGBoost,lodo_target_day,trial1,9,12,16,27.78,41.78,31.138704299926758,10.641295700073243
plant,image,XGBoost,lodo_target_day,trial1,9,16,20,41.78,83.78,50.7455940246582,33.0344059753418
plant,image,XGBoost,lodo_target_day,trial1,9,20,24,83.78,152.78,93.470947265625,59.309052734375
plant,image,XGBoost,lodo_target_day,trial1,9,24,28,152.78,222.78,152.9261016845703,69.85389831542969
plant,image,XGBoost,lodo_target_day,trial1,10,0,4,5.880000000000003,14.68,25.181936264038086,10.501936264038086
plant,image,XGBoost,lodo_target_day,trial1,10,12,16,29.78,44.78,31.358352661132812,13.421647338867189
plant,image,XGBoost,lodo_target_day,trial1,10,16,20,44.78,82.78,50.79613494873047,31.983865051269532
plant,image,XGBoost,lodo_target_day,trial1,10,20,24,82.78,141.78,93.470947265625,48.309052734375
plant,image,XGBoost,lodo_target_day,trial1,10,24,28,141.78,220.78,153.2158203125,67.5641796875
plant,sensors,Persist,loo_plant,trial1,1,0,4,4.48,12.880000000000004,4.48,8.400000000000004
plant,sensors,Persist,loo_plant,trial1,1,4,8,12.880000000000004,19.08,12.880000000000004,6.199999999999994
plant,sensors,Persist,loo_plant,trial1,1,8,12,19.08,26.78,19.08,7.700000000000003
plant,sensors,Persist,loo_plant,trial1,1,12,16,26.78,40.78,26.78,14.0
plant,sensors,Persist,loo_plant,trial1,1,16,20,40.78,78.78,40.78,38.0
plant,sensors,Persist,loo_plant,trial1,1,20,24,78.78,135.78,78.78,57.0
plant,sensors,Persist,loo_plant,trial1,1,24,28,135.78,213.78,135.78,78.0
plant,sensors,Persist,loo_plant,trial1,2,0,4,4.880000000000003,11.079999999999998,4.880000000000003,6.199999999999996
plant,sensors,Persist,loo_plant,trial1,2,4,8,11.079999999999998,18.18,11.079999999999998,7.100000000000001
plant,sensors,Persist,loo_plant,trial1,2,8,12,18.18,27.78,18.18,9.600000000000001
plant,sensors,Persist,loo_plant,trial1,2,12,16,27.78,45.78,27.78,18.0
plant,sensors,Persist,loo_plant,trial1,2,16,20,45.78,89.78,45.78,44.0
plant,sensors,Persist,loo_plant,trial1,2,20,24,89.78,153.78,89.78,64.0
plant,sensors,Persist,loo_plant,trial1,2,24,28,153.78,217.78,153.78,64.0
plant,sensors,Persist,loo_plant,trial1,3,0,4,6.580000000000002,16.880000000000003,6.580000000000002,10.3
plant,sensors,Persist,loo_plant,trial1,3,4,8,16.880000000000003,23.980000000000004,16.880000000000003,7.100000000000001
plant,sensors,Persist,loo_plant,trial1,3,8,12,23.980000000000004,32.78,23.980000000000004,8.799999999999997
plant,sensors,Persist,loo_plant,trial1,3,12,16,32.78,49.78,32.78,17.0
plant,sensors,Persist,loo_plant,trial1,3,16,20,49.78,93.78,49.78,44.0
plant,sensors,Persist,loo_plant,trial1,3,20,24,93.78,157.78,93.78,64.0
plant,sensors,Persist,loo_plant,trial1,3,24,28,157.78,232.78,157.78,75.0
plant,sensors,Persist,loo_plant,trial1,4,0,4,4.080000000000002,13.980000000000004,4.080000000000002,9.900000000000002
plant,sensors,Persist,loo_plant,trial1,4,4,8,13.980000000000004,20.78,13.980000000000004,6.799999999999997
plant,sensors,Persist,loo_plant,trial1,4,8,12,20.78,29.78,20.78,9.0
plant,sensors,Persist,loo_plant,trial1,4,12,16,29.78,50.78,29.78,21.0
plant,sensors,Persist,loo_plant,trial1,4,16,20,50.78,91.78,50.78,41.0
plant,sensors,Persist,loo_plant,trial1,4,20,24,91.78,140.78,91.78,49.0
plant,sensors,Persist,loo_plant,trial1,4,24,28,140.78,220.78,140.78,80.0
plant,sensors,Persist,loo_plant,trial1,5,0,4,4.98,13.28,4.98,8.299999999999999
plant,sensors,Persist,loo_plant,trial1,5,4,8,13.28,19.880000000000003,13.28,6.600000000000003
plant,sensors,Persist,loo_plant,trial1,5,8,12,19.880000000000003,25.78,19.880000000000003,5.899999999999999
plant,sensors,Persist,loo_plant,trial1,5,12,16,25.78,36.78,25.78,11.0
plant,sensors,Persist,loo_plant,trial1,5,16,20,36.78,65.78,36.78,29.0
plant,sensors,Persist,loo_plant,trial1,5,20,24,65.78,123.78,65.78,58.0
plant,sensors,Persist,loo_plant,trial1,5,24,28,123.78,185.78,123.78,62.0
plant,sensors,Persist,loo_plant,trial1,6,0,4,3.8800000000000026,7.880000000000003,3.8800000000000026,4.0
plant,sensors,Persist,loo_plant,trial1,6,4,8,7.880000000000003,17.330000000000002,7.880000000000003,9.45
plant,sensors,Persist,loo_plant,trial1,6,8,12,17.330000000000002,21.78,17.330000000000002,4.449999999999999
plant,sensors,Persist,loo_plant,trial1,6,12,16,21.78,35.78,21.78,14.0
plant,sensors,Persist,loo_plant,trial1,6,16,20,35.78,69.78,35.78,34.0
plant,sensors,Persist,loo_plant,trial1,6,20,24,69.78,125.78,69.78,56.0
plant,sensors,Persist,loo_plant,trial1,6,24,28,125.78,195.78,125.78,70.0
plant,sensors,Persist,loo_plant,trial1,7,0,4,5.18,13.980000000000004,5.18,8.800000000000004
plant,sensors,Persist,loo_plant,trial1,7,4,8,13.980000000000004,20.980000000000004,13.980000000000004,7.0
plant,sensors,Persist,loo_plant,trial1,7,8,12,20.980000000000004,26.78,20.980000000000004,5.799999999999997
plant,sensors,Persist,loo_plant,trial1,7,12,16,26.78,40.78,26.78,14.0
plant,sensors,Persist,loo_plant,trial1,7,16,20,40.78,76.78,40.78,36.0
plant,sensors,Persist,loo_plant,trial1,7,20,24,76.78,135.78,76.78,59.0
plant,sensors,Persist,loo_plant,trial1,7,24,28,135.78,218.78,135.78,83.0
plant,sensors,Persist,loo_plant,trial1,8,0,4,4.580000000000002,11.28,4.580000000000002,6.6999999999999975
plant,sensors,Persist,loo_plant,trial1,8,4,8,11.28,18.380000000000003,11.28,7.100000000000003
plant,sensors,Persist,loo_plant,trial1,8,8,12,18.380000000000003,26.78,18.380000000000003,8.399999999999999
plant,sensors,Persist,loo_plant,trial1,8,12,16,26.78,42.78,26.78,16.0
plant,sensors,Persist,loo_plant,trial1,8,16,20,42.78,78.78,42.78,36.0
plant,sensors,Persist,loo_plant,trial1,8,20,24,78.78,137.78,78.78,59.0
plant,sensors,Persist,loo_plant,trial1,8,24,28,137.78,214.78,137.78,77.0
plant,sensors,Persist,loo_plant,trial1,9,0,4,4.380000000000003,11.68,4.380000000000003,7.299999999999997
plant,sensors,Persist,loo_plant,trial1,9,4,8,11.68,21.58,11.68,9.899999999999999
plant,sensors,Persist,loo_plant,trial1,9,8,12,21.58,27.78,21.58,6.200000000000003
plant,sensors,Persist,loo_plant,trial1,9,12,16,27.78,41.78,27.78,14.0
plant,sensors,Persist,loo_plant,trial1,9,16,20,41.78,83.78,41.78,42.0
plant,sensors,Persist,loo_plant,trial1,9,20,24,83.78,152.78,83.78,69.0
plant,sensors,Persist,loo_plant,trial1,9,24,28,152.78,222.78,152.78,70.0
plant,sensors,Persist,loo_plant,trial1,10,0,4,5.880000000000003,14.68,5.880000000000003,8.799999999999997
plant,sensors,Persist,loo_plant,trial1,10,12,16,29.78,44.78,29.78,15.0
plant,sensors,Persist,loo_plant,trial1,10,16,20,44.78,82.78,44.78,38.0
plant,sensors,Persist,loo_plant,trial1,10,20,24,82.78,141.78,82.78,59.0
plant,sensors,Persist,loo_plant,trial1,10,24,28,141.78,220.78,141.78,79.0
plant,sensors,GrowMean,loo_plant,trial1,1,0,4,4.48,12.880000000000004,35.14393442622951,22.263934426229504
plant,sensors,GrowMean,loo_plant,trial1,1,4,8,12.880000000000004,19.08,43.54393442622951,24.463934426229514
plant,sensors,GrowMean,loo_plant,trial1,1,8,12,19.08,26.78,49.74393442622951,22.963934426229507
plant,sensors,GrowMean,loo_plant,trial1,1,12,16,26.78,40.78,57.44393442622951,16.66393442622951
plant,sensors,GrowMean,loo_plant,trial1,1,16,20,40.78,78.78,71.4439344262295,7.336065573770497
plant,sensors,GrowMean,loo_plant,trial1,1,20,24,78.78,135.78,109.4439344262295,26.336065573770497
plant,sensors,GrowMean,loo_plant,trial1,1,24,28,135.78,213.78,166.4439344262295,47.3360655737705
plant,sensors,GrowMean,loo_plant,trial1,2,0,4,4.880000000000003,11.079999999999998,35.484918032786894,24.404918032786895
plant,sensors,GrowMean,loo_plant,trial1,2,4,8,11.079999999999998,18.18,41.68491803278688,23.504918032786883
plant,sensors,GrowMean,loo_plant,trial1,2,8,12,18.18,27.78,48.78491803278689,21.00491803278689
plant,sensors,GrowMean,loo_plant,trial1,2,12,16,27.78,45.78,58.384918032786885,12.604918032786884
plant,sensors,GrowMean,loo_plant,trial1,2,16,20,45.78,89.78,76.38491803278689,13.395081967213116
plant,sensors,GrowMean,loo_plant,trial1,2,20,24,89.78,153.78,120.38491803278689,33.395081967213116
plant,sensors,GrowMean,loo_plant,trial1,2,24,28,153.78,217.78,184.38491803278689,33.395081967213116
plant,sensors,GrowMean,loo_plant,trial1,3,0,4,6.580000000000002,16.880000000000003,36.96688524590164,20.08688524590164
plant,sensors,GrowMean,loo_plant,trial1,3,4,8,16.880000000000003,23.980000000000004,47.26688524590165,23.286885245901644
plant,sensors,GrowMean,loo_plant,trial1,3,8,12,23.980000000000004,32.78,54.36688524590164,21.58688524590164
plant,sensors,GrowMean,loo_plant,trial1,3,12,16,32.78,49.78,63.16688524590164,13.386885245901638
plant,sensors,GrowMean,loo_plant,trial1,3,16,20,49.78,93.78,80.16688524590164,13.613114754098362
plant,sensors,GrowMean,loo_plant,trial1,3,20,24,93.78,157.78,124.16688524590164,33.61311475409836
plant,sensors,GrowMean,loo_plant,trial1,3,24,28,157.78,232.78,188.16688524590165,44.61311475409835
plant,sensors,GrowMean,loo_plant,trial1,4,0,4,4.080000000000002,13.980000000000004,34.622622950819675,20.64262295081967
plant,sensors,GrowMean,loo_plant,trial1,4,4,8,13.980000000000004,20.78,44.522622950819674,23.742622950819673
plant,sensors,GrowMean,loo_plant,trial1,4,8,12,20.78,29.78,51.32262295081967,21.54262295081967
plant,sensors,GrowMean,loo_plant,trial1,4,12,16,29.78,50.78,60.32262295081967,9.54262295081967
plant,sensors,GrowMean,loo_plant,trial1,4,16,20,50.78,91.78,81.32262295081966,10.457377049180337
plant,sensors,GrowMean,loo_plant,trial1,4,20,24,91.78,140.78,122.32262295081966,18.457377049180337
plant,sensors,GrowMean,loo_plant,trial1,4,24,28,140.78,220.78,171.32262295081966,49.45737704918034
plant,sensors,GrowMean,loo_plant,trial1,5,0,4,4.98,13.28,36.1111475409836,22.8311475409836
plant,sensors,GrowMean,loo_plant,trial1,5,4,8,13.28,19.880000000000003,44.4111475409836,24.531147540983596
plant,sensors,GrowMean,loo_plant,trial1,5,8,12,19.880000000000003,25.78,51.0111475409836,25.2311475409836
plant,sensors,GrowMean,loo_plant,trial1,5,12,16,25.78,36.78,56.911147540983606,20.131147540983605
plant,sensors,GrowMean,loo_plant,trial1,5,16,20,36.78,65.78,67.9111475409836,2.131147540983605
plant,sensors,GrowMean,loo_plant,trial1,5,20,24,65.78,123.78,96.9111475409836,26.868852459016395
plant,sensors,GrowMean,loo_plant,trial1,5,24,28,123.78,185.78,154.9111475409836,30.86885245901641
plant,sensors,GrowMean,loo_plant,trial1,6,0,4,3.8800000000000026,7.880000000000003,34.829180327868855,26.949180327868852
plant,sensors,GrowMean,loo_plant,trial1,6,4,8,7.880000000000003,17.330000000000002,38.829180327868855,21.499180327868853
plant,sensors,GrowMean,loo_plant,trial1,6,8,12,17.330000000000002,21.78,48.27918032786885,26.49918032786885
plant,sensors,GrowMean,loo_plant,trial1,6,12,16,21.78,35.78,52.729180327868846,16.949180327868845
plant,sensors,GrowMean,loo_plant,trial1,6,16,20,35.78,69.78,66.72918032786885,3.050819672131155
plant,sensors,GrowMean,loo_plant,trial1,6,20,24,69.78,125.78,100.72918032786885,25.050819672131155
plant,sensors,GrowMean,loo_plant,trial1,6,24,28,125.78,195.78,156.72918032786885,39.050819672131155
plant,sensors,GrowMean,loo_plant,trial1,7,0,4,5.18,13.980000000000004,35.773442622950824,21.79344262295082
plant,sensors,GrowMean,loo_plant,trial1,7,4,8,13.980000000000004,20.980000000000004,44.57344262295082,23.593442622950818
plant,sensors,GrowMean,loo_plant,trial1,7,8,12,20.980000000000004,26.78,51.57344262295082,24.79344262295082
plant,sensors,GrowMean,loo_plant,trial1,7,12,16,26.78,40.78,57.37344262295082,16.593442622950818
plant,sensors,GrowMean,loo_plant,trial1,7,16,20,40.78,76.78,71.37344262295082,5.406557377049182
plant,sensors,GrowMean,loo_plant,trial1,7,20,24,76.78,135.78,107.37344262295082,28.406557377049182
plant,sensors,GrowMean,loo_plant,trial1,7,24,28,135.78,218.78,166.37344262295082,52.40655737704918
plant,sensors,GrowMean,loo_plant,trial1,8,0,4,4.580000000000002,11.28,35.22918032786885,23.949180327868852
plant,sensors,GrowMean,loo_plant,trial1,8,4,8,11.28,18.380000000000003,41.92918032786885,23.549180327868847
plant,sensors,GrowMean,loo_plant,trial1,8,8,12,18.380000000000003,26.78,49.02918032786886,22.249180327868856
plant,sensors,GrowMean,loo_plant,trial1,8,12,16,26.78,42.78,57.42918032786885,14.649180327868848
plant,sensors,GrowMean,loo_plant,trial1,8,16,20,42.78,78.78,73.42918032786885,5.350819672131152
plant,sensors,GrowMean,loo_plant,trial1,8,20,24,78.78,137.78,109.42918032786885,28.350819672131152
plant,sensors,GrowMean,loo_plant,trial1,8,24,28,137.78,214.78,168.42918032786886,46.35081967213114
plant,sensors,GrowMean,loo_plant,trial1,9,0,4,4.380000000000003,11.68,34.89475409836066,23.214754098360658
plant,sensors,GrowMean,loo_plant,trial1,9,4,8,11.68,21.58,42.194754098360654,20.614754098360656
plant,sensors,GrowMean,loo_plant,trial1,9,8,12,21.58,27.78,52.09475409836065,24.314754098360652
plant,sensors,GrowMean,loo_plant,trial1,9,12,16,27.78,41.78,58.294754098360656,16.514754098360655
plant,sensors,GrowMean,loo_plant,trial1,9,16,20,41.78,83.78,72.29475409836066,11.485245901639345
plant,sensors,GrowMean,loo_plant,trial1,9,20,24,83.78,152.78,114.29475409836066,38.485245901639345
plant,sensors,GrowMean,loo_plant,trial1,9,24,28,152.78,222.78,183.29475409836067,39.48524590163933
plant,sensors,GrowMean,loo_plant,trial1,10,0,4,5.880000000000003,14.68,35.721269841269844,21.041269841269845
plant,sensors,GrowMean,loo_plant,trial1,10,12,16,29.78,44.78,59.62126984126984,14.841269841269842
plant,sensors,GrowMean,loo_plant,trial1,10,16,20,44.78,82.78,74.62126984126985,8.158730158730151
plant,sensors,GrowMean,loo_plant,trial1,10,20,24,82.78,141.78,112.62126984126985,29.15873015873015
plant,sensors,GrowMean,loo_plant,trial1,10,24,28,141.78,220.78,171.62126984126985,49.15873015873015
plant,sensors,Ridge,loo_plant,trial1,1,0,4,4.48,12.880000000000004,18.325452044289406,5.445452044289402
plant,sensors,Ridge,loo_plant,trial1,1,4,8,12.880000000000004,19.08,15.330503397525732,3.7494966024742666
plant,sensors,Ridge,loo_plant,trial1,1,8,12,19.08,26.78,29.721744935124306,2.941744935124305
plant,sensors,Ridge,loo_plant,trial1,1,12,16,26.78,40.78,45.17030753160419,4.390307531604186
plant,sensors,Ridge,loo_plant,trial1,1,16,20,40.78,78.78,77.31495733322186,1.465042666778146
plant,sensors,Ridge,loo_plant,trial1,1,20,24,78.78,135.78,138.04733348911972,2.2673334891197214
plant,sensors,Ridge,loo_plant,trial1,1,24,28,135.78,213.78,205.29546659260234,8.484533407397663
plant,sensors,Ridge,loo_plant,trial1,2,0,4,4.880000000000003,11.079999999999998,18.705942335902527,7.625942335902529
plant,sensors,Ridge,loo_plant,trial1,2,4,8,11.079999999999998,18.18,13.317619355865347,4.862380644134653
plant,sensors,Ridge,loo_plant,trial1,2,8,12,18.18,27.78,28.922643412134533,1.1426434121345324
plant,sensors,Ridge,loo_plant,trial1,2,12,16,27.78,45.78,45.90134154852678,0.12134154852677881
plant,sensors,Ridge,loo_plant,trial1,2,16,20,45.78,89.78,81.24614166407399,8.533858335926013
plant,sensors,Ridge,loo_plant,trial1,2,20,24,89.78,153.78,146.88848329497358,6.891516705026419
plant,sensors,Ridge,loo_plant,trial1,2,24,28,153.78,217.78,221.92818853964138,4.148188539641382
plant,sensors,Ridge,loo_plant,trial1,3,0,4,6.580000000000002,16.880000000000003,18.590688392105186,1.7106883921051832
plant,sensors,Ridge,loo_plant,trial1,3,4,8,16.880000000000003,23.980000000000004,17.81124315194566,6.168756848054343
plant,sensors,Ridge,loo_plant,trial1,3,8,12,23.980000000000004,32.78,32.73295620868963,0.047043791310372285
plant,sensors,Ridge,loo_plant,trial1,3,12,16,32.78,49.78,48.90203485057928,0.8779651494207243
plant,sensors,Ridge,loo_plant,trial1,3,16,20,49.78,93.78,83.1601936264075,10.619806373592496
plant,sensors,Ridge,loo_plant,trial1,3,20,24,93.78,157.78,148.19467693955602,9.585323060443983
plant,sensors,Ridge,loo_plant,trial1,3,24,28,157.78,232.78,221.3145127653356,11.465487234664408
plant,sensors,Ridge,loo_plant,trial1,4,0,4,4.080000000000002,13.980000000000004,18.045705285521052,4.065705285521048
plant,sensors,Ridge,loo_plant,trial1,4,4,8,13.980000000000004,20.78,16.346371079967454,4.433628920032547
plant,sensors,Ridge,loo_plant,trial1,4,8,12,20.78,29.78,30.97081046623233,1.1908104662323282
plant,sensors,Ridge,loo_plant,trial1,4,12,16,29.78,50.78,46.97048279545353,3.8095172045464736
plant,sensors,Ridge,loo_plant,trial1,4,16,20,50.78,91.78,86.22210310219002,5.557896897809982
plant,sensors,Ridge,loo_plant,trial1,4,20,24,91.78,140.78,149.39091715850827,8.610917158508272
plant,sensors,Ridge,loo_plant,trial1,4,24,28,140.78,220.78,207.08300216779233,13.696997832207671
plant,sensors,Ridge,loo_plant,trial1,5,0,4,4.98,13.28,18.68443588575937,5.404435885759371
plant,sensors,Ridge,loo_plant,trial1,5,4,8,13.28,19.880000000000003,15.400873944598857,4.479126055401146
plant,sensors,Ridge,loo_plant,trial1,5,8,12,19.880000000000003,25.78,30.44659152779598,4.66659152779598
plant,sensors,Ridge,loo_plant,trial1,5,12,16,25.78,36.78,44.804758058127035,8.024758058127034
plant,sensors,Ridge,loo_plant,trial1,5,16,20,36.78,65.78,75.33602755547018,9.55602755547018
plant,sensors,Ridge,loo_plant,trial1,5,20,24,65.78,123.78,128.7714067880965,4.991406788096498
plant,sensors,Ridge,loo_plant,trial1,5,24,28,123.78,185.78,200.9126196299309,15.1326196299309
plant,sensors,Ridge,loo_plant,trial1,6,0,4,3.8800000000000026,7.880000000000003,18.678405375159024,10.798405375159021
plant,sensors,Ridge,loo_plant,trial1,6,4,8,7.880000000000003,17.330000000000002,10.813408144801471,6.516591855198531
plant,sensors,Ridge,loo_plant,trial1,6,8,12,17.330000000000002,21.78,29.5597005714515,7.7797005714514995
plant,sensors,Ridge,loo_plant,trial1,6,12,16,21.78,35.78,41.21731025554131,5.4373102555413055
plant,sensors,Ridge,loo_plant,trial1,6,16,20,35.78,69.78,74.40763084848453,4.627630848484529
plant,sensors,Ridge,loo_plant,trial1,6,20,24,69.78,125.78,131.52914723859948,5.749147238599477
plant,sensors,Ridge,loo_plant,trial1,6,24,28,125.78,195.78,199.56959069190754,3.7895906919075344
plant,sensors,Ridge,loo_plant,trial1,7,0,4,5.18,13.980000000000004,18.497709214706262,4.517709214706258
plant,sensors,Ridge,loo_plant,trial1,7,4,8,13.980000000000004,20.980000000000004,16.236978819391922,4.743021180608082
plant,sensors,Ridge,loo_plant,trial1,7,8,12,20.980000000000004,26.78,31.476569239642643,4.696569239642642
plant,sensors,Ridge,loo_plant,trial1,7,12,16,26.78,40.78,44.834377054347016,4.054377054347015
plant,sensors,Ridge,loo_plant,trial1,7,16,20,40.78,76.78,77.41514713709252,0.6351471370925168
plant,sensors,Ridge,loo_plant,trial1,7,20,24,76.78,135.78,135.90234090017063,0.12234090017062726
plant,sensors,Ridge,loo_plant,trial1,7,24,28,135.78,218.78,205.10021422057918,13.679785779420826
plant,sensors,Ridge,loo_plant,trial1,8,0,4,4.580000000000002,11.28,18.519850945650802,7.239850945650803
plant,sensors,Ridge,loo_plant,trial1,8,4,8,11.28,18.380000000000003,13.730578751670933,4.6494212483290696
plant,sensors,Ridge,loo_plant,trial1,8,8,12,18.380000000000003,26.78,29.22082382697802,2.4408238269780185
plant,sensors,Ridge,loo_plant,trial1,8,12,16,26.78,42.78,45.15148547305447,2.37148547305447
plant,sensors,Ridge,loo_plant,trial1,8,16,20,42.78,78.78,79.38282193353261,0.6028219335326099
plant,sensors,Ridge,loo_plant,trial1,8,20,24,78.78,137.78,137.48143983491792,0.2985601650820797
plant,sensors,Ridge,loo_plant,trial1,8,24,28,137.78,214.78,207.34896426890361,7.431035731096387
plant,sensors,Ridge,loo_plant,trial1,9,0,4,4.380000000000003,11.68,18.40117786966546,6.7211778696654605
plant,sensors,Ridge,loo_plant,trial1,9,4,8,11.68,21.58,13.928480423643549,7.651519576356449
plant,sensors,Ridge,loo_plant,trial1,9,8,12,21.58,27.78,32.31653525563403,4.536535255634028
plant,sensors,Ridge,loo_plant,trial1,9,12,16,27.78,41.78,45.64890661514858,3.868906615148582
plant,sensors,Ridge,loo_plant,trial1,9,16,20,41.78,83.78,77.48427162960226,6.29572837039774
plant,sensors,Ridge,loo_plant,trial1,9,20,24,83.78,152.78,141.51772444982655,11.262275550173456
plant,sensors,Ridge,loo_plant,trial1,9,24,28,152.78,222.78,221.5520531629782,1.2279468370217899
plant,sensors,Ridge,loo_plant,trial1,10,0,4,5.880000000000003,14.68,17.819355042228423,3.1393550422284235
plant,sensors,Ridge,loo_plant,trial1,10,12,16,29.78,44.78,49.933094192113074,5.153094192113073
plant,sensors,Ridge,loo_plant,trial1,10,16,20,44.78,82.78,80.87932017759154,1.9006798224084633
plant,sensors,Ridge,loo_plant,trial1,10,20,24,82.78,141.78,140.7475702888204,1.0324297111795886
plant,sensors,Ridge,loo_plant,trial1,10,24,28,141.78,220.78,210.40351948289754,10.376480517102465
plant,sensors,ElasticNet,loo_plant,trial1,1,0,4,4.48,12.880000000000004,14.911092759678297,2.031092759678293
plant,sensors,ElasticNet,loo_plant,trial1,1,4,8,12.880000000000004,19.08,17.69457825275586,1.3854217472441377
plant,sensors,ElasticNet,loo_plant,trial1,1,8,12,19.08,26.78,27.29884231265018,0.5188423126501789
plant,sensors,ElasticNet,loo_plant,trial1,1,12,16,26.78,40.78,42.942566150528094,2.162566150528093
plant,sensors,ElasticNet,loo_plant,trial1,1,16,20,40.78,78.78,78.18724718373724,0.5927528162627596
plant,sensors,ElasticNet,loo_plant,trial1,1,20,24,78.78,135.78,138.24757350312686,2.4675735031268573
plant,sensors,ElasticNet,loo_plant,trial1,1,24,28,135.78,213.78,207.4538287143257,6.326171285674292
plant,sensors,ElasticNet,loo_plant,trial1,2,0,4,4.880000000000003,11.079999999999998,15.402263868827049,4.322263868827051
plant,sensors,ElasticNet,loo_plant,trial1,2,4,8,11.079999999999998,18.18,15.328644557448776,2.851355442551224
plant,sensors,ElasticNet,loo_plant,trial1,2,8,12,18.18,27.78,26.23574862269379,1.5442513773062103
plant,sensors,ElasticNet,loo_plant,trial1,2,12,16,27.78,45.78,43.76659823297127,2.013401767028732
plant,sensors,ElasticNet,loo_plant,trial1,2,16,20,45.78,89.78,83.25847591515402,6.521524084845979
plant,sensors,ElasticNet,loo_plant,trial1,2,20,24,89.78,153.78,149.73889468778148,4.041105312218519
plant,sensors,ElasticNet,loo_plant,trial1,2,24,28,153.78,217.78,228.72081518480752,10.94081518480752
plant,sensors,ElasticNet,loo_plant,trial1,3,0,4,6.580000000000002,16.880000000000003,15.79697931488947,1.083020685110533
plant,sensors,ElasticNet,loo_plant,trial1,3,4,8,16.880000000000003,23.980000000000004,21.42710459113063,2.552895408869375
plant,sensors,ElasticNet,loo_plant,trial1,3,8,12,23.980000000000004,32.78,31.77421381530045,1.0057861846995522
plant,sensors,ElasticNet,loo_plant,trial1,3,12,16,32.78,49.78,48.317911624024845,1.4620883759751564
plant,sensors,ElasticNet,loo_plant,trial1,3,16,20,49.78,93.78,86.37322139079164,7.406778609208359
plant,sensors,ElasticNet,loo_plant,trial1,3,20,24,93.78,157.78,152.34733153160727,5.432668468392734
plant,sensors,ElasticNet,loo_plant,trial1,3,24,28,157.78,232.78,229.33299718955948,3.447002810440523
plant,sensors,ElasticNet,loo_plant,trial1,4,0,4,4.080000000000002,13.980000000000004,14.46804727444885,0.48804727444884577
plant,sensors,ElasticNet,loo_plant,trial1,4,4,8,13.980000000000004,20.78,19.231996256260118,1.5480037437398835
plant,sensors,ElasticNet,loo_plant,trial1,4,8,12,20.78,29.78,28.855439976583177,0.9245600234168236
plant,sensors,ElasticNet,loo_plant,trial1,4,12,16,29.78,50.78,45.497563747497395,5.282436252502606
plant,sensors,ElasticNet,loo_plant,trial1,4,16,20,50.78,91.78,89.58070998788094,2.1992900121190644
plant,sensors,ElasticNet,loo_plant,trial1,4,20,24,91.78,140.78,152.8449481252206,12.06494812522061
plant,sensors,ElasticNet,loo_plant,trial1,4,24,28,140.78,220.78,209.81473979087517,10.965260209124835
plant,sensors,ElasticNet,loo_plant,trial1,5,0,4,4.98,13.28,15.242873866876835,1.9628738668768353
plant,sensors,ElasticNet,loo_plant,trial1,5,4,8,13.28,19.880000000000003,17.95663739651198,1.9233626034880231
plant,sensors,ElasticNet,loo_plant,trial1,5,8,12,19.880000000000003,25.78,28.26755136832586,2.4875513683258603
plant,sensors,ElasticNet,loo_plant,trial1,5,12,16,25.78,36.78,42.25321716170814,5.473217161708142
plant,sensors,ElasticNet,loo_plant,trial1,5,16,20,36.78,65.78,75.43636271007169,9.65636271007169
plant,sensors,ElasticNet,loo_plant,trial1,5,20,24,65.78,123.78,125.96631104152249,2.1863110415224867
plant,sensors,ElasticNet,loo_plant,trial1,5,24,28,123.78,185.78,200.55046752096194,14.770467520961944
plant,sensors,ElasticNet,loo_plant,trial1,6,0,4,3.8800000000000026,7.880000000000003,15.05060486633188,7.170604866331878
plant,sensors,ElasticNet,loo_plant,trial1,6,4,8,7.880000000000003,17.330000000000002,11.922925054192575,5.407074945807427
plant,sensors,ElasticNet,loo_plant,trial1,6,8,12,17.330000000000002,21.78,26.78712779963397,5.00712779963397
plant,sensors,ElasticNet,loo_plant,trial1,6,12,16,21.78,35.78,37.73126589808006,1.9512658980800595
plant,sensors,ElasticNet,loo_plant,trial1,6,16,20,35.78,69.78,74.13298973148724,4.352989731487241
plant,sensors,ElasticNet,loo_plant,trial1,6,20,24,69.78,125.78,129.5135055667116,3.7335055667115853
plant,sensors,ElasticNet,loo_plant,trial1,6,24,28,125.78,195.78,199.3227876981225,3.5427876981225097
plant,sensors,ElasticNet,loo_plant,trial1,7,0,4,5.18,13.980000000000004,15.284886381413692,1.304886381413688
plant,sensors,ElasticNet,loo_plant,trial1,7,4,8,13.980000000000004,20.980000000000004,18.77682859826036,2.2031714017396453
plant,sensors,ElasticNet,loo_plant,trial1,7,8,12,20.980000000000004,26.78,29.58140699729848,2.8014069972984785
plant,sensors,ElasticNet,loo_plant,trial1,7,12,16,26.78,40.78,42.679371923738344,1.899371923738343
plant,sensors,ElasticNet,loo_plant,trial1,7,16,20,40.78,76.78,78.36278606692426,1.5827860669242568
plant,sensors,ElasticNet,loo_plant,trial1,7,20,24,76.78,135.78,135.65371006199422,0.12628993800578314
plant,sensors,ElasticNet,loo_plant,trial1,7,24,28,135.78,218.78,207.1356222649291,11.64437773507089
plant,sensors,ElasticNet,loo_plant,trial1,8,0,4,4.580000000000002,11.28,15.151735646695414,3.8717356466954147
plant,sensors,ElasticNet,loo_plant,trial1,8,4,8,11.28,18.380000000000003,15.72388163585925,2.6561183641407524
plant,sensors,ElasticNet,loo_plant,trial1,8,8,12,18.380000000000003,26.78,26.63997536441439,0.14002463558561118
plant,sensors,ElasticNet,loo_plant,trial1,8,12,16,26.78,42.78,42.85844379787528,0.07844379787528055
plant,sensors,ElasticNet,loo_plant,trial1,8,16,20,42.78,78.78,80.71783372659768,1.937833726597674
plant,sensors,ElasticNet,loo_plant,trial1,8,20,24,78.78,137.78,137.7139170437392,0.06608295626080007
plant,sensors,ElasticNet,loo_plant,trial1,8,24,28,137.78,214.78,209.91935456660968,4.860645433390317
plant,sensors,ElasticNet,loo_plant,trial1,9,0,4,4.380000000000003,11.68,14.949408555708615,3.2694085557086154
plant,sensors,ElasticNet,loo_plant,trial1,9,4,8,11.68,21.58,15.936044829895295,5.643955170104704
plant,sensors,ElasticNet,loo_plant,trial1,9,8,12,21.58,27.78,30.571335876110886,2.7913358761108853
plant,sensors,ElasticNet,loo_plant,trial1,9,12,16,27.78,41.78,43.6887673336589,1.9087673336589006
plant,sensors,ElasticNet,loo_plant,trial1,9,16,20,41.78,83.78,78.64684979810472,5.133150201895276
plant,sensors,ElasticNet,loo_plant,trial1,9,20,24,83.78,152.78,142.7298544627629,10.050145537237114
plant,sensors,ElasticNet,loo_plant,trial1,9,24,28,152.78,222.78,227.64390858349782,4.8639085834978175
plant,sensors,ElasticNet,loo_plant,trial1,10,0,4,5.880000000000003,14.68,15.391572953616148,0.7115729536161481
plant,sensors,ElasticNet,loo_plant,trial1,10,12,16,29.78,44.78,48.45744109536304,3.6774410953630365
plant,sensors,ElasticNet,loo_plant,trial1,10,16,20,44.78,82.78,82.37411416636526,0.4058858336347413
plant,sensors,ElasticNet,loo_plant,trial1,10,20,24,82.78,141.78,141.9817447767138,0.20174477671380942
plant,sensors,ElasticNet,loo_plant,trial1,10,24,28,141.78,220.78,213.72996501853476,7.050034981465245
plant,sensors,SVR-RBF,loo_plant,trial1,1,0,4,4.48,12.880000000000004,18.987965453860326,6.107965453860322
plant,sensors,SVR-RBF,loo_plant,trial1,1,4,8,12.880000000000004,19.08,21.425161285610784,2.3451612856107857
plant,sensors,SVR-RBF,loo_plant,trial1,1,8,12,19.08,26.78,31.356810835544294,4.576810835544293
plant,sensors,SVR-RBF,loo_plant,trial1,1,12,16,26.78,40.78,45.74152153194979,4.961521531949792
plant,sensors,SVR-RBF,loo_plant,trial1,1,16,20,40.78,78.78,82.80278416869879,4.0227841686987915
plant,sensors,SVR-RBF,loo_plant,trial1,1,20,24,78.78,135.78,132.9509269123395,2.829073087660504
plant,sensors,SVR-RBF,loo_plant,trial1,1,24,28,135.78,213.78,177.72440723753007,36.05559276246993
plant,sensors,SVR-RBF,loo_plant,trial1,2,0,4,4.880000000000003,11.079999999999998,18.97207329363262,7.89207329363262
plant,sensors,SVR-RBF,loo_plant,trial1,2,4,8,11.079999999999998,18.18,20.779680588659943,2.5996805886599432
plant,sensors,SVR-RBF,loo_plant,trial1,2,8,12,18.18,27.78,31.235951075121577,3.4559510751215754
plant,sensors,SVR-RBF,loo_plant,trial1,2,12,16,27.78,45.78,46.02535512541905,0.2453551254190458
plant,sensors,SVR-RBF,loo_plant,trial1,2,16,20,45.78,89.78,83.58591170276857,6.194088297231431
plant,sensors,SVR-RBF,loo_plant,trial1,2,20,24,89.78,153.78,136.0910369344972,17.688963065502804
plant,sensors,SVR-RBF,loo_plant,trial1,2,24,28,153.78,217.78,169.82159875505153,47.958401244948476
plant,sensors,SVR-RBF,loo_plant,trial1,3,0,4,6.580000000000002,16.880000000000003,19.09673661785274,2.216736617852739
plant,sensors,SVR-RBF,loo_plant,trial1,3,4,8,16.880000000000003,23.980000000000004,23.99113522743224,0.011135227432234274
plant,sensors,SVR-RBF,loo_plant,trial1,3,8,12,23.980000000000004,32.78,34.3546357591959,1.5746357591958997
plant,sensors,SVR-RBF,loo_plant,trial1,3,12,16,32.78,49.78,48.44125214512462,1.338747854875379
plant,sensors,SVR-RBF,loo_plant,trial1,3,16,20,49.78,93.78,84.55737538341992,9.222624616580077
plant,sensors,SVR-RBF,loo_plant,trial1,3,20,24,93.78,157.78,135.44745120434567,22.332548795654333
plant,sensors,SVR-RBF,loo_plant,trial1,3,24,28,157.78,232.78,161.93549448973698,70.84450551026302
plant,sensors,SVR-RBF,loo_plant,trial1,4,0,4,4.080000000000002,13.980000000000004,19.030460166680612,5.050460166680608
plant,sensors,SVR-RBF,loo_plant,trial1,4,4,8,13.980000000000004,20.78,22.14608776062066,1.3660877606206583
plant,sensors,SVR-RBF,loo_plant,trial1,4,8,12,20.78,29.78,32.10565944829973,2.3256594482997315
plant,sensors,SVR-RBF,loo_plant,trial1,4,12,16,29.78,50.78,46.64465720266502,4.135342797334978
plant,sensors,SVR-RBF,loo_plant,trial1,4,16,20,50.78,91.78,85.31971335218692,6.460286647813078
plant,sensors,SVR-RBF,loo_plant,trial1,4,20,24,91.78,140.78,136.21029794726434,4.569702052735664
plant,sensors,SVR-RBF,loo_plant,trial1,4,24,28,140.78,220.78,176.42597352219735,44.35402647780265
plant,sensors,SVR-RBF,loo_plant,trial1,5,0,4,4.98,13.28,18.976062589148768,5.696062589148768
plant,sensors,SVR-RBF,loo_plant,trial1,5,4,8,13.28,19.880000000000003,21.91063766832748,2.030637668327479
plant,sensors,SVR-RBF,loo_plant,trial1,5,8,12,19.880000000000003,25.78,32.11909999583098,6.339099995830978
plant,sensors,SVR-RBF,loo_plant,trial1,5,12,16,25.78,36.78,45.72230750375626,8.942307503756261
plant,sensors,SVR-RBF,loo_plant,trial1,5,16,20,36.78,65.78,83.20418798505173,17.42418798505173
plant,sensors,SVR-RBF,loo_plant,trial1,5,20,24,65.78,123.78,120.86048726557391,2.9195127344260925
plant,sensors,SVR-RBF,loo_plant,trial1,5,24,28,123.78,185.78,159.4127185933768,26.367281406623192
plant,sensors,SVR-RBF,loo_plant,trial1,6,0,4,3.8800000000000026,7.880000000000003,19.136925620231352,11.25692562023135
plant,sensors,SVR-RBF,loo_plant,trial1,6,4,8,7.880000000000003,17.330000000000002,21.66149281231607,4.331492812316068
plant,sensors,SVR-RBF,loo_plant,trial1,6,8,12,17.330000000000002,21.78,32.09124260497154,10.31124260497154
plant,sensors,SVR-RBF,loo_plant,trial1,6,12,16,21.78,35.78,46.953070981409795,11.173070981409793
plant,sensors,SVR-RBF,loo_plant,trial1,6,16,20,35.78,69.78,83.68610849265744,13.906108492657438
plant,sensors,SVR-RBF,loo_plant,trial1,6,20,24,69.78,125.78,125.47564478573709,0.30435521426291245
plant,sensors,SVR-RBF,loo_plant,trial1,6,24,28,125.78,195.78,164.74454285629875,31.03545714370125
plant,sensors,SVR-RBF,loo_plant,trial1,7,0,4,5.18,13.980000000000004,18.933873259670804,4.9538732596708
plant,sensors,SVR-RBF,loo_plant,trial1,7,4,8,13.980000000000004,20.980000000000004,21.8905771678903,0.9105771678902954
plant,sensors,SVR-RBF,loo_plant,trial1,7,8,12,20.980000000000004,26.78,32.641183317534,5.861183317534
plant,sensors,SVR-RBF,loo_plant,trial1,7,12,16,26.78,40.78,45.84520385521161,5.065203855211607
plant,sensors,SVR-RBF,loo_plant,trial1,7,16,20,40.78,76.78,83.24743056729955,6.4674305672995445
plant,sensors,SVR-RBF,loo_plant,trial1,7,20,24,76.78,135.78,131.49502736753755,4.2849726324624555
plant,sensors,SVR-RBF,loo_plant,trial1,7,24,28,135.78,218.78,177.6772064505472,41.1027935494528
plant,sensors,SVR-RBF,loo_plant,trial1,8,0,4,4.580000000000002,11.28,18.980454201273446,7.7004542012734465
plant,sensors,SVR-RBF,loo_plant,trial1,8,4,8,11.28,18.380000000000003,20.84155962453768,2.461559624537678
plant,sensors,SVR-RBF,loo_plant,trial1,8,8,12,18.380000000000003,26.78,31.238510044182036,4.4585100441820344
plant,sensors,SVR-RBF,loo_plant,trial1,8,12,16,26.78,42.78,45.76130454172375,2.981304541723752
plant,sensors,SVR-RBF,loo_plant,trial1,8,16,20,42.78,78.78,83.38864187539389,4.608641875393886
plant,sensors,SVR-RBF,loo_plant,trial1,8,20,24,78.78,137.78,132.06055074960648,5.719449250393524
plant,sensors,SVR-RBF,loo_plant,trial1,8,24,28,137.78,214.78,178.68034084477517,36.09965915522483
plant,sensors,SVR-RBF,loo_plant,trial1,9,0,4,4.380000000000003,11.68,18.990088013018948,7.310088013018948
plant,sensors,SVR-RBF,loo_plant,trial1,9,4,8,11.68,21.58,21.11542026704234,0.46457973295765953
plant,sensors,SVR-RBF,loo_plant,trial1,9,8,12,21.58,27.78,33.237839256880875,5.457839256880874
plant,sensors,SVR-RBF,loo_plant,trial1,9,12,16,27.78,41.78,46.00175233985526,4.221752339855257
plant,sensors,SVR-RBF,loo_plant,trial1,9,16,20,41.78,83.78,83.0674083436951,0.7125916563048946
plant,sensors,SVR-RBF,loo_plant,trial1,9,20,24,83.78,152.78,135.219659715478,17.560340284522
plant,sensors,SVR-RBF,loo_plant,trial1,9,24,28,152.78,222.78,170.37043524088963,52.40956475911037
plant,sensors,SVR-RBF,loo_plant,trial1,10,0,4,5.880000000000003,14.68,18.987378496311507,4.307378496311507
plant,sensors,SVR-RBF,loo_plant,trial1,10,12,16,29.78,44.78,47.29178867872421,2.5117886787242085
plant,sensors,SVR-RBF,loo_plant,trial1,10,16,20,44.78,82.78,83.86691546801418,1.0869154680141833
plant,sensors,SVR-RBF,loo_plant,trial1,10,20,24,82.78,141.78,134.70920084465337,7.070799155346634
plant,sensors,SVR-RBF,loo_plant,trial1,10,24,28,141.78,220.78,179.40282566950503,41.37717433049497
plant,sensors,RandomForest,loo_plant,trial1,1,0,4,4.48,12.880000000000004,18.255203630817306,5.3752036308173015
plant,sensors,RandomForest,loo_plant,trial1,1,4,8,12.880000000000004,19.08,18.76427974171621,0.3157202582837897
plant,sensors,RandomForest,loo_plant,trial1,1,8,12,19.08,26.78,22.382876918603625,4.397123081396376
plant,sensors,RandomForest,loo_plant,trial1,1,12,16,26.78,40.78,40.546856146111374,0.23314385388862746
plant,sensors,RandomForest,loo_plant,trial1,1,16,20,40.78,78.78,77.48825270562784,1.2917472943721577
plant,sensors,RandomForest,loo_plant,trial1,1,20,24,78.78,135.78,136.88677489177482,1.106774891774819
plant,sensors,RandomForest,loo_plant,trial1,1,24,28,135.78,213.78,217.37793861693842,3.5979386169384213
plant,sensors,RandomForest,loo_plant,trial1,2,0,4,4.880000000000003,11.079999999999998,18.237926823163843,7.157926823163844
plant,sensors,RandomForest,loo_plant,trial1,2,4,8,11.079999999999998,18.18,18.48576975835365,0.3057697583536516
plant,sensors,RandomForest,loo_plant,trial1,2,8,12,18.18,27.78,21.245755682069454,6.534244317930547
plant,sensors,RandomForest,loo_plant,trial1,2,12,16,27.78,45.78,39.84475312417629,5.935246875823708
plant,sensors,RandomForest,loo_plant,trial1,2,16,20,45.78,89.78,83.31496626984139,6.465033730158609
plant,sensors,RandomForest,loo_plant,trial1,2,20,24,89.78,153.78,148.25410425685416,5.525895743145838
plant,sensors,RandomForest,loo_plant,trial1,2,24,28,153.78,217.78,220.71360138472616,2.9336013847261597
plant,sensors,RandomForest,loo_plant,trial1,3,0,4,6.580000000000002,16.880000000000003,17.797487389336485,0.9174873893364826
plant,sensors,RandomForest,loo_plant,trial1,3,4,8,16.880000000000003,23.980000000000004,18.358911102326925,5.621088897673079
plant,sensors,RandomForest,loo_plant,trial1,3,8,12,23.980000000000004,32.78,24.739060698991807,8.040939301008194
plant,sensors,RandomForest,loo_plant,trial1,3,12,16,32.78,49.78,43.00177184253652,6.778228157463481
plant,sensors,RandomForest,loo_plant,trial1,3,16,20,49.78,93.78,82.67688434767855,11.10311565232145
plant,sensors,RandomForest,loo_plant,trial1,3,20,24,93.78,157.78,147.6724994588743,10.107500541125688
plant,sensors,RandomForest,loo_plant,trial1,3,24,28,157.78,232.78,218.63715916028394,14.142840839716058
plant,sensors,RandomForest,loo_plant,trial1,4,0,4,4.080000000000002,13.980000000000004,18.19353392520103,4.213533925201027
plant,sensors,RandomForest,loo_plant,trial1,4,4,8,13.980000000000004,20.78,18.7167350874987,2.0632649125012996
plant,sensors,RandomForest,loo_plant,trial1,4,8,12,20.78,29.78,21.657207393789303,8.122792606210698
plant,sensors,RandomForest,loo_plant,trial1,4,12,16,29.78,50.78,40.664094589315894,10.115905410684107
plant,sensors,RandomForest,loo_plant,trial1,4,16,20,50.78,91.78,82.84796767121775,8.932032328782256
plant,sensors,RandomForest,loo_plant,trial1,4,20,24,91.78,140.78,151.56875036075013,10.788750360750129
plant,sensors,RandomForest,loo_plant,trial1,4,24,28,140.78,220.78,207.27351197413674,13.506488025863263
plant,sensors,RandomForest,loo_plant,trial1,5,0,4,4.98,13.28,18.338900149492577,5.058900149492578
plant,sensors,RandomForest,loo_plant,trial1,5,4,8,13.28,19.880000000000003,18.599705640060016,1.2802943599399867
plant,sensors,RandomForest,loo_plant,trial1,5,8,12,19.880000000000003,25.78,21.973082958192116,3.8069170418078855
plant,sensors,RandomForest,loo_plant,trial1,5,12,16,25.78,36.78,41.49566104116471,4.715661041164708
plant,sensors,RandomForest,loo_plant,trial1,5,16,20,36.78,65.78,76.0469910922412,10.266991092241199
plant,sensors,RandomForest,loo_plant,trial1,5,20,24,65.78,123.78,134.47182890720381,10.691828907203814
plant,sensors,RandomForest,loo_plant,trial1,5,24,28,123.78,185.78,205.81482190032148,20.034821900321475
plant,sensors,RandomForest,loo_plant,trial1,6,0,4,3.8800000000000026,7.880000000000003,19.025722291681515,11.145722291681512
plant,sensors,RandomForest,loo_plant,trial1,6,4,8,7.880000000000003,17.330000000000002,19.025722291681515,1.6957222916815127
plant,sensors,RandomForest,loo_plant,trial1,6,8,12,17.330000000000002,21.78,21.046573997430933,0.7334260025690682
plant,sensors,RandomForest,loo_plant,trial1,6,12,16,21.78,35.78,37.33796428912447,1.5579642891244703
plant,sensors,RandomForest,loo_plant,trial1,6,16,20,35.78,69.78,74.76453173215685,4.984531732156853
plant,sensors,RandomForest,loo_plant,trial1,6,20,24,69.78,125.78,133.08078646353644,7.30078646353644
plant,sensors,RandomForest,loo_plant,trial1,6,24,28,125.78,195.78,197.65948099123057,1.8794809912305652
plant,sensors,RandomForest,loo_plant,trial1,7,0,4,5.18,13.980000000000004,17.9707777046606,3.9907777046605943
plant,sensors,RandomForest,loo_plant,trial1,7,4,8,13.980000000000004,20.980000000000004,18.28401854176467,2.695981458235334
plant,sensors,RandomForest,loo_plant,trial1,7,8,12,20.980000000000004,26.78,26.270544033783963,0.5094559662160378
plant,sensors,RandomForest,loo_plant,trial1,7,12,16,26.78,40.78,40.23074025097092,0.5492597490290834
plant,sensors,RandomForest,loo_plant,trial1,7,16,20,40.78,76.78,79.37275018037523,2.5927501803752335
plant,sensors,RandomForest,loo_plant,trial1,7,20,24,76.78,135.78,136.31087573537567,0.5308757353756732
plant,sensors,RandomForest,loo_plant,trial1,7,24,28,135.78,218.78,219.7761332833829,0.9961332833829033
plant,sensors,RandomForest,loo_plant,trial1,8,0,4,4.580000000000002,11.28,18.224890515723793,6.9448905157237935
plant,sensors,RandomForest,loo_plant,trial1,8,4,8,11.28,18.380000000000003,18.47444014134327,0.0944401413432665
plant,sensors,RandomForest,loo_plant,trial1,8,8,12,18.380000000000003,26.78,22.305262926027872,4.474737073972129
plant,sensors,RandomForest,loo_plant,trial1,8,12,16,26.78,42.78,40.06736104726251,2.7126389527374926
plant,sensors,RandomForest,loo_plant,trial1,8,16,20,42.78,78.78,81.71542478354985,2.9354247835498484
plant,sensors,RandomForest,loo_plant,trial1,8,20,24,78.78,137.78,136.27109963647456,1.5089003635254414
plant,sensors,RandomForest,loo_plant,trial1,8,24,28,137.78,214.78,220.36638665501155,5.586386655011552
plant,sensors,RandomForest,loo_plant,trial1,9,0,4,4.380000000000003,11.68,18.003758654271365,6.323758654271366
plant,sensors,RandomForest,loo_plant,trial1,9,4,8,11.68,21.58,18.05607115427136,3.523928845728637
plant,sensors,RandomForest,loo_plant,trial1,9,8,12,21.58,27.78,30.468537871701695,2.688537871701694
plant,sensors,RandomForest,loo_plant,trial1,9,12,16,27.78,41.78,40.64200936230091,1.1379906376990903
plant,sensors,RandomForest,loo_plant,trial1,9,16,20,41.78,83.78,78.69426316738827,5.08573683261173
plant,sensors,RandomForest,loo_plant,trial1,9,20,24,83.78,152.78,138.8098371905871,13.970162809412898
plant,sensors,RandomForest,loo_plant,trial1,9,24,28,152.78,222.78,219.94690227827712,2.833097721722879
plant,sensors,RandomForest,loo_plant,trial1,10,0,4,5.880000000000003,14.68,18.05704290263587,3.3770429026358713
plant,sensors,RandomForest,loo_plant,trial1,10,12,16,29.78,44.78,43.75841878810473,1.021581211895274
plant,sensors,RandomForest,loo_plant,trial1,10,16,20,44.78,82.78,85.05668596681106,2.2766859668110584
plant,sensors,RandomForest,loo_plant,trial1,10,20,24,82.78,141.78,138.93114815739807,2.848851842601931
plant,sensors,RandomForest,loo_plant,trial1,10,24,28,141.78,220.78,219.9724233266731,0.8075766733269063
plant,sensors,GradBoost,loo_plant,trial1,1,0,4,4.48,12.880000000000004,11.953576190799515,0.9264238092004895
plant,sensors,GradBoost,loo_plant,trial1,1,4,8,12.880000000000004,19.08,20.917874912776004,1.8378749127760052
plant,sensors,GradBoost,loo_plant,trial1,1,8,12,19.08,26.78,26.365335253835465,0.4146647461645365
plant,sensors,GradBoost,loo_plant,trial1,1,12,16,26.78,40.78,42.35902757882509,1.579027578825091
plant,sensors,GradBoost,loo_plant,trial1,1,16,20,40.78,78.78,76.82121519842583,1.9587848015741685
plant,sensors,GradBoost,loo_plant,trial1,1,20,24,78.78,135.78,138.98478726857138,3.20478726857138
plant,sensors,GradBoost,loo_plant,trial1,1,24,28,135.78,213.78,216.8907723284835,3.110772328483506
plant,sensors,GradBoost,loo_plant,trial1,2,0,4,4.880000000000003,11.079999999999998,13.209879860136969,2.1298798601369704
plant,sensors,GradBoost,loo_plant,trial1,2,4,8,11.079999999999998,18.18,18.390356133094993,0.21035613309499368
plant,sensors,GradBoost,loo_plant,trial1,2,8,12,18.18,27.78,26.474717621707466,1.3052823782925351
plant,sensors,GradBoost,loo_plant,trial1,2,12,16,27.78,45.78,42.29792655891376,3.482073441086243
plant,sensors,GradBoost,loo_plant,trial1,2,16,20,45.78,89.78,90.37792417056818,0.5979241705681773
plant,sensors,GradBoost,loo_plant,trial1,2,20,24,89.78,153.78,157.48748591520334,3.7074859152033355
plant,sensors,GradBoost,loo_plant,trial1,2,24,28,153.78,217.78,222.68772808348734,4.907728083487342
plant,sensors,GradBoost,loo_plant,trial1,3,0,4,6.580000000000002,16.880000000000003,14.255536255901323,2.62446374409868
plant,sensors,GradBoost,loo_plant,trial1,3,4,8,16.880000000000003,23.980000000000004,20.427741695412838,3.5522583045871663
plant,sensors,GradBoost,loo_plant,trial1,3,8,12,23.980000000000004,32.78,32.802540165009,0.022540165008997803
plant,sensors,GradBoost,loo_plant,trial1,3,12,16,32.78,49.78,47.73952877450127,2.0404712254987345
plant,sensors,GradBoost,loo_plant,trial1,3,16,20,49.78,93.78,87.65097719531272,6.129022804687281
plant,sensors,GradBoost,loo_plant,trial1,3,20,24,93.78,157.78,153.50818178910657,4.271818210893429
plant,sensors,GradBoost,loo_plant,trial1,3,24,28,157.78,232.78,217.8627693634961,14.917230636503888
plant,sensors,GradBoost,loo_plant,trial1,4,0,4,4.080000000000002,13.980000000000004,8.634312498149594,5.34568750185041
plant,sensors,GradBoost,loo_plant,trial1,4,4,8,13.980000000000004,20.78,21.45743434419943,0.6774343441994297
plant,sensors,GradBoost,loo_plant,trial1,4,8,12,20.78,29.78,26.803233273449887,2.976766726550114
plant,sensors,GradBoost,loo_plant,trial1,4,12,16,29.78,50.78,44.91041904614015,5.8695809538598525
plant,sensors,GradBoost,loo_plant,trial1,4,16,20,50.78,91.78,89.64227821490822,2.1377217850917845
plant,sensors,GradBoost,loo_plant,trial1,4,20,24,91.78,140.78,157.09256454003247,16.31256454003247
plant,sensors,GradBoost,loo_plant,trial1,4,24,28,140.78,220.78,216.6094387848287,4.17056121517129
plant,sensors,GradBoost,loo_plant,trial1,5,0,4,4.98,13.28,12.06946791922668,1.2105320807733193
plant,sensors,GradBoost,loo_plant,trial1,5,4,8,13.28,19.880000000000003,20.309881405610255,0.4298814056102529
plant,sensors,GradBoost,loo_plant,trial1,5,8,12,19.880000000000003,25.78,27.08404816297423,1.3040481629742295
plant,sensors,GradBoost,loo_plant,trial1,5,12,16,25.78,36.78,41.339005948906845,4.559005948906844
plant,sensors,GradBoost,loo_plant,trial1,5,16,20,36.78,65.78,69.96678316550367,4.18678316550367
plant,sensors,GradBoost,loo_plant,trial1,5,20,24,65.78,123.78,126.01278517942602,2.232785179426017
plant,sensors,GradBoost,loo_plant,trial1,5,24,28,123.78,185.78,195.74830226843585,9.968302268435849
plant,sensors,GradBoost,loo_plant,trial1,6,0,4,3.8800000000000026,7.880000000000003,13.354334672364079,5.474334672364076
plant,sensors,GradBoost,loo_plant,trial1,6,4,8,7.880000000000003,17.330000000000002,18.639776909995646,1.3097769099956444
plant,sensors,GradBoost,loo_plant,trial1,6,8,12,17.330000000000002,21.78,27.0676163549654,5.287616354965397
plant,sensors,GradBoost,loo_plant,trial1,6,12,16,21.78,35.78,27.7162017413955,8.0637982586045
plant,sensors,GradBoost,loo_plant,trial1,6,16,20,35.78,69.78,66.40046068084396,3.379539319156038
plant,sensors,GradBoost,loo_plant,trial1,6,20,24,69.78,125.78,127.37845281904174,1.5984528190417393
plant,sensors,GradBoost,loo_plant,trial1,6,24,28,125.78,195.78,185.1604052838543,10.619594716145713
plant,sensors,GradBoost,loo_plant,trial1,7,0,4,5.18,13.980000000000004,13.034156422365625,0.9458435776343794
plant,sensors,GradBoost,loo_plant,trial1,7,4,8,13.980000000000004,20.980000000000004,20.540383232183615,0.43961676781638914
plant,sensors,GradBoost,loo_plant,trial1,7,8,12,20.980000000000004,26.78,29.181014452542996,2.401014452542995
plant,sensors,GradBoost,loo_plant,trial1,7,12,16,26.78,40.78,41.0901365866107,0.310136586610696
plant,sensors,GradBoost,loo_plant,trial1,7,16,20,40.78,76.78,78.76471711511181,1.9847171151118062
plant,sensors,GradBoost,loo_plant,trial1,7,20,24,76.78,135.78,135.61508141220207,0.16491858779792778
plant,sensors,GradBoost,loo_plant,trial1,7,24,28,135.78,218.78,213.75000880320292,5.029991196797084
plant,sensors,GradBoost,loo_plant,trial1,8,0,4,4.580000000000002,11.28,12.497327555668601,1.2173275556686018
plant,sensors,GradBoost,loo_plant,trial1,8,4,8,11.28,18.380000000000003,18.116870869996035,0.26312913000396776
plant,sensors,GradBoost,loo_plant,trial1,8,8,12,18.380000000000003,26.78,26.957683714298252,0.1776837142982508
plant,sensors,GradBoost,loo_plant,trial1,8,12,16,26.78,42.78,40.57992968266572,2.20007031733428
plant,sensors,GradBoost,loo_plant,trial1,8,16,20,42.78,78.78,82.25093147624568,3.4709314762456813
plant,sensors,GradBoost,loo_plant,trial1,8,20,24,78.78,137.78,137.6852622985801,0.0947377014198878
plant,sensors,GradBoost,loo_plant,trial1,8,24,28,137.78,214.78,217.66452138093646,2.8845213809364623
plant,sensors,GradBoost,loo_plant,trial1,9,0,4,4.380000000000003,11.68,12.470432984119032,0.7904329841190325
plant,sensors,GradBoost,loo_plant,trial1,9,4,8,11.68,21.58,18.521965105895433,3.0580348941045656
plant,sensors,GradBoost,loo_plant,trial1,9,8,12,21.58,27.78,32.0291621562567,4.249162156256702
plant,sensors,GradBoost,loo_plant,trial1,9,12,16,27.78,41.78,45.638347247802365,3.8583472478023637
plant,sensors,GradBoost,loo_plant,trial1,9,16,20,41.78,83.78,79.978655263535,3.8013447364649977
plant,sensors,GradBoost,loo_plant,trial1,9,20,24,83.78,152.78,137.79752021317083,14.982479786829174
plant,sensors,GradBoost,loo_plant,trial1,9,24,28,152.78,222.78,219.04706549565904,3.7329345043409603
plant,sensors,GradBoost,loo_plant,trial1,10,0,4,5.880000000000003,14.68,16.75251816525978,2.0725181652597797
plant,sensors,GradBoost,loo_plant,trial1,10,12,16,29.78,44.78,50.52825016391861,5.748250163918605
plant,sensors,GradBoost,loo_plant,trial1,10,16,20,44.78,82.78,82.93154476748768,0.1515447674876782
plant,sensors,GradBoost,loo_plant,trial1,10,20,24,82.78,141.78,139.53410384548044,2.2458961545195564
plant,sensors,GradBoost,loo_plant,trial1,10,24,28,141.78,220.78,219.489600017522,1.290399982477993
plant,sensors,XGBoost,loo_plant,trial1,1,0,4,4.48,12.880000000000004,12.400399208068848,0.4796007919311567
plant,sensors,XGBoost,loo_plant,trial1,1,4,8,12.880000000000004,19.08,20.505775451660156,1.425775451660158
plant,sensors,XGBoost,loo_plant,trial1,1,8,12,19.08,26.78,26.55583953857422,0.2241604614257824
plant,sensors,XGBoost,loo_plant,trial1,1,12,16,26.78,40.78,41.613895416259766,0.8338954162597645
plant,sensors,XGBoost,loo_plant,trial1,1,16,20,40.78,78.78,76.91336822509766,1.8666317749023449
plant,sensors,XGBoost,loo_plant,trial1,1,20,24,78.78,135.78,138.7703857421875,2.990385742187499
plant,sensors,XGBoost,loo_plant,trial1,1,24,28,135.78,213.78,216.38929748535156,2.6092974853515614
plant,sensors,XGBoost,loo_plant,trial1,2,0,4,4.880000000000003,11.079999999999998,12.88060474395752,1.8006047439575212
plant,sensors,XGBoost,loo_plant,trial1,2,4,8,11.079999999999998,18.18,17.85721778869629,0.32278221130371065
plant,sensors,XGBoost,loo_plant,trial1,2,8,12,18.18,27.78,24.120532989501953,3.659467010498048
plant,sensors,XGBoost,loo_plant,trial1,2,12,16,27.78,45.78,41.76638412475586,4.013615875244142
plant,sensors,XGBoost,loo_plant,trial1,2,16,20,45.78,89.78,83.26506805419922,6.514931945800782
plant,sensors,XGBoost,loo_plant,trial1,2,20,24,89.78,153.78,151.80667114257812,1.9733288574218761
plant,sensors,XGBoost,loo_plant,trial1,2,24,28,153.78,217.78,222.87901306152344,5.099013061523436
plant,sensors,XGBoost,loo_plant,trial1,3,0,4,6.580000000000002,16.880000000000003,13.954777717590332,2.9252222824096705
plant,sensors,XGBoost,loo_plant,trial1,3,4,8,16.880000000000003,23.980000000000004,21.010465621948242,2.969534378051762
plant,sensors,XGBoost,loo_plant,trial1,3,8,12,23.980000000000004,32.78,32.432254791259766,0.3477452087402355
plant,sensors,XGBoost,loo_plant,trial1,3,12,16,32.78,49.78,47.25567626953125,2.524323730468751
plant,sensors,XGBoost,loo_plant,trial1,3,16,20,49.78,93.78,87.18209075927734,6.597909240722657
plant,sensors,XGBoost,loo_plant,trial1,3,20,24,93.78,157.78,153.63095092773438,4.149049072265626
plant,sensors,XGBoost,loo_plant,trial1,3,24,28,157.78,232.78,218.31150817871094,14.468491821289064
plant,sensors,XGBoost,loo_plant,trial1,4,0,4,4.080000000000002,13.980000000000004,11.099863052368164,2.88013694763184
plant,sensors,XGBoost,loo_plant,trial1,4,4,8,13.980000000000004,20.78,20.911754608154297,0.13175460815429574
plant,sensors,XGBoost,loo_plant,trial1,4,8,12,20.78,29.78,26.687152862548828,3.092847137451173
plant,sensors,XGBoost,loo_plant,trial1,4,12,16,29.78,50.78,45.20764923095703,5.57235076904297
plant,sensors,XGBoost,loo_plant,trial1,4,16,20,50.78,91.78,91.70294189453125,0.07705810546875114
plant,sensors,XGBoost,loo_plant,trial1,4,20,24,91.78,140.78,147.92214965820312,7.142149658203124
plant,sensors,XGBoost,loo_plant,trial1,4,24,28,140.78,220.78,213.542236328125,7.237763671875001
plant,sensors,XGBoost,loo_plant,trial1,5,0,4,4.98,13.28,12.533130645751953,0.7468693542480462
plant,sensors,XGBoost,loo_plant,trial1,5,4,8,13.28,19.880000000000003,20.3682918548584,0.4882918548583959
plant,sensors,XGBoost,loo_plant,trial1,5,8,12,19.880000000000003,25.78,27.012571334838867,1.232571334838866
plant,sensors,XGBoost,loo_plant,trial1,5,12,16,25.78,36.78,35.71802520751953,1.0619747924804699
plant,sensors,XGBoost,loo_plant,trial1,5,16,20,36.78,65.78,71.930419921875,6.150419921874999
plant,sensors,XGBoost,loo_plant,trial1,5,20,24,65.78,123.78,100.34727478027344,23.432725219726564
plant,sensors,XGBoost,loo_plant,trial1,5,24,28,123.78,185.78,166.38941955566406,19.39058044433594
plant,sensors,XGBoost,loo_plant,trial1,6,0,4,3.8800000000000026,7.880000000000003,13.060382843017578,5.180382843017576
plant,sensors,XGBoost,loo_plant,trial1,6,4,8,7.880000000000003,17.330000000000002,18.306264877319336,0.9762648773193341
plant,sensors,XGBoost,loo_plant,trial1,6,8,12,17.330000000000002,21.78,25.6556453704834,3.8756453704833973
plant,sensors,XGBoost,loo_plant,trial1,6,12,16,21.78,35.78,34.47029113769531,1.3097088623046886
plant,sensors,XGBoost,loo_plant,trial1,6,16,20,35.78,69.78,52.93513107299805,16.844868927001954
plant,sensors,XGBoost,loo_plant,trial1,6,20,24,69.78,125.78,121.78814697265625,3.991853027343751
plant,sensors,XGBoost,loo_plant,trial1,6,24,28,125.78,195.78,185.48907470703125,10.290925292968751
plant,sensors,XGBoost,loo_plant,trial1,7,0,4,5.18,13.980000000000004,13.10288143157959,0.8771185684204141
plant,sensors,XGBoost,loo_plant,trial1,7,4,8,13.980000000000004,20.980000000000004,20.844675064086914,0.13532493591308992
plant,sensors,XGBoost,loo_plant,trial1,7,8,12,20.980000000000004,26.78,28.00592041015625,1.2259204101562489
plant,sensors,XGBoost,loo_plant,trial1,7,12,16,26.78,40.78,41.721229553222656,0.9412295532226551
plant,sensors,XGBoost,loo_plant,trial1,7,16,20,40.78,76.78,78.5146484375,1.7346484374999989
plant,sensors,XGBoost,loo_plant,trial1,7,20,24,76.78,135.78,127.84851837158203,7.93148162841797
plant,sensors,XGBoost,loo_plant,trial1,7,24,28,135.78,218.78,207.99661254882812,10.783387451171876
plant,sensors,XGBoost,loo_plant,trial1,8,0,4,4.580000000000002,11.28,12.759211540222168,1.4792115402221686
plant,sensors,XGBoost,loo_plant,trial1,8,4,8,11.28,18.380000000000003,18.320396423339844,0.05960357666015881
plant,sensors,XGBoost,loo_plant,trial1,8,8,12,18.380000000000003,26.78,26.871978759765625,0.09197875976562386
plant,sensors,XGBoost,loo_plant,trial1,8,12,16,26.78,42.78,40.5172119140625,2.262788085937501
plant,sensors,XGBoost,loo_plant,trial1,8,16,20,42.78,78.78,83.11444091796875,4.334440917968749
plant,sensors,XGBoost,loo_plant,trial1,8,20,24,78.78,137.78,135.5287628173828,2.2512371826171886
plant,sensors,XGBoost,loo_plant,trial1,8,24,28,137.78,214.78,216.97152709960938,2.191527099609374
plant,sensors,XGBoost,loo_plant,trial1,9,0,4,4.380000000000003,11.68,12.75216293334961,1.0721629333496097
plant,sensors,XGBoost,loo_plant,trial1,9,4,8,11.68,21.58,18.74184226989746,2.8381577301025374
plant,sensors,XGBoost,loo_plant,trial1,9,8,12,21.58,27.78,28.122968673706055,0.34296867370605355
plant,sensors,XGBoost,loo_plant,trial1,9,12,16,27.78,41.78,44.51797103881836,2.7379710388183582
plant,sensors,XGBoost,loo_plant,trial1,9,16,20,41.78,83.78,77.98646545410156,5.793534545898439
plant,sensors,XGBoost,loo_plant,trial1,9,20,24,83.78,152.78,139.4827117919922,13.297288208007814
plant,sensors,XGBoost,loo_plant,trial1,9,24,28,152.78,222.78,219.0009765625,3.779023437500001
plant,sensors,XGBoost,loo_plant,trial1,10,0,4,5.880000000000003,14.68,13.97606372833252,0.7039362716674802
plant,sensors,XGBoost,loo_plant,trial1,10,12,16,29.78,44.78,50.359458923339844,5.579458923339843
plant,sensors,XGBoost,loo_plant,trial1,10,16,20,44.78,82.78,87.9176025390625,5.137602539062499
plant,sensors,XGBoost,loo_plant,trial1,10,20,24,82.78,141.78,137.21127319335938,4.568726806640626
plant,sensors,XGBoost,loo_plant,trial1,10,24,28,141.78,220.78,219.42982482910156,1.3501751708984386
plant,sensors,Persist,lodo_target_day,trial1,1,0,4,4.48,12.880000000000004,4.48,8.400000000000004
plant,sensors,Persist,lodo_target_day,trial1,1,4,8,12.880000000000004,19.08,12.880000000000004,6.199999999999994
plant,sensors,Persist,lodo_target_day,trial1,1,8,12,19.08,26.78,19.08,7.700000000000003
plant,sensors,Persist,lodo_target_day,trial1,1,12,16,26.78,40.78,26.78,14.0
plant,sensors,Persist,lodo_target_day,trial1,1,16,20,40.78,78.78,40.78,38.0
plant,sensors,Persist,lodo_target_day,trial1,1,20,24,78.78,135.78,78.78,57.0
plant,sensors,Persist,lodo_target_day,trial1,1,24,28,135.78,213.78,135.78,78.0
plant,sensors,Persist,lodo_target_day,trial1,2,0,4,4.880000000000003,11.079999999999998,4.880000000000003,6.199999999999996
plant,sensors,Persist,lodo_target_day,trial1,2,4,8,11.079999999999998,18.18,11.079999999999998,7.100000000000001
plant,sensors,Persist,lodo_target_day,trial1,2,8,12,18.18,27.78,18.18,9.600000000000001
plant,sensors,Persist,lodo_target_day,trial1,2,12,16,27.78,45.78,27.78,18.0
plant,sensors,Persist,lodo_target_day,trial1,2,16,20,45.78,89.78,45.78,44.0
plant,sensors,Persist,lodo_target_day,trial1,2,20,24,89.78,153.78,89.78,64.0
plant,sensors,Persist,lodo_target_day,trial1,2,24,28,153.78,217.78,153.78,64.0
plant,sensors,Persist,lodo_target_day,trial1,3,0,4,6.580000000000002,16.880000000000003,6.580000000000002,10.3
plant,sensors,Persist,lodo_target_day,trial1,3,4,8,16.880000000000003,23.980000000000004,16.880000000000003,7.100000000000001
plant,sensors,Persist,lodo_target_day,trial1,3,8,12,23.980000000000004,32.78,23.980000000000004,8.799999999999997
plant,sensors,Persist,lodo_target_day,trial1,3,12,16,32.78,49.78,32.78,17.0
plant,sensors,Persist,lodo_target_day,trial1,3,16,20,49.78,93.78,49.78,44.0
plant,sensors,Persist,lodo_target_day,trial1,3,20,24,93.78,157.78,93.78,64.0
plant,sensors,Persist,lodo_target_day,trial1,3,24,28,157.78,232.78,157.78,75.0
plant,sensors,Persist,lodo_target_day,trial1,4,0,4,4.080000000000002,13.980000000000004,4.080000000000002,9.900000000000002
plant,sensors,Persist,lodo_target_day,trial1,4,4,8,13.980000000000004,20.78,13.980000000000004,6.799999999999997
plant,sensors,Persist,lodo_target_day,trial1,4,8,12,20.78,29.78,20.78,9.0
plant,sensors,Persist,lodo_target_day,trial1,4,12,16,29.78,50.78,29.78,21.0
plant,sensors,Persist,lodo_target_day,trial1,4,16,20,50.78,91.78,50.78,41.0
plant,sensors,Persist,lodo_target_day,trial1,4,20,24,91.78,140.78,91.78,49.0
plant,sensors,Persist,lodo_target_day,trial1,4,24,28,140.78,220.78,140.78,80.0
plant,sensors,Persist,lodo_target_day,trial1,5,0,4,4.98,13.28,4.98,8.299999999999999
plant,sensors,Persist,lodo_target_day,trial1,5,4,8,13.28,19.880000000000003,13.28,6.600000000000003
plant,sensors,Persist,lodo_target_day,trial1,5,8,12,19.880000000000003,25.78,19.880000000000003,5.899999999999999
plant,sensors,Persist,lodo_target_day,trial1,5,12,16,25.78,36.78,25.78,11.0
plant,sensors,Persist,lodo_target_day,trial1,5,16,20,36.78,65.78,36.78,29.0
plant,sensors,Persist,lodo_target_day,trial1,5,20,24,65.78,123.78,65.78,58.0
plant,sensors,Persist,lodo_target_day,trial1,5,24,28,123.78,185.78,123.78,62.0
plant,sensors,Persist,lodo_target_day,trial1,6,0,4,3.8800000000000026,7.880000000000003,3.8800000000000026,4.0
plant,sensors,Persist,lodo_target_day,trial1,6,4,8,7.880000000000003,17.330000000000002,7.880000000000003,9.45
plant,sensors,Persist,lodo_target_day,trial1,6,8,12,17.330000000000002,21.78,17.330000000000002,4.449999999999999
plant,sensors,Persist,lodo_target_day,trial1,6,12,16,21.78,35.78,21.78,14.0
plant,sensors,Persist,lodo_target_day,trial1,6,16,20,35.78,69.78,35.78,34.0
plant,sensors,Persist,lodo_target_day,trial1,6,20,24,69.78,125.78,69.78,56.0
plant,sensors,Persist,lodo_target_day,trial1,6,24,28,125.78,195.78,125.78,70.0
plant,sensors,Persist,lodo_target_day,trial1,7,0,4,5.18,13.980000000000004,5.18,8.800000000000004
plant,sensors,Persist,lodo_target_day,trial1,7,4,8,13.980000000000004,20.980000000000004,13.980000000000004,7.0
plant,sensors,Persist,lodo_target_day,trial1,7,8,12,20.980000000000004,26.78,20.980000000000004,5.799999999999997
plant,sensors,Persist,lodo_target_day,trial1,7,12,16,26.78,40.78,26.78,14.0
plant,sensors,Persist,lodo_target_day,trial1,7,16,20,40.78,76.78,40.78,36.0
plant,sensors,Persist,lodo_target_day,trial1,7,20,24,76.78,135.78,76.78,59.0
plant,sensors,Persist,lodo_target_day,trial1,7,24,28,135.78,218.78,135.78,83.0
plant,sensors,Persist,lodo_target_day,trial1,8,0,4,4.580000000000002,11.28,4.580000000000002,6.6999999999999975
plant,sensors,Persist,lodo_target_day,trial1,8,4,8,11.28,18.380000000000003,11.28,7.100000000000003
plant,sensors,Persist,lodo_target_day,trial1,8,8,12,18.380000000000003,26.78,18.380000000000003,8.399999999999999
plant,sensors,Persist,lodo_target_day,trial1,8,12,16,26.78,42.78,26.78,16.0
plant,sensors,Persist,lodo_target_day,trial1,8,16,20,42.78,78.78,42.78,36.0
plant,sensors,Persist,lodo_target_day,trial1,8,20,24,78.78,137.78,78.78,59.0
plant,sensors,Persist,lodo_target_day,trial1,8,24,28,137.78,214.78,137.78,77.0
plant,sensors,Persist,lodo_target_day,trial1,9,0,4,4.380000000000003,11.68,4.380000000000003,7.299999999999997
plant,sensors,Persist,lodo_target_day,trial1,9,4,8,11.68,21.58,11.68,9.899999999999999
plant,sensors,Persist,lodo_target_day,trial1,9,8,12,21.58,27.78,21.58,6.200000000000003
plant,sensors,Persist,lodo_target_day,trial1,9,12,16,27.78,41.78,27.78,14.0
plant,sensors,Persist,lodo_target_day,trial1,9,16,20,41.78,83.78,41.78,42.0
plant,sensors,Persist,lodo_target_day,trial1,9,20,24,83.78,152.78,83.78,69.0
plant,sensors,Persist,lodo_target_day,trial1,9,24,28,152.78,222.78,152.78,70.0
plant,sensors,Persist,lodo_target_day,trial1,10,0,4,5.880000000000003,14.68,5.880000000000003,8.799999999999997
plant,sensors,Persist,lodo_target_day,trial1,10,12,16,29.78,44.78,29.78,15.0
plant,sensors,Persist,lodo_target_day,trial1,10,16,20,44.78,82.78,44.78,38.0
plant,sensors,Persist,lodo_target_day,trial1,10,20,24,82.78,141.78,82.78,59.0
plant,sensors,Persist,lodo_target_day,trial1,10,24,28,141.78,220.78,141.78,79.0
plant,sensors,GrowMean,lodo_target_day,trial1,1,0,4,4.48,12.880000000000004,38.98172413793104,26.101724137931036
plant,sensors,GrowMean,lodo_target_day,trial1,1,4,8,12.880000000000004,19.08,46.991016949152545,27.911016949152547
plant,sensors,GrowMean,lodo_target_day,trial1,1,8,12,19.08,26.78,53.214745762711864,26.434745762711863
plant,sensors,GrowMean,lodo_target_day,trial1,1,12,16,26.78,40.78,59.98344827586207,19.203448275862065
plant,sensors,GrowMean,lodo_target_day,trial1,1,16,20,40.78,78.78,70.05241379310345,8.727586206896547
plant,sensors,GrowMean,lodo_target_day,trial1,1,20,24,78.78,135.78,104.39724137931034,31.382758620689657
plant,sensors,GrowMean,lodo_target_day,trial1,1,24,28,135.78,213.78,158.9144827586207,54.86551724137931
plant,sensors,GrowMean,lodo_target_day,trial1,2,0,4,4.880000000000003,11.079999999999998,39.38172413793104,28.30172413793104
plant,sensors,GrowMean,lodo_target_day,trial1,2,4,8,11.079999999999998,18.18,45.19101694915254,27.01101694915254
plant,sensors,GrowMean,lodo_target_day,trial1,2,8,12,18.18,27.78,52.314745762711865,24.534745762711864
plant,sensors,GrowMean,lodo_target_day,trial1,2,12,16,27.78,45.78,60.98344827586207,15.203448275862065
plant,sensors,GrowMean,lodo_target_day,trial1,2,16,20,45.78,89.78,75.05241379310345,14.727586206896547
plant,sensors,GrowMean,lodo_target_day,trial1,2,20,24,89.78,153.78,115.39724137931034,38.38275862068966
plant,sensors,GrowMean,lodo_target_day,trial1,2,24,28,153.78,217.78,176.9144827586207,40.86551724137931
plant,sensors,GrowMean,lodo_target_day,trial1,3,0,4,6.580000000000002,16.880000000000003,41.08172413793103,24.20172413793103
plant,sensors,GrowMean,lodo_target_day,trial1,3,4,8,16.880000000000003,23.980000000000004,50.991016949152545,27.01101694915254
plant,sensors,GrowMean,lodo_target_day,trial1,3,8,12,23.980000000000004,32.78,58.11474576271187,25.33474576271187
plant,sensors,GrowMean,lodo_target_day,trial1,3,12,16,32.78,49.78,65.98344827586206,16.20344827586206
plant,sensors,GrowMean,lodo_target_day,trial1,3,16,20,49.78,93.78,79.05241379310345,14.727586206896547
plant,sensors,GrowMean,lodo_target_day,trial1,3,20,24,93.78,157.78,119.39724137931034,38.38275862068966
plant,sensors,GrowMean,lodo_target_day,trial1,3,24,28,157.78,232.78,180.9144827586207,51.86551724137931
plant,sensors,GrowMean,lodo_target_day,trial1,4,0,4,4.080000000000002,13.980000000000004,38.58172413793103,24.60172413793103
plant,sensors,GrowMean,lodo_target_day,trial1,4,4,8,13.980000000000004,20.78,48.09101694915255,27.311016949152545
plant,sensors,GrowMean,lodo_target_day,trial1,4,8,12,20.78,29.78,54.91474576271187,25.134745762711866
plant,sensors,GrowMean,lodo_target_day,trial1,4,12,16,29.78,50.78,62.98344827586207,12.203448275862065
plant,sensors,GrowMean,lodo_target_day,trial1,4,16,20,50.78,91.78,80.05241379310345,11.727586206896547
plant,sensors,GrowMean,lodo_target_day,trial1,4,20,24,91.78,140.78,117.39724137931034,23.382758620689657
plant,sensors,GrowMean,lodo_target_day,trial1,4,24,28,140.78,220.78,163.9144827586207,56.86551724137931
plant,sensors,GrowMean,lodo_target_day,trial1,5,0,4,4.98,13.28,39.48172413793104,26.201724137931038
plant,sensors,GrowMean,lodo_target_day,trial1,5,4,8,13.28,19.880000000000003,47.391016949152544,27.51101694915254
plant,sensors,GrowMean,lodo_target_day,trial1,5,8,12,19.880000000000003,25.78,54.01474576271187,28.234745762711867
plant,sensors,GrowMean,lodo_target_day,trial1,5,12,16,25.78,36.78,58.98344827586207,22.203448275862065
plant,sensors,GrowMean,lodo_target_day,trial1,5,16,20,36.78,65.78,66.05241379310345,0.27241379310345337
plant,sensors,GrowMean,lodo_target_day,trial1,5,20,24,65.78,123.78,91.39724137931034,32.38275862068966
plant,sensors,GrowMean,lodo_target_day,trial1,5,24,28,123.78,185.78,146.9144827586207,38.86551724137931
plant,sensors,GrowMean,lodo_target_day,trial1,6,0,4,3.8800000000000026,7.880000000000003,38.38172413793104,30.501724137931035
plant,sensors,GrowMean,lodo_target_day,trial1,6,4,8,7.880000000000003,17.330000000000002,41.991016949152545,24.661016949152543
plant,sensors,GrowMean,lodo_target_day,trial1,6,8,12,17.330000000000002,21.78,51.46474576271187,29.68474576271187
plant,sensors,GrowMean,lodo_target_day,trial1,6,12,16,21.78,35.78,54.98344827586207,19.203448275862065
plant,sensors,GrowMean,lodo_target_day,trial1,6,16,20,35.78,69.78,65.05241379310345,4.727586206896547
plant,sensors,GrowMean,lodo_target_day,trial1,6,20,24,69.78,125.78,95.39724137931034,30.382758620689657
plant,sensors,GrowMean,lodo_target_day,trial1,6,24,28,125.78,195.78,148.9144827586207,46.86551724137931
plant,sensors,GrowMean,lodo_target_day,trial1,7,0,4,5.18,13.980000000000004,39.681724137931035,25.70172413793103
plant,sensors,GrowMean,lodo_target_day,trial1,7,4,8,13.980000000000004,20.980000000000004,48.09101694915255,27.111016949152543
plant,sensors,GrowMean,lodo_target_day,trial1,7,8,12,20.980000000000004,26.78,55.11474576271187,28.33474576271187
plant,sensors,GrowMean,lodo_target_day,trial1,7,12,16,26.78,40.78,59.98344827586207,19.203448275862065
plant,sensors,GrowMean,lodo_target_day,trial1,7,16,20,40.78,76.78,70.05241379310345,6.727586206896547
plant,sensors,GrowMean,lodo_target_day,trial1,7,20,24,76.78,135.78,102.39724137931034,33.38275862068966
plant,sensors,GrowMean,lodo_target_day,trial1,7,24,28,135.78,218.78,158.9144827586207,59.86551724137931
plant,sensors,GrowMean,lodo_target_day,trial1,8,0,4,4.580000000000002,11.28,39.08172413793103,27.801724137931032
plant,sensors,GrowMean,lodo_target_day,trial1,8,4,8,11.28,18.380000000000003,45.391016949152544,27.01101694915254
plant,sensors,GrowMean,lodo_target_day,trial1,8,8,12,18.380000000000003,26.78,52.51474576271187,25.734745762711867
plant,sensors,GrowMean,lodo_target_day,trial1,8,12,16,26.78,42.78,59.98344827586207,17.203448275862065
plant,sensors,GrowMean,lodo_target_day,trial1,8,16,20,42.78,78.78,72.05241379310345,6.727586206896547
plant,sensors,GrowMean,lodo_target_day,trial1,8,20,24,78.78,137.78,104.39724137931034,33.38275862068966
plant,sensors,GrowMean,lodo_target_day,trial1,8,24,28,137.78,214.78,160.9144827586207,53.86551724137931
plant,sensors,GrowMean,lodo_target_day,trial1,9,0,4,4.380000000000003,11.68,38.88172413793104,27.201724137931038
plant,sensors,GrowMean,lodo_target_day,trial1,9,4,8,11.68,21.58,45.79101694915254,24.211016949152544
plant,sensors,GrowMean,lodo_target_day,trial1,9,8,12,21.58,27.78,55.714745762711864,27.934745762711863
plant,sensors,GrowMean,lodo_target_day,trial1,9,12,16,27.78,41.78,60.98344827586207,19.203448275862065
plant,sensors,GrowMean,lodo_target_day,trial1,9,16,20,41.78,83.78,71.05241379310345,12.727586206896547
plant,sensors,GrowMean,lodo_target_day,trial1,9,20,24,83.78,152.78,109.39724137931034,43.38275862068966
plant,sensors,GrowMean,lodo_target_day,trial1,9,24,28,152.78,222.78,175.9144827586207,46.86551724137931
plant,sensors,GrowMean,lodo_target_day,trial1,10,0,4,5.880000000000003,14.68,40.38172413793104,25.701724137931038
plant,sensors,GrowMean,lodo_target_day,trial1,10,12,16,29.78,44.78,62.98344827586207,18.203448275862065
plant,sensors,GrowMean,lodo_target_day,trial1,10,16,20,44.78,82.78,74.05241379310345,8.727586206896547
plant,sensors,GrowMean,lodo_target_day,trial1,10,20,24,82.78,141.78,108.39724137931034,33.38275862068966
plant,sensors,GrowMean,lodo_target_day,trial1,10,24,28,141.78,220.78,164.9144827586207,55.86551724137931
plant,sensors,Ridge,lodo_target_day,trial1,1,0,4,4.48,12.880000000000004,31.313370309901998,18.433370309901996
plant,sensors,Ridge,lodo_target_day,trial1,1,4,8,12.880000000000004,19.08,5.558425022197525,13.521574977802473
plant,sensors,Ridge,lodo_target_day,trial1,1,8,12,19.08,26.78,37.80727346589575,11.027273465895746
plant,sensors,Ridge,lodo_target_day,trial1,1,12,16,26.78,40.78,62.60477230267042,21.824772302670418
plant,sensors,Ridge,lodo_target_day,trial1,1,16,20,40.78,78.78,72.61234903139085,6.167650968609152
plant,sensors,Ridge,lodo_target_day,trial1,1,20,24,78.78,135.78,135.2986226951098,0.48137730489020214
plant,sensors,Ridge,lodo_target_day,trial1,1,24,28,135.78,213.78,139.7388797859092,74.0411202140908
plant,sensors,Ridge,lodo_target_day,trial1,2,0,4,4.880000000000003,11.079999999999998,31.40841295020367,20.32841295020367
plant,sensors,Ridge,lodo_target_day,trial1,2,4,8,11.079999999999998,18.18,3.998899991567953,14.181100008432047
plant,sensors,Ridge,lodo_target_day,trial1,2,8,12,18.18,27.78,37.27080132876973,9.490801328769727
plant,sensors,Ridge,lodo_target_day,trial1,2,12,16,27.78,45.78,63.71950739788903,17.93950739788903
plant,sensors,Ridge,lodo_target_day,trial1,2,16,20,45.78,89.78,76.86785485379143,12.912145146208573
plant,sensors,Ridge,lodo_target_day,trial1,2,20,24,89.78,153.78,144.33578933127433,9.444210668725674
plant,sensors,Ridge,lodo_target_day,trial1,2,24,28,153.78,217.78,155.5664507197293,62.21354928027071
plant,sensors,Ridge,lodo_target_day,trial1,3,0,4,6.580000000000002,16.880000000000003,31.81234417148577,14.932344171485767
plant,sensors,Ridge,lodo_target_day,trial1,3,4,8,16.880000000000003,23.980000000000004,8.893694050657558,15.086305949342446
plant,sensors,Ridge,lodo_target_day,trial1,3,8,12,23.980000000000004,32.78,41.750345413938895,8.970345413938894
plant,sensors,Ridge,lodo_target_day,trial1,3,12,16,32.78,49.78,67.19521594841018,17.41521594841018
plant,sensors,Ridge,lodo_target_day,trial1,3,16,20,49.78,93.78,79.46202554464601,14.31797445535399
plant,sensors,Ridge,lodo_target_day,trial1,3,20,24,93.78,157.78,147.2096535860103,10.57034641398971
plant,sensors,Ridge,lodo_target_day,trial1,3,24,28,157.78,232.78,158.6992747358986,74.0807252641014
plant,sensors,Ridge,lodo_target_day,trial1,4,0,4,4.080000000000002,13.980000000000004,31.218327669600335,17.23832766960033
plant,sensors,Ridge,lodo_target_day,trial1,4,4,8,13.980000000000004,20.78,6.518251702828138,14.261748297171863
plant,sensors,Ridge,lodo_target_day,trial1,4,8,12,20.78,29.78,39.225996304804106,9.445996304804105
plant,sensors,Ridge,lodo_target_day,trial1,4,12,16,29.78,50.78,65.05275870749942,14.27275870749942
plant,sensors,Ridge,lodo_target_day,trial1,4,16,20,50.78,91.78,80.93044782689061,10.849552173109387
plant,sensors,Ridge,lodo_target_day,trial1,4,20,24,91.78,140.78,145.20570149082198,4.425701490821979
plant,sensors,Ridge,lodo_target_day,trial1,4,24,28,140.78,220.78,141.67792367919697,79.10207632080304
plant,sensors,Ridge,lodo_target_day,trial1,5,0,4,4.98,13.28,31.432173610279087,18.152173610279085
plant,sensors,Ridge,lodo_target_day,trial1,5,4,8,13.28,19.880000000000003,5.8793053446208035,14.000694655379199
plant,sensors,Ridge,lodo_target_day,trial1,5,8,12,19.880000000000003,25.78,38.49564362946862,12.715643629468616
plant,sensors,Ridge,lodo_target_day,trial1,5,12,16,25.78,36.78,61.51040581837968,24.73040581837968
plant,sensors,Ridge,lodo_target_day,trial1,5,16,20,36.78,65.78,69.24652694333068,3.4665269433306776
plant,sensors,Ridge,lodo_target_day,trial1,5,20,24,65.78,123.78,124.25750396375693,0.4775039637569307
plant,sensors,Ridge,lodo_target_day,trial1,5,24,28,123.78,185.78,130.58753100326683,55.19246899673317
plant,sensors,Ridge,lodo_target_day,trial1,6,0,4,3.8800000000000026,7.880000000000003,31.1708063494495,23.290806349449497
plant,sensors,Ridge,lodo_target_day,trial1,6,4,8,7.880000000000003,17.330000000000002,1.3010307181535836,16.02896928184642
plant,sensors,Ridge,lodo_target_day,trial1,6,8,12,17.330000000000002,21.78,37.028515751365646,15.248515751365645
plant,sensors,Ridge,lodo_target_day,trial1,6,12,16,21.78,35.78,58.304135009570004,22.524135009570003
plant,sensors,Ridge,lodo_target_day,trial1,6,16,20,35.78,69.78,69.12849460619589,0.6515053938041149
plant,sensors,Ridge,lodo_target_day,trial1,6,20,24,69.78,125.78,128.07640149819343,2.2964014981934326
plant,sensors,Ridge,lodo_target_day,trial1,6,24,28,125.78,195.78,131.65969647962052,64.12030352037948
plant,sensors,Ridge,lodo_target_day,trial1,7,0,4,5.18,13.980000000000004,31.479694930429922,17.499694930429918
plant,sensors,Ridge,lodo_target_day,trial1,7,4,8,13.980000000000004,20.980000000000004,6.4702819150178925,14.509718084982111
plant,sensors,Ridge,lodo_target_day,trial1,7,8,12,20.980000000000004,26.78,39.41571434917092,12.635714349170918
plant,sensors,Ridge,lodo_target_day,trial1,7,12,16,26.78,40.78,62.21776869504065,21.437768695040646
plant,sensors,Ridge,lodo_target_day,trial1,7,16,20,40.78,76.78,72.61234903139085,4.167650968609152
plant,sensors,Ridge,lodo_target_day,trial1,7,20,24,76.78,135.78,133.4836772558616,2.2963227441383935
plant,sensors,Ridge,lodo_target_day,trial1,7,24,28,135.78,218.78,140.23312631764014,78.54687368235986
plant,sensors,Ridge,lodo_target_day,trial1,8,0,4,4.580000000000002,11.28,31.337130969977423,20.057130969977422
plant,sensors,Ridge,lodo_target_day,trial1,8,4,8,11.28,18.380000000000003,4.183325046684729,14.196674953315274
plant,sensors,Ridge,lodo_target_day,trial1,8,8,12,18.380000000000003,26.78,37.42526836618936,10.645268366189356
plant,sensors,Ridge,lodo_target_day,trial1,8,12,16,26.78,42.78,62.74735257916559,19.967352579165592
plant,sensors,Ridge,lodo_target_day,trial1,8,16,20,42.78,78.78,74.39171650007165,4.388283499928349
plant,sensors,Ridge,lodo_target_day,trial1,8,20,24,78.78,137.78,134.9206093832296,2.859390616770412
plant,sensors,Ridge,lodo_target_day,trial1,8,24,28,137.78,214.78,141.7995383257248,72.9804616742752
plant,sensors,Ridge,lodo_target_day,trial1,9,0,4,4.380000000000003,11.68,31.289609649826588,19.609609649826588
plant,sensors,Ridge,lodo_target_day,trial1,9,4,8,11.68,21.58,4.534731597714554,17.045268402285444
plant,sensors,Ridge,lodo_target_day,trial1,9,8,12,21.58,27.78,40.39025506216386,12.610255062163858
plant,sensors,Ridge,lodo_target_day,trial1,9,12,16,27.78,41.78,63.026974626341016,21.246974626341014
plant,sensors,Ridge,lodo_target_day,trial1,9,16,20,41.78,83.78,73.30911991642985,10.470880083570151
plant,sensors,Ridge,lodo_target_day,trial1,9,20,24,83.78,152.78,139.6469796372902,13.1330203627098
plant,sensors,Ridge,lodo_target_day,trial1,9,24,28,152.78,222.78,156.01886104501438,66.76113895498563
plant,sensors,Ridge,lodo_target_day,trial1,10,0,4,5.880000000000003,14.68,31.646019550957845,16.966019550957846
plant,sensors,Ridge,lodo_target_day,trial1,10,12,16,29.78,44.78,72.15467783579356,27.374677835793563
plant,sensors,Ridge,lodo_target_day,trial1,10,16,20,44.78,82.78,75.59234542084823,7.1876545791517685
plant,sensors,Ridge,lodo_target_day,trial1,10,20,24,82.78,141.78,138.17248694984573,3.6075130501542674
plant,sensors,Ridge,lodo_target_day,trial1,10,24,28,141.78,220.78,144.93236234189408,75.84763765810592
plant,sensors,ElasticNet,lodo_target_day,trial1,1,0,4,4.48,12.880000000000004,31.19613125027356,18.316131250273557
plant,sensors,ElasticNet,lodo_target_day,trial1,1,4,8,12.880000000000004,19.08,3.707625493909873,15.372374506090125
plant,sensors,ElasticNet,lodo_target_day,trial1,1,8,12,19.08,26.78,36.24651871582443,9.466518715824428
plant,sensors,ElasticNet,lodo_target_day,trial1,1,12,16,26.78,40.78,62.20934740918503,21.429347409185027
plant,sensors,ElasticNet,lodo_target_day,trial1,1,16,20,40.78,78.78,73.54356031432725,5.2364396856727495
plant,sensors,ElasticNet,lodo_target_day,trial1,1,20,24,78.78,135.78,139.36774082735184,3.587740827351837
plant,sensors,ElasticNet,lodo_target_day,trial1,1,24,28,135.78,213.78,142.76215252759127,71.01784747240873
plant,sensors,ElasticNet,lodo_target_day,trial1,2,0,4,4.880000000000003,11.079999999999998,31.36570021376039,20.285700213760393
plant,sensors,ElasticNet,lodo_target_day,trial1,2,4,8,11.079999999999998,18.18,1.8973280120161746,16.282671987983825
plant,sensors,ElasticNet,lodo_target_day,trial1,2,8,12,18.18,27.78,35.47319807855748,7.693198078557479
plant,sensors,ElasticNet,lodo_target_day,trial1,2,12,16,27.78,45.78,63.48279070208038,17.702790702080378
plant,sensors,ElasticNet,lodo_target_day,trial1,2,16,20,45.78,89.78,78.84805647040568,10.93194352959432
plant,sensors,ElasticNet,lodo_target_day,trial1,2,20,24,89.78,153.78,151.21092836976908,2.5690716302309227
plant,sensors,ElasticNet,lodo_target_day,trial1,2,24,28,153.78,217.78,162.62625710123635,55.15374289876365
plant,sensors,ElasticNet,lodo_target_day,trial1,3,0,4,6.580000000000002,16.880000000000003,32.086368308579424,15.206368308579421
plant,sensors,ElasticNet,lodo_target_day,trial1,3,4,8,16.880000000000003,23.980000000000004,7.863044921773735,16.11695507822627
plant,sensors,ElasticNet,lodo_target_day,trial1,3,8,12,23.980000000000004,32.78,41.24573912280175,8.46573912280175
plant,sensors,ElasticNet,lodo_target_day,trial1,3,12,16,32.78,49.78,68.22528961571838,18.44528961571838
plant,sensors,ElasticNet,lodo_target_day,trial1,3,16,20,49.78,93.78,82.4269494903365,11.353050509663504
plant,sensors,ElasticNet,lodo_target_day,trial1,3,20,24,93.78,157.78,155.27373750249336,2.50626249750664
plant,sensors,ElasticNet,lodo_target_day,trial1,3,24,28,157.78,232.78,166.4243309387308,66.3556690612692
plant,sensors,ElasticNet,lodo_target_day,trial1,4,0,4,4.080000000000002,13.980000000000004,31.026562286786735,17.04656228678673
plant,sensors,ElasticNet,lodo_target_day,trial1,4,4,8,13.980000000000004,20.78,4.807020608111088,15.972979391888913
plant,sensors,ElasticNet,lodo_target_day,trial1,4,8,12,20.78,29.78,38.02008272806517,8.240082728065168
plant,sensors,ElasticNet,lodo_target_day,trial1,4,12,16,29.78,50.78,65.33562318848365,14.55562318848365
plant,sensors,ElasticNet,lodo_target_day,trial1,4,16,20,50.78,91.78,83.99428979197651,7.785710208023488
plant,sensors,ElasticNet,lodo_target_day,trial1,4,20,24,91.78,140.78,152.90710172241847,12.127101722418473
plant,sensors,ElasticNet,lodo_target_day,trial1,4,24,28,140.78,220.78,144.34086219026514,76.43913780973486
plant,sensors,ElasticNet,lodo_target_day,trial1,5,0,4,4.98,13.28,31.408092454632097,18.128092454632096
plant,sensors,ElasticNet,lodo_target_day,trial1,5,4,8,13.28,19.880000000000003,4.136026890664326,15.743973109335677
plant,sensors,ElasticNet,lodo_target_day,trial1,5,8,12,19.880000000000003,25.78,37.0971394915571,11.3171394915571
plant,sensors,ElasticNet,lodo_target_day,trial1,5,12,16,25.78,36.78,60.95167807309393,24.17167807309393
plant,sensors,ElasticNet,lodo_target_day,trial1,5,16,20,36.78,65.78,69.33161595636602,3.551615956366021
plant,sensors,ElasticNet,lodo_target_day,trial1,5,20,24,65.78,123.78,125.15791750485975,1.3779175048597523
plant,sensors,ElasticNet,lodo_target_day,trial1,5,24,28,123.78,185.78,131.76404134438212,54.01595865561788
plant,sensors,ElasticNet,lodo_target_day,trial1,6,0,4,3.8800000000000026,7.880000000000003,30.941777805043316,23.061777805043313
plant,sensors,ElasticNet,lodo_target_day,trial1,6,4,8,7.880000000000003,17.330000000000002,-1.396854327867004,18.726854327867006
plant,sensors,ElasticNet,lodo_target_day,trial1,6,8,12,17.330000000000002,21.78,34.946870516063456,13.166870516063454
plant,sensors,ElasticNet,lodo_target_day,trial1,6,12,16,21.78,35.78,56.82800324497449,21.04800324497449
plant,sensors,ElasticNet,lodo_target_day,trial1,6,16,20,35.78,69.78,68.87211549627924,0.9078845037207657
plant,sensors,ElasticNet,lodo_target_day,trial1,6,20,24,69.78,125.78,129.77944532710526,3.9994453271052635
plant,sensors,ElasticNet,lodo_target_day,trial1,6,24,28,125.78,195.78,132.8708576045808,62.909142395419195
plant,sensors,ElasticNet,lodo_target_day,trial1,7,0,4,5.18,13.980000000000004,31.492876936375517,17.512876936375513
plant,sensors,ElasticNet,lodo_target_day,trial1,7,4,8,13.980000000000004,20.980000000000004,4.855797847300337,16.124202152699667
plant,sensors,ElasticNet,lodo_target_day,trial1,7,8,12,20.980000000000004,26.78,38.2463399764748,11.4663399764748
plant,sensors,ElasticNet,lodo_target_day,trial1,7,12,16,26.78,40.78,61.90964222990408,21.12964222990408
plant,sensors,ElasticNet,lodo_target_day,trial1,7,16,20,40.78,76.78,73.54356031432725,3.2364396856727495
plant,sensors,ElasticNet,lodo_target_day,trial1,7,20,24,76.78,135.78,137.1128487851812,1.3328487851811985
plant,sensors,ElasticNet,lodo_target_day,trial1,7,24,28,135.78,218.78,143.55437318613983,75.22562681386017
plant,sensors,ElasticNet,lodo_target_day,trial1,8,0,4,4.580000000000002,11.28,31.238523491145273,19.95852349114527
plant,sensors,ElasticNet,lodo_target_day,trial1,8,4,8,11.28,18.380000000000003,2.0871400907987834,16.29285990920122
plant,sensors,ElasticNet,lodo_target_day,trial1,8,8,12,18.380000000000003,26.78,35.67225121801418,8.89225121801418
plant,sensors,ElasticNet,lodo_target_day,trial1,8,12,16,26.78,42.78,62.31976510681485,19.539765106814848
plant,sensors,ElasticNet,lodo_target_day,trial1,8,16,20,42.78,78.78,75.72866391056166,3.051336089438337
plant,sensors,ElasticNet,lodo_target_day,trial1,8,20,24,78.78,137.78,139.14425335154334,1.36425335154334
plant,sensors,ElasticNet,lodo_target_day,trial1,8,24,28,137.78,214.78,145.45341010488707,69.32658989511293
plant,sensors,ElasticNet,lodo_target_day,trial1,9,0,4,4.380000000000003,11.68,31.153739009401853,19.473739009401854
plant,sensors,ElasticNet,lodo_target_day,trial1,9,4,8,11.68,21.58,2.4845014262509864,19.095498573749012
plant,sensors,ElasticNet,lodo_target_day,trial1,9,8,12,21.58,27.78,39.2379589746624,11.457958974662397
plant,sensors,ElasticNet,lodo_target_day,trial1,9,12,16,27.78,41.78,62.946476170735544,21.166476170735542
plant,sensors,ElasticNet,lodo_target_day,trial1,9,16,20,41.78,83.78,74.47784927793685,9.302150722063146
plant,sensors,ElasticNet,lodo_target_day,trial1,9,20,24,83.78,152.78,144.8932271948742,7.886772805125787
plant,sensors,ElasticNet,lodo_target_day,trial1,9,24,28,152.78,222.78,163.65729028823415,59.12270971176585
plant,sensors,ElasticNet,lodo_target_day,trial1,10,0,4,5.880000000000003,14.68,31.789622622477474,17.109622622477474
plant,sensors,ElasticNet,lodo_target_day,trial1,10,12,16,29.78,44.78,71.99822286652416,27.218222866524158
plant,sensors,ElasticNet,lodo_target_day,trial1,10,16,20,44.78,82.78,77.43897900327326,5.341020996726741
plant,sensors,ElasticNet,lodo_target_day,trial1,10,20,24,82.78,141.78,143.43054996007612,1.6505499600761198
plant,sensors,ElasticNet,lodo_target_day,trial1,10,24,28,141.78,220.78,149.25148394238153,71.52851605761848
plant,sensors,SVR-RBF,lodo_target_day,trial1,1,0,4,4.48,12.880000000000004,47.378899317607875,34.49889931760787
plant,sensors,SVR-RBF,lodo_target_day,trial1,1,4,8,12.880000000000004,19.08,21.89982851540178,2.819828515401781
plant,sensors,SVR-RBF,lodo_target_day,trial1,1,8,12,19.08,26.78,52.49110664763096,25.711106647630956
plant,sensors,SVR-RBF,lodo_target_day,trial1,1,12,16,26.78,40.78,89.489547496243,48.709547496243005
plant,sensors,SVR-RBF,lodo_target_day,trial1,1,16,20,40.78,78.78,98.42614617778067,19.646146177780665
plant,sensors,SVR-RBF,lodo_target_day,trial1,1,20,24,78.78,135.78,85.45329654449564,50.32670345550436
plant,sensors,SVR-RBF,lodo_target_day,trial1,1,24,28,135.78,213.78,69.73429089179992,144.04570910820007
plant,sensors,SVR-RBF,lodo_target_day,trial1,2,0,4,4.880000000000003,11.079999999999998,47.28594238382813,36.20594238382813
plant,sensors,SVR-RBF,lodo_target_day,trial1,2,4,8,11.079999999999998,18.18,21.217498973174358,3.0374989731743582
plant,sensors,SVR-RBF,lodo_target_day,trial1,2,8,12,18.18,27.78,52.17935106690501,24.399351066905005
plant,sensors,SVR-RBF,lodo_target_day,trial1,2,12,16,27.78,45.78,89.5903223661998,43.8103223661998
plant,sensors,SVR-RBF,lodo_target_day,trial1,2,16,20,45.78,89.78,97.73295354009367,7.952953540093674
plant,sensors,SVR-RBF,lodo_target_day,trial1,2,20,24,89.78,153.78,86.70873870721532,67.07126129278468
plant,sensors,SVR-RBF,lodo_target_day,trial1,2,24,28,153.78,217.78,69.68841449307908,148.09158550692092
plant,sensors,SVR-RBF,lodo_target_day,trial1,3,0,4,6.580000000000002,16.880000000000003,47.049814169431215,30.169814169431213
plant,sensors,SVR-RBF,lodo_target_day,trial1,3,4,8,16.880000000000003,23.980000000000004,24.289494222102533,0.3094942221025292
plant,sensors,SVR-RBF,lodo_target_day,trial1,3,8,12,23.980000000000004,32.78,56.06844082539493,23.28844082539493
plant,sensors,SVR-RBF,lodo_target_day,trial1,3,12,16,32.78,49.78,90.57538414382704,40.795384143827036
plant,sensors,SVR-RBF,lodo_target_day,trial1,3,16,20,49.78,93.78,97.17689432984136,3.396894329841359
plant,sensors,SVR-RBF,lodo_target_day,trial1,3,20,24,93.78,157.78,86.95786129038164,70.82213870961836
plant,sensors,SVR-RBF,lodo_target_day,trial1,3,24,28,157.78,232.78,69.67966589257432,163.10033410742568
plant,sensors,SVR-RBF,lodo_target_day,trial1,4,0,4,4.080000000000002,13.980000000000004,47.48597825316078,33.50597825316078
plant,sensors,SVR-RBF,lodo_target_day,trial1,4,4,8,13.980000000000004,20.78,22.66023801005815,1.8802380100581502
plant,sensors,SVR-RBF,lodo_target_day,trial1,4,8,12,20.78,29.78,53.484191539136916,23.704191539136914
plant,sensors,SVR-RBF,lodo_target_day,trial1,4,12,16,29.78,50.78,89.87783131904484,39.09783131904484
plant,sensors,SVR-RBF,lodo_target_day,trial1,4,16,20,50.78,91.78,97.4763511658368,5.696351165836802
plant,sensors,SVR-RBF,lodo_target_day,trial1,4,20,24,91.78,140.78,86.86413333656776,53.91586666343224
plant,sensors,SVR-RBF,lodo_target_day,trial1,4,24,28,140.78,220.78,69.70775120354374,151.07224879645628
plant,sensors,SVR-RBF,lodo_target_day,trial1,5,0,4,4.98,13.28,47.26491783724231,33.98491783724231
plant,sensors,SVR-RBF,lodo_target_day,trial1,5,4,8,13.28,19.880000000000003,21.949019796876883,2.06901979687688
plant,sensors,SVR-RBF,lodo_target_day,trial1,5,8,12,19.880000000000003,25.78,52.929193600991496,27.149193600991495
plant,sensors,SVR-RBF,lodo_target_day,trial1,5,12,16,25.78,36.78,89.45243299736623,52.67243299736623
plant,sensors,SVR-RBF,lodo_target_day,trial1,5,16,20,36.78,65.78,99.32029042939632,33.54029042939632
plant,sensors,SVR-RBF,lodo_target_day,trial1,5,20,24,65.78,123.78,83.941531241323,39.838468758676996
plant,sensors,SVR-RBF,lodo_target_day,trial1,5,24,28,123.78,185.78,69.75386142388871,116.0261385761113
plant,sensors,SVR-RBF,lodo_target_day,trial1,6,0,4,3.8800000000000026,7.880000000000003,47.54478978616964,39.664789786169635
plant,sensors,SVR-RBF,lodo_target_day,trial1,6,4,8,7.880000000000003,17.330000000000002,21.69677715575756,4.366777155757557
plant,sensors,SVR-RBF,lodo_target_day,trial1,6,8,12,17.330000000000002,21.78,52.27559459540495,30.495594595404945
plant,sensors,SVR-RBF,lodo_target_day,trial1,6,12,16,21.78,35.78,89.54712679666332,53.76712679666332
plant,sensors,SVR-RBF,lodo_target_day,trial1,6,16,20,35.78,69.78,99.83532016943016,30.05532016943016
plant,sensors,SVR-RBF,lodo_target_day,trial1,6,20,24,69.78,125.78,84.328046560261,41.451953439739
plant,sensors,SVR-RBF,lodo_target_day,trial1,6,24,28,125.78,195.78,69.75212373771619,126.02787626228381
plant,sensors,SVR-RBF,lodo_target_day,trial1,7,0,4,5.18,13.980000000000004,47.22553323924163,33.245533239241624
plant,sensors,SVR-RBF,lodo_target_day,trial1,7,4,8,13.980000000000004,20.980000000000004,22.293288831687306,1.3132888316873021
plant,sensors,SVR-RBF,lodo_target_day,trial1,7,8,12,20.980000000000004,26.78,53.62669433207667,26.846694332076666
plant,sensors,SVR-RBF,lodo_target_day,trial1,7,12,16,26.78,40.78,89.52837683542012,48.74837683542012
plant,sensors,SVR-RBF,lodo_target_day,trial1,7,16,20,40.78,76.78,98.42614617778067,21.646146177780665
plant,sensors,SVR-RBF,lodo_target_day,trial1,7,20,24,76.78,135.78,85.17805849675915,50.60194150324085
plant,sensors,SVR-RBF,lodo_target_day,trial1,7,24,28,135.78,218.78,69.73615128588447,149.04384871411554
plant,sensors,SVR-RBF,lodo_target_day,trial1,8,0,4,4.580000000000002,11.28,47.354333346299505,36.074333346299504
plant,sensors,SVR-RBF,lodo_target_day,trial1,8,4,8,11.28,18.380000000000003,21.32655205771306,2.946552057713056
plant,sensors,SVR-RBF,lodo_target_day,trial1,8,8,12,18.380000000000003,26.78,52.255280190751996,25.475280190751995
plant,sensors,SVR-RBF,lodo_target_day,trial1,8,12,16,26.78,42.78,89.4875908160664,46.7075908160664
plant,sensors,SVR-RBF,lodo_target_day,trial1,8,16,20,42.78,78.78,98.12228225822831,19.34228225822831
plant,sensors,SVR-RBF,lodo_target_day,trial1,8,20,24,78.78,137.78,85.44547802413406,52.33452197586594
plant,sensors,SVR-RBF,lodo_target_day,trial1,8,24,28,137.78,214.78,69.73069238749429,145.04930761250571
plant,sensors,SVR-RBF,lodo_target_day,trial1,9,0,4,4.380000000000003,11.68,47.404347959988115,35.724347959988116
plant,sensors,SVR-RBF,lodo_target_day,trial1,9,4,8,11.68,21.58,21.476611801973007,0.10338819802699106
plant,sensors,SVR-RBF,lodo_target_day,trial1,9,8,12,21.58,27.78,54.33454865539396,26.55454865539396
plant,sensors,SVR-RBF,lodo_target_day,trial1,9,12,16,27.78,41.78,89.62312751608995,47.84312751608995
plant,sensors,SVR-RBF,lodo_target_day,trial1,9,16,20,41.78,83.78,98.18635787445294,14.406357874452937
plant,sensors,SVR-RBF,lodo_target_day,trial1,9,20,24,83.78,152.78,86.101931981376,66.678068018624
plant,sensors,SVR-RBF,lodo_target_day,trial1,9,24,28,152.78,222.78,69.69264488595788,153.0873551140421
plant,sensors,SVR-RBF,lodo_target_day,trial1,10,0,4,5.880000000000003,14.68,47.115753728431315,32.435753728431315
plant,sensors,SVR-RBF,lodo_target_day,trial1,10,12,16,29.78,44.78,91.1562664379401,46.3762664379401
plant,sensors,SVR-RBF,lodo_target_day,trial1,10,16,20,44.78,82.78,97.6469880394208,14.866988039420804
plant,sensors,SVR-RBF,lodo_target_day,trial1,10,20,24,82.78,141.78,85.97805106670121,55.80194893329879
plant,sensors,SVR-RBF,lodo_target_day,trial1,10,24,28,141.78,220.78,69.71883863802732,151.06116136197267
plant,sensors,RandomForest,lodo_target_day,trial1,1,0,4,4.48,12.880000000000004,39.982387262623405,27.102387262623402
plant,sensors,RandomForest,lodo_target_day,trial1,1,4,8,12.880000000000004,19.08,19.347583008845348,0.26758300884534947
plant,sensors,RandomForest,lodo_target_day,trial1,1,8,12,19.08,26.78,30.046855071329556,3.266855071329555
plant,sensors,RandomForest,lodo_target_day,trial1,1,12,16,26.78,40.78,35.544922316794626,5.235077683205375
plant,sensors,RandomForest,lodo_target_day,trial1,1,16,20,40.78,78.78,64.00571447574083,14.77428552425917
plant,sensors,RandomForest,lodo_target_day,trial1,1,20,24,78.78,135.78,91.13560436785447,44.64439563214553
plant,sensors,RandomForest,lodo_target_day,trial1,1,24,28,135.78,213.78,112.34660273060275,101.43339726939725
plant,sensors,RandomForest,lodo_target_day,trial1,2,0,4,4.880000000000003,11.079999999999998,39.982387262623405,28.902387262623407
plant,sensors,RandomForest,lodo_target_day,trial1,2,4,8,11.079999999999998,18.18,18.926740415327753,0.7467404153277535
plant,sensors,RandomForest,lodo_target_day,trial1,2,8,12,18.18,27.78,30.046855071329556,2.266855071329555
plant,sensors,RandomForest,lodo_target_day,trial1,2,12,16,27.78,45.78,35.544922316794626,10.235077683205375
plant,sensors,RandomForest,lodo_target_day,trial1,2,16,20,45.78,89.78,64.00571447574083,25.77428552425917
plant,sensors,RandomForest,lodo_target_day,trial1,2,20,24,89.78,153.78,112.80856865356868,40.97143134643132
plant,sensors,RandomForest,lodo_target_day,trial1,2,24,28,153.78,217.78,112.6385000971251,105.1414999028749
plant,sensors,RandomForest,lodo_target_day,trial1,3,0,4,6.580000000000002,16.880000000000003,39.982387262623405,23.102387262623402
plant,sensors,RandomForest,lodo_target_day,trial1,3,4,8,16.880000000000003,23.980000000000004,19.147781144043485,4.832218855956519
plant,sensors,RandomForest,lodo_target_day,trial1,3,8,12,23.980000000000004,32.78,31.367960178415448,1.4120398215845533
plant,sensors,RandomForest,lodo_target_day,trial1,3,12,16,32.78,49.78,45.91540297429073,3.8645970257092728
plant,sensors,RandomForest,lodo_target_day,trial1,3,16,20,49.78,93.78,95.50517561084754,1.7251756108475433
plant,sensors,RandomForest,lodo_target_day,trial1,3,20,24,93.78,157.78,126.20406594794089,31.57593405205911
plant,sensors,RandomForest,lodo_target_day,trial1,3,24,28,157.78,232.78,112.6385000971251,120.1414999028749
plant,sensors,RandomForest,lodo_target_day,trial1,4,0,4,4.080000000000002,13.980000000000004,39.982387262623405,26.0023872626234
plant,sensors,RandomForest,lodo_target_day,trial1,4,4,8,13.980000000000004,20.78,19.147781144043485,1.6322188559565163
plant,sensors,RandomForest,lodo_target_day,trial1,4,8,12,20.78,29.78,31.132601845082117,1.3526018450821162
plant,sensors,RandomForest,lodo_target_day,trial1,4,12,16,29.78,50.78,39.96427005743119,10.815729942568808
plant,sensors,RandomForest,lodo_target_day,trial1,4,16,20,50.78,91.78,105.4926565955491,13.712656595549092
plant,sensors,RandomForest,lodo_target_day,trial1,4,20,24,91.78,140.78,123.61300317737812,17.166996822621883
plant,sensors,RandomForest,lodo_target_day,trial1,4,24,28,140.78,220.78,112.81244003219004,107.96755996780996
plant,sensors,RandomForest,lodo_target_day,trial1,5,0,4,4.98,13.28,39.982387262623405,26.702387262623404
plant,sensors,RandomForest,lodo_target_day,trial1,5,4,8,13.28,19.880000000000003,19.347583008845348,0.5324169911546548
plant,sensors,RandomForest,lodo_target_day,trial1,5,8,12,19.880000000000003,25.78,30.722192754173026,4.942192754173025
plant,sensors,RandomForest,lodo_target_day,trial1,5,12,16,25.78,36.78,35.544922316794626,1.2350776832053754
plant,sensors,RandomForest,lodo_target_day,trial1,5,16,20,36.78,65.78,63.61773828526465,2.162261714735351
plant,sensors,RandomForest,lodo_target_day,trial1,5,20,24,65.78,123.78,80.74254628704642,43.03745371295358
plant,sensors,RandomForest,lodo_target_day,trial1,5,24,28,123.78,185.78,111.24919995282497,74.53080004717503
plant,sensors,RandomForest,lodo_target_day,trial1,6,0,4,3.8800000000000026,7.880000000000003,39.982387262623405,32.1023872626234
plant,sensors,RandomForest,lodo_target_day,trial1,6,4,8,7.880000000000003,17.330000000000002,18.85394554353288,1.5239455435328786
plant,sensors,RandomForest,lodo_target_day,trial1,6,8,12,17.330000000000002,21.78,29.335759562671548,7.555759562671547
plant,sensors,RandomForest,lodo_target_day,trial1,6,12,16,21.78,35.78,42.09603214405886,6.316032144058859
plant,sensors,RandomForest,lodo_target_day,trial1,6,16,20,35.78,69.78,63.46648828526465,6.313511714735348
plant,sensors,RandomForest,lodo_target_day,trial1,6,20,24,69.78,125.78,81.75629628704641,44.02370371295359
plant,sensors,RandomForest,lodo_target_day,trial1,6,24,28,125.78,195.78,111.58847773060273,84.19152226939727
plant,sensors,RandomForest,lodo_target_day,trial1,7,0,4,5.18,13.980000000000004,39.982387262623405,26.0023872626234
plant,sensors,RandomForest,lodo_target_day,trial1,7,4,8,13.980000000000004,20.980000000000004,19.254749675512013,1.725250324487991
plant,sensors,RandomForest,lodo_target_day,trial1,7,8,12,20.980000000000004,26.78,31.132601845082117,4.352601845082116
plant,sensors,RandomForest,lodo_target_day,trial1,7,12,16,26.78,40.78,35.49351847064079,5.2864815293592144
plant,sensors,RandomForest,lodo_target_day,trial1,7,16,20,40.78,76.78,64.00571447574083,12.77428552425917
plant,sensors,RandomForest,lodo_target_day,trial1,7,20,24,76.78,135.78,89.9657180042181,45.8142819957819
plant,sensors,RandomForest,lodo_target_day,trial1,7,24,28,135.78,218.78,112.34660273060275,106.43339726939725
plant,sensors,RandomForest,lodo_target_day,trial1,8,0,4,4.580000000000002,11.28,39.982387262623405,28.702387262623404
plant,sensors,RandomForest,lodo_target_day,trial1,8,4,8,11.28,18.380000000000003,18.926740415327753,0.5467404153277506
plant,sensors,RandomForest,lodo_target_day,trial1,8,8,12,18.380000000000003,26.78,30.046855071329556,3.266855071329555
plant,sensors,RandomForest,lodo_target_day,trial1,8,12,16,26.78,42.78,35.544922316794626,7.235077683205375
plant,sensors,RandomForest,lodo_target_day,trial1,8,16,20,42.78,78.78,64.00571447574083,14.77428552425917
plant,sensors,RandomForest,lodo_target_day,trial1,8,20,24,78.78,137.78,90.1257180042181,47.6542819957819
plant,sensors,RandomForest,lodo_target_day,trial1,8,24,28,137.78,214.78,112.4649360639361,102.31506393606391
plant,sensors,RandomForest,lodo_target_day,trial1,9,0,4,4.380000000000003,11.68,39.982387262623405,28.302387262623405
plant,sensors,RandomForest,lodo_target_day,trial1,9,4,8,11.68,21.58,19.010698748661085,2.5693012513389135
plant,sensors,RandomForest,lodo_target_day,trial1,9,8,12,21.58,27.78,31.367960178415448,3.5879601784154467
plant,sensors,RandomForest,lodo_target_day,trial1,9,12,16,27.78,41.78,35.49351847064079,6.2864815293592144
plant,sensors,RandomForest,lodo_target_day,trial1,9,16,20,41.78,83.78,64.00571447574083,19.77428552425917
plant,sensors,RandomForest,lodo_target_day,trial1,9,20,24,83.78,152.78,95.37778131590638,57.402218684093626
plant,sensors,RandomForest,lodo_target_day,trial1,9,24,28,152.78,222.78,112.6385000971251,110.1414999028749
plant,sensors,RandomForest,lodo_target_day,trial1,10,0,4,5.880000000000003,14.68,39.982387262623405,25.302387262623405
plant,sensors,RandomForest,lodo_target_day,trial1,10,12,16,29.78,44.78,41.37934267647879,3.4006573235212088
plant,sensors,RandomForest,lodo_target_day,trial1,10,16,20,44.78,82.78,68.53289396292031,14.24710603707969
plant,sensors,RandomForest,lodo_target_day,trial1,10,20,24,82.78,141.78,92.68857298257306,49.09142701742694
plant,sensors,RandomForest,lodo_target_day,trial1,10,24,28,141.78,220.78,112.99601146076148,107.78398853923852
plant,sensors,GradBoost,lodo_target_day,trial1,1,0,4,4.48,12.880000000000004,26.515304929984197,13.635304929984192
plant,sensors,GradBoost,lodo_target_day,trial1,1,4,8,12.880000000000004,19.08,19.650947547859083,0.5709475478590846
plant,sensors,GradBoost,lodo_target_day,trial1,1,8,12,19.08,26.78,27.54110835199055,0.7611083519905506
plant,sensors,GradBoost,lodo_target_day,trial1,1,12,16,26.78,40.78,32.42098428704496,8.359015712955042
plant,sensors,GradBoost,lodo_target_day,trial1,1,16,20,40.78,78.78,50.97103318677918,27.80896681322082
plant,sensors,GradBoost,lodo_target_day,trial1,1,20,24,78.78,135.78,121.41681263666028,14.36318736333972
plant,sensors,GradBoost,lodo_target_day,trial1,1,24,28,135.78,213.78,123.83019816156445,89.94980183843555
plant,sensors,GradBoost,lodo_target_day,trial1,2,0,4,4.880000000000003,11.079999999999998,26.515304929984197,15.435304929984198
plant,sensors,GradBoost,lodo_target_day,trial1,2,4,8,11.079999999999998,18.18,19.125981485916252,0.9459814859162528
plant,sensors,GradBoost,lodo_target_day,trial1,2,8,12,18.18,27.78,28.123843728451483,0.3438437284514819
plant,sensors,GradBoost,lodo_target_day,trial1,2,12,16,27.78,45.78,32.394251999629745,13.385748000370256
plant,sensors,GradBoost,lodo_target_day,trial1,2,16,20,45.78,89.78,50.97103318677918,38.80896681322082
plant,sensors,GradBoost,lodo_target_day,trial1,2,20,24,89.78,153.78,141.5871758885718,12.192824111428195
plant,sensors,GradBoost,lodo_target_day,trial1,2,24,28,153.78,217.78,125.4873006401772,92.2926993598228
plant,sensors,GradBoost,lodo_target_day,trial1,3,0,4,6.580000000000002,16.880000000000003,26.515304929984197,9.635304929984194
plant,sensors,GradBoost,lodo_target_day,trial1,3,4,8,16.880000000000003,23.980000000000004,19.435054936608157,4.544945063391847
plant,sensors,GradBoost,lodo_target_day,trial1,3,8,12,23.980000000000004,32.78,36.636394813791455,3.8563948137914537
plant,sensors,GradBoost,lodo_target_day,trial1,3,12,16,32.78,49.78,40.323788164750525,9.456211835249476
plant,sensors,GradBoost,lodo_target_day,trial1,3,16,20,49.78,93.78,92.22253062517231,1.55746937482769
plant,sensors,GradBoost,lodo_target_day,trial1,3,20,24,93.78,157.78,141.80272163076535,15.977278369234654
plant,sensors,GradBoost,lodo_target_day,trial1,3,24,28,157.78,232.78,125.5529623476366,107.2270376523634
plant,sensors,GradBoost,lodo_target_day,trial1,4,0,4,4.080000000000002,13.980000000000004,26.515304929984197,12.535304929984193
plant,sensors,GradBoost,lodo_target_day,trial1,4,4,8,13.980000000000004,20.78,19.547343768715212,1.232656231284789
plant,sensors,GradBoost,lodo_target_day,trial1,4,8,12,20.78,29.78,34.96081660186258,5.180816601862581
plant,sensors,GradBoost,lodo_target_day,trial1,4,12,16,29.78,50.78,32.394251999629745,18.385748000370256
plant,sensors,GradBoost,lodo_target_day,trial1,4,16,20,50.78,91.78,77.42724105526322,14.352758944736777
plant,sensors,GradBoost,lodo_target_day,trial1,4,20,24,91.78,140.78,141.80272163076535,1.0227216307653464
plant,sensors,GradBoost,lodo_target_day,trial1,4,24,28,140.78,220.78,123.83019816156445,96.94980183843555
plant,sensors,GradBoost,lodo_target_day,trial1,5,0,4,4.98,13.28,26.515304929984197,13.235304929984197
plant,sensors,GradBoost,lodo_target_day,trial1,5,4,8,13.28,19.880000000000003,19.650947547859083,0.22905245214091963
plant,sensors,GradBoost,lodo_target_day,trial1,5,8,12,19.880000000000003,25.78,34.96081660186258,9.180816601862581
plant,sensors,GradBoost,lodo_target_day,trial1,5,12,16,25.78,36.78,32.42098428704496,4.359015712955042
plant,sensors,GradBoost,lodo_target_day,trial1,5,16,20,36.78,65.78,50.97103318677918,14.80896681322082
plant,sensors,GradBoost,lodo_target_day,trial1,5,20,24,65.78,123.78,95.11613481910462,28.663865180895385
plant,sensors,GradBoost,lodo_target_day,trial1,5,24,28,123.78,185.78,123.83019816156445,61.94980183843555
plant,sensors,GradBoost,lodo_target_day,trial1,6,0,4,3.8800000000000026,7.880000000000003,26.515304929984197,18.635304929984194
plant,sensors,GradBoost,lodo_target_day,trial1,6,4,8,7.880000000000003,17.330000000000002,19.157160807726246,1.8271608077262442
plant,sensors,GradBoost,lodo_target_day,trial1,6,8,12,17.330000000000002,21.78,28.316638140278922,6.536638140278921
plant,sensors,GradBoost,lodo_target_day,trial1,6,12,16,21.78,35.78,33.208708743254476,2.571291256745525
plant,sensors,GradBoost,lodo_target_day,trial1,6,16,20,35.78,69.78,50.148355578343505,19.631644421656496
plant,sensors,GradBoost,lodo_target_day,trial1,6,20,24,69.78,125.78,95.11613481910462,30.663865180895385
plant,sensors,GradBoost,lodo_target_day,trial1,6,24,28,125.78,195.78,123.83019816156445,71.94980183843555
plant,sensors,GradBoost,lodo_target_day,trial1,7,0,4,5.18,13.980000000000004,26.515304929984197,12.535304929984193
plant,sensors,GradBoost,lodo_target_day,trial1,7,4,8,13.980000000000004,20.980000000000004,19.547343768715212,1.432656231284792
plant,sensors,GradBoost,lodo_target_day,trial1,7,8,12,20.980000000000004,26.78,34.96081660186258,8.180816601862581
plant,sensors,GradBoost,lodo_target_day,trial1,7,12,16,26.78,40.78,32.42098428704496,8.359015712955042
plant,sensors,GradBoost,lodo_target_day,trial1,7,16,20,40.78,76.78,50.97103318677918,25.80896681322082
plant,sensors,GradBoost,lodo_target_day,trial1,7,20,24,76.78,135.78,121.41681263666028,14.36318736333972
plant,sensors,GradBoost,lodo_target_day,trial1,7,24,28,135.78,218.78,123.83019816156445,94.94980183843555
plant,sensors,GradBoost,lodo_target_day,trial1,8,0,4,4.580000000000002,11.28,26.515304929984197,15.235304929984197
plant,sensors,GradBoost,lodo_target_day,trial1,8,4,8,11.28,18.380000000000003,19.125981485916252,0.7459814859162499
plant,sensors,GradBoost,lodo_target_day,trial1,8,8,12,18.380000000000003,26.78,28.045286676609607,1.2652866766096054
plant,sensors,GradBoost,lodo_target_day,trial1,8,12,16,26.78,42.78,32.394251999629745,10.385748000370256
plant,sensors,GradBoost,lodo_target_day,trial1,8,16,20,42.78,78.78,50.97103318677918,27.80896681322082
plant,sensors,GradBoost,lodo_target_day,trial1,8,20,24,78.78,137.78,121.41681263666028,16.36318736333972
plant,sensors,GradBoost,lodo_target_day,trial1,8,24,28,137.78,214.78,123.83019816156445,90.94980183843555
plant,sensors,GradBoost,lodo_target_day,trial1,9,0,4,4.380000000000003,11.68,26.515304929984197,14.835304929984197
plant,sensors,GradBoost,lodo_target_day,trial1,9,4,8,11.68,21.58,19.58625439332192,1.993745606678079
plant,sensors,GradBoost,lodo_target_day,trial1,9,8,12,21.58,27.78,35.51477777405783,7.734777774057832
plant,sensors,GradBoost,lodo_target_day,trial1,9,12,16,27.78,41.78,32.42098428704496,9.359015712955042
plant,sensors,GradBoost,lodo_target_day,trial1,9,16,20,41.78,83.78,50.97103318677918,32.80896681322082
plant,sensors,GradBoost,lodo_target_day,trial1,9,20,24,83.78,152.78,121.41681263666028,31.36318736333972
plant,sensors,GradBoost,lodo_target_day,trial1,9,24,28,152.78,222.78,125.4873006401772,97.2926993598228
plant,sensors,GradBoost,lodo_target_day,trial1,10,0,4,5.880000000000003,14.68,26.515304929984197,11.835304929984197
plant,sensors,GradBoost,lodo_target_day,trial1,10,12,16,29.78,44.78,32.527398585547964,12.252601414452037
plant,sensors,GradBoost,lodo_target_day,trial1,10,16,20,44.78,82.78,50.97103318677918,31.80896681322082
plant,sensors,GradBoost,lodo_target_day,trial1,10,20,24,82.78,141.78,121.41681263666028,20.36318736333972
plant,sensors,GradBoost,lodo_target_day,trial1,10,24,28,141.78,220.78,123.83019816156445,96.94980183843555
plant,sensors,XGBoost,lodo_target_day,trial1,1,0,4,4.48,12.880000000000004,27.572172164916992,14.692172164916988
plant,sensors,XGBoost,lodo_target_day,trial1,1,4,8,12.880000000000004,19.08,19.610227584838867,0.5302275848388689
plant,sensors,XGBoost,lodo_target_day,trial1,1,8,12,19.08,26.78,23.236068725585938,3.5439312744140636
plant,sensors,XGBoost,lodo_target_day,trial1,1,12,16,26.78,40.78,30.812767028808594,9.967232971191407
plant,sensors,XGBoost,lodo_target_day,trial1,1,16,20,40.78,78.78,50.69941329956055,28.080586700439454
plant,sensors,XGBoost,lodo_target_day,trial1,1,20,24,78.78,135.78,96.78717803955078,38.99282196044922
plant,sensors,XGBoost,lodo_target_day,trial1,1,24,28,135.78,213.78,153.7054901123047,60.074509887695314
plant,sensors,XGBoost,lodo_target_day,trial1,2,0,4,4.880000000000003,11.079999999999998,27.572172164916992,16.492172164916994
plant,sensors,XGBoost,lodo_target_day,trial1,2,4,8,11.079999999999998,18.18,19.362686157226562,1.1826861572265628
plant,sensors,XGBoost,lodo_target_day,trial1,2,8,12,18.18,27.78,23.236068725585938,4.543931274414064
plant,sensors,XGBoost,lodo_target_day,trial1,2,12,16,27.78,45.78,30.737159729003906,15.042840270996095
plant,sensors,XGBoost,lodo_target_day,trial1,2,16,20,45.78,89.78,50.53213882446289,39.24786117553711
plant,sensors,XGBoost,lodo_target_day,trial1,2,20,24,89.78,153.78,96.72479248046875,57.05520751953125
plant,sensors,XGBoost,lodo_target_day,trial1,2,24,28,153.78,217.78,153.83839416503906,63.94160583496094
plant,sensors,XGBoost,lodo_target_day,trial1,3,0,4,6.580000000000002,16.880000000000003,27.572172164916992,10.69217216491699
plant,sensors,XGBoost,lodo_target_day,trial1,3,4,8,16.880000000000003,23.980000000000004,19.503206253051758,4.476793746948246
plant,sensors,XGBoost,lodo_target_day,trial1,3,8,12,23.980000000000004,32.78,30.740198135375977,2.0398018646240246
plant,sensors,XGBoost,lodo_target_day,trial1,3,12,16,32.78,49.78,30.923974990844727,18.856025009155275
plant,sensors,XGBoost,lodo_target_day,trial1,3,16,20,49.78,93.78,49.63719940185547,44.14280059814453
plant,sensors,XGBoost,lodo_target_day,trial1,3,20,24,93.78,157.78,96.72479248046875,61.05520751953125
plant,sensors,XGBoost,lodo_target_day,trial1,3,24,28,157.78,232.78,153.9222869873047,78.85771301269531
plant,sensors,XGBoost,lodo_target_day,trial1,4,0,4,4.080000000000002,13.980000000000004,27.572172164916992,13.592172164916988
plant,sensors,XGBoost,lodo_target_day,trial1,4,4,8,13.980000000000004,20.78,19.503206253051758,1.2767937469482433
plant,sensors,XGBoost,lodo_target_day,trial1,4,8,12,20.78,29.78,23.236068725585938,6.543931274414064
plant,sensors,XGBoost,lodo_target_day,trial1,4,12,16,29.78,50.78,30.737159729003906,20.042840270996095
plant,sensors,XGBoost,lodo_target_day,trial1,4,16,20,50.78,91.78,49.63719940185547,42.14280059814453
plant,sensors,XGBoost,lodo_target_day,trial1,4,20,24,91.78,140.78,96.72479248046875,44.05520751953125
plant,sensors,XGBoost,lodo_target_day,trial1,4,24,28,140.78,220.78,153.7054901123047,67.07450988769531
plant,sensors,XGBoost,lodo_target_day,trial1,5,0,4,4.98,13.28,27.572172164916992,14.292172164916993
plant,sensors,XGBoost,lodo_target_day,trial1,5,4,8,13.28,19.880000000000003,19.610227584838867,0.26977241516113537
plant,sensors,XGBoost,lodo_target_day,trial1,5,8,12,19.880000000000003,25.78,23.236068725585938,2.5439312744140636
plant,sensors,XGBoost,lodo_target_day,trial1,5,12,16,25.78,36.78,30.812767028808594,5.967232971191407
plant,sensors,XGBoost,lodo_target_day,trial1,5,16,20,36.78,65.78,50.69941329956055,15.080586700439454
plant,sensors,XGBoost,lodo_target_day,trial1,5,20,24,65.78,123.78,96.78717803955078,26.99282196044922
plant,sensors,XGBoost,lodo_target_day,trial1,5,24,28,123.78,185.78,153.34910583496094,32.430894165039064
plant,sensors,XGBoost,lodo_target_day,trial1,6,0,4,3.8800000000000026,7.880000000000003,27.572172164916992,19.69217216491699
plant,sensors,XGBoost,lodo_target_day,trial1,6,4,8,7.880000000000003,17.330000000000002,19.362686157226562,2.0326861572265607
plant,sensors,XGBoost,lodo_target_day,trial1,6,8,12,17.330000000000002,21.78,23.311979293823242,1.531979293823241
plant,sensors,XGBoost,lodo_target_day,trial1,6,12,16,21.78,35.78,34.08638381958008,1.693616180419923
plant,sensors,XGBoost,lodo_target_day,trial1,6,16,20,35.78,69.78,50.69941329956055,19.080586700439454
plant,sensors,XGBoost,lodo_target_day,trial1,6,20,24,69.78,125.78,96.78717803955078,28.99282196044922
plant,sensors,XGBoost,lodo_target_day,trial1,6,24,28,125.78,195.78,153.34910583496094,42.430894165039064
plant,sensors,XGBoost,lodo_target_day,trial1,7,0,4,5.18,13.980000000000004,27.572172164916992,13.592172164916988
plant,sensors,XGBoost,lodo_target_day,trial1,7,4,8,13.980000000000004,20.980000000000004,19.610227584838867,1.3697724151611368
plant,sensors,XGBoost,lodo_target_day,trial1,7,8,12,20.980000000000004,26.78,23.236068725585938,3.5439312744140636
plant,sensors,XGBoost,lodo_target_day,trial1,7,12,16,26.78,40.78,30.812767028808594,9.967232971191407
plant,sensors,XGBoost,lodo_target_day,trial1,7,16,20,40.78,76.78,50.69941329956055,26.080586700439454
plant,sensors,XGBoost,lodo_target_day,trial1,7,20,24,76.78,135.78,96.78717803955078,38.99282196044922
plant,sensors,XGBoost,lodo_target_day,trial1,7,24,28,135.78,218.78,153.7054901123047,65.07450988769531
plant,sensors,XGBoost,lodo_target_day,trial1,8,0,4,4.580000000000002,11.28,27.572172164916992,16.29217216491699
plant,sensors,XGBoost,lodo_target_day,trial1,8,4,8,11.28,18.380000000000003,19.362686157226562,0.9826861572265599
plant,sensors,XGBoost,lodo_target_day,trial1,8,8,12,18.380000000000003,26.78,23.236068725585938,3.5439312744140636
plant,sensors,XGBoost,lodo_target_day,trial1,8,12,16,26.78,42.78,30.737159729003906,12.042840270996095
plant,sensors,XGBoost,lodo_target_day,trial1,8,16,20,42.78,78.78,50.69941329956055,28.080586700439454
plant,sensors,XGBoost,lodo_target_day,trial1,8,20,24,78.78,137.78,96.78717803955078,40.99282196044922
plant,sensors,XGBoost,lodo_target_day,trial1,8,24,28,137.78,214.78,153.7054901123047,61.074509887695314
plant,sensors,XGBoost,lodo_target_day,trial1,9,0,4,4.380000000000003,11.68,27.572172164916992,15.892172164916992
plant,sensors,XGBoost,lodo_target_day,trial1,9,4,8,11.68,21.58,19.610227584838867,1.969772415161131
plant,sensors,XGBoost,lodo_target_day,trial1,9,8,12,21.58,27.78,23.311979293823242,4.468020706176759
plant,sensors,XGBoost,lodo_target_day,trial1,9,12,16,27.78,41.78,30.812767028808594,10.967232971191407
plant,sensors,XGBoost,lodo_target_day,trial1,9,16,20,41.78,83.78,50.69941329956055,33.080586700439454
plant,sensors,XGBoost,lodo_target_day,trial1,9,20,24,83.78,152.78,96.78717803955078,55.99282196044922
plant,sensors,XGBoost,lodo_target_day,trial1,9,24,28,152.78,222.78,153.83839416503906,68.94160583496094
plant,sensors,XGBoost,lodo_target_day,trial1,10,0,4,5.880000000000003,14.68,27.572172164916992,12.892172164916992
plant,sensors,XGBoost,lodo_target_day,trial1,10,12,16,29.78,44.78,30.839092254638672,13.94090774536133
plant,sensors,XGBoost,lodo_target_day,trial1,10,16,20,44.78,82.78,50.53213882446289,32.24786117553711
plant,sensors,XGBoost,lodo_target_day,trial1,10,20,24,82.78,141.78,96.78717803955078,44.99282196044922
plant,sensors,XGBoost,lodo_target_day,trial1,10,24,28,141.78,220.78,153.7054901123047,67.07450988769531
