sample_id,trial,day,plant_id,date,split,pack,seed,model,target_fw_g,pred_fw_g,abs_error_g
trial1_day0_plant1,trial1,0,1,2025-10-14,lodo,lin_phy,42,NestedSelect,4.48,29.309535685684203,24.829535685684203
trial1_day0_plant2,trial1,0,2,2025-10-14,lodo,lin_phy,42,NestedSelect,4.880000000000003,29.078497291619307,24.198497291619304
trial1_day0_plant3,trial1,0,3,2025-10-14,lodo,lin_phy,42,NestedSelect,6.580000000000002,28.847458897554418,22.267458897554416
trial1_day0_plant4,trial1,0,4,2025-10-14,lodo,lin_phy,42,NestedSelect,4.080000000000002,28.616420503489522,24.53642050348952
trial1_day0_plant5,trial1,0,5,2025-10-14,lodo,lin_phy,42,NestedSelect,4.98,28.385382109424633,23.405382109424632
trial1_day0_plant6,trial1,0,6,2025-10-14,lodo,lin_phy,42,NestedSelect,3.8800000000000026,28.154343715359744,24.27434371535974
trial1_day0_plant7,trial1,0,7,2025-10-14,lodo,lin_phy,42,NestedSelect,5.18,27.923305321294848,22.743305321294848
trial1_day0_plant8,trial1,0,8,2025-10-14,lodo,lin_phy,42,NestedSelect,4.580000000000002,27.69226692722995,23.11226692722995
trial1_day0_plant9,trial1,0,9,2025-10-14,lodo,lin_phy,42,NestedSelect,4.380000000000003,27.461228533165063,23.08122853316506
trial1_day0_plant10,trial1,0,10,2025-10-14,lodo,lin_phy,42,NestedSelect,5.880000000000003,27.23019013910018,21.350190139100178
trial1_day4_plant1,trial1,4,1,2025-10-18,lodo,lin_phy,42,NestedSelect,12.880000000000004,54.59496933790291,41.71496933790291
trial1_day4_plant2,trial1,4,2,2025-10-18,lodo,lin_phy,42,NestedSelect,11.079999999999998,55.62970855760217,44.54970855760217
trial1_day4_plant3,trial1,4,3,2025-10-18,lodo,lin_phy,42,NestedSelect,16.880000000000003,54.13855998749512,37.25855998749512
trial1_day4_plant4,trial1,4,4,2025-10-18,lodo,lin_phy,42,NestedSelect,13.980000000000004,53.91035531229123,39.930355312291226
trial1_day4_plant5,trial1,4,5,2025-10-18,lodo,lin_phy,42,NestedSelect,13.28,53.68215063708733,40.40215063708733
trial1_day4_plant6,trial1,4,6,2025-10-18,lodo,lin_phy,42,NestedSelect,7.880000000000003,53.453945961883434,45.57394596188343
trial1_day4_plant7,trial1,4,7,2025-10-18,lodo,lin_phy,42,NestedSelect,13.980000000000004,53.225741286679536,39.24574128667953
trial1_day4_plant8,trial1,4,8,2025-10-18,lodo,lin_phy,42,NestedSelect,11.28,56.262718949130445,44.982718949130444
trial1_day4_plant9,trial1,4,9,2025-10-18,lodo,lin_phy,42,NestedSelect,11.68,52.76933193627175,41.08933193627175
trial1_day4_plant10,trial1,4,10,2025-10-18,lodo,lin_phy,42,NestedSelect,14.68,52.54112726106786,37.86112726106786
trial1_day8_plant1,trial1,8,1,2025-10-22,lodo,lin_phy,42,NestedSelect,19.08,25.319210052490234,6.239210052490236
trial1_day8_plant2,trial1,8,2,2025-10-22,lodo,lin_phy,42,NestedSelect,18.18,25.474809646606445,7.294809646606446
trial1_day8_plant3,trial1,8,3,2025-10-22,lodo,lin_phy,42,NestedSelect,23.980000000000004,25.928964614868164,1.94896461486816
trial1_day8_plant4,trial1,8,4,2025-10-22,lodo,lin_phy,42,NestedSelect,20.78,25.238792419433594,4.458792419433593
trial1_day8_plant5,trial1,8,5,2025-10-22,lodo,lin_phy,42,NestedSelect,19.880000000000003,20.41751480102539,0.5375148010253881
trial1_day8_plant6,trial1,8,6,2025-10-22,lodo,lin_phy,42,NestedSelect,17.330000000000002,20.20135498046875,2.871354980468748
trial1_day8_plant7,trial1,8,7,2025-10-22,lodo,lin_phy,42,NestedSelect,20.980000000000004,22.75149154663086,1.7714915466308554
trial1_day8_plant8,trial1,8,8,2025-10-22,lodo,lin_phy,42,NestedSelect,18.380000000000003,22.31513214111328,3.9351321411132787
trial1_day8_plant9,trial1,8,9,2025-10-22,lodo,lin_phy,42,NestedSelect,21.58,23.609394073486328,2.02939407348633
trial1_day12_plant1,trial1,12,1,2025-10-26,lodo,lin_phy,42,NestedSelect,26.78,20.161476135253906,6.618523864746095
trial1_day12_plant2,trial1,12,2,2025-10-26,lodo,lin_phy,42,NestedSelect,27.78,21.154836654663086,6.625163345336915
trial1_day12_plant3,trial1,12,3,2025-10-26,lodo,lin_phy,42,NestedSelect,32.78,22.011171340942383,10.768828659057618
trial1_day12_plant4,trial1,12,4,2025-10-26,lodo,lin_phy,42,NestedSelect,29.78,21.140220642089844,8.639779357910157
trial1_day12_plant5,trial1,12,5,2025-10-26,lodo,lin_phy,42,NestedSelect,25.78,17.455169677734375,8.324830322265626
trial1_day12_plant6,trial1,12,6,2025-10-26,lodo,lin_phy,42,NestedSelect,21.78,17.455169677734375,4.324830322265626
trial1_day12_plant7,trial1,12,7,2025-10-26,lodo,lin_phy,42,NestedSelect,26.78,18.490707397460938,8.289292602539064
trial1_day12_plant8,trial1,12,8,2025-10-26,lodo,lin_phy,42,NestedSelect,26.78,19.203615188598633,7.576384811401368
trial1_day12_plant9,trial1,12,9,2025-10-26,lodo,lin_phy,42,NestedSelect,27.78,19.6517333984375,8.128266601562501
trial1_day12_plant10,trial1,12,10,2025-10-26,lodo,lin_phy,42,NestedSelect,29.78,19.718887329101562,10.061112670898439
trial1_day16_plant1,trial1,16,1,2025-10-30,lodo,lin_phy,42,NestedSelect,40.78,32.22894287109375,8.551057128906251
trial1_day16_plant2,trial1,16,2,2025-10-30,lodo,lin_phy,42,NestedSelect,45.78,32.51139831542969,13.268601684570314
trial1_day16_plant3,trial1,16,3,2025-10-30,lodo,lin_phy,42,NestedSelect,49.78,33.74716567993164,16.03283432006836
trial1_day16_plant4,trial1,16,4,2025-10-30,lodo,lin_phy,42,NestedSelect,50.78,32.31340789794922,18.466592102050782
trial1_day16_plant5,trial1,16,5,2025-10-30,lodo,lin_phy,42,NestedSelect,36.78,29.210662841796875,7.569337158203126
trial1_day16_plant6,trial1,16,6,2025-10-30,lodo,lin_phy,42,NestedSelect,35.78,29.210662841796875,6.569337158203126
trial1_day16_plant7,trial1,16,7,2025-10-30,lodo,lin_phy,42,NestedSelect,40.78,29.11236572265625,11.667634277343751
trial1_day16_plant8,trial1,16,8,2025-10-30,lodo,lin_phy,42,NestedSelect,42.78,30.409082412719727,12.370917587280275
trial1_day16_plant9,trial1,16,9,2025-10-30,lodo,lin_phy,42,NestedSelect,41.78,30.512723922729492,11.267276077270509
trial1_day16_plant10,trial1,16,10,2025-10-30,lodo,lin_phy,42,NestedSelect,44.78,31.065893173217773,13.714106826782228
trial1_day20_plant1,trial1,20,1,2025-11-03,lodo,lin_phy,42,NestedSelect,78.78,77.25830841064453,1.5216915893554699
trial1_day20_plant2,trial1,20,2,2025-11-03,lodo,lin_phy,42,NestedSelect,89.78,83.95559692382812,5.824403076171876
trial1_day20_plant3,trial1,20,3,2025-11-03,lodo,lin_phy,42,NestedSelect,93.78,88.04229736328125,5.737702636718751
trial1_day20_plant4,trial1,20,4,2025-11-03,lodo,lin_phy,42,NestedSelect,91.78,83.37495422363281,8.405045776367189
trial1_day20_plant5,trial1,20,5,2025-11-03,lodo,lin_phy,42,NestedSelect,65.78,71.03962707519531,5.259627075195311
trial1_day20_plant6,trial1,20,6,2025-11-03,lodo,lin_phy,42,NestedSelect,69.78,75.77710723876953,5.99710723876953
trial1_day20_plant7,trial1,20,7,2025-11-03,lodo,lin_phy,42,NestedSelect,76.78,76.38581848144531,0.39418151855468864
trial1_day20_plant8,trial1,20,8,2025-11-03,lodo,lin_phy,42,NestedSelect,78.78,80.81620788574219,2.0362078857421864
trial1_day20_plant9,trial1,20,9,2025-11-03,lodo,lin_phy,42,NestedSelect,83.78,77.10616302490234,6.673836975097657
trial1_day20_plant10,trial1,20,10,2025-11-03,lodo,lin_phy,42,NestedSelect,82.78,82.58470916748047,0.1952908325195324
trial1_day24_plant1,trial1,24,1,2025-11-07,lodo,lin_phy,42,NestedSelect,135.78,71.52889251708984,64.25110748291016
trial1_day24_plant2,trial1,24,2,2025-11-07,lodo,lin_phy,42,NestedSelect,153.78,81.20153045654297,72.57846954345703
trial1_day24_plant3,trial1,24,3,2025-11-07,lodo,lin_phy,42,NestedSelect,157.78,72.2674331665039,85.5125668334961
trial1_day24_plant4,trial1,24,4,2025-11-07,lodo,lin_phy,42,NestedSelect,140.78,79.27494049072266,61.505059509277345
trial1_day24_plant5,trial1,24,5,2025-11-07,lodo,lin_phy,42,NestedSelect,123.78,81.24375915527344,42.536240844726564
trial1_day24_plant6,trial1,24,6,2025-11-07,lodo,lin_phy,42,NestedSelect,125.78,73.74213409423828,52.03786590576172
trial1_day24_plant7,trial1,24,7,2025-11-07,lodo,lin_phy,42,NestedSelect,135.78,83.71886444091797,52.06113555908203
trial1_day24_plant8,trial1,24,8,2025-11-07,lodo,lin_phy,42,NestedSelect,137.78,76.83377075195312,60.946229248046876
trial1_day24_plant9,trial1,24,9,2025-11-07,lodo,lin_phy,42,NestedSelect,152.78,79.80042266845703,72.97957733154297
trial1_day24_plant10,trial1,24,10,2025-11-07,lodo,lin_phy,42,NestedSelect,141.78,70.2799301147461,71.50006988525391
trial1_day28_plant1,trial1,28,1,2025-11-11,lodo,lin_phy,42,NestedSelect,213.78,124.31423950195312,89.46576049804688
trial1_day28_plant2,trial1,28,2,2025-11-11,lodo,lin_phy,42,NestedSelect,217.78,124.97745513916016,92.80254486083984
trial1_day28_plant3,trial1,28,3,2025-11-11,lodo,lin_phy,42,NestedSelect,232.78,124.83133697509766,107.94866302490234
trial1_day28_plant4,trial1,28,4,2025-11-11,lodo,lin_phy,42,NestedSelect,220.78,123.27486419677734,97.50513580322266
trial1_day28_plant5,trial1,28,5,2025-11-11,lodo,lin_phy,42,NestedSelect,185.78,118.08784484863281,67.69215515136719
trial1_day28_plant6,trial1,28,6,2025-11-11,lodo,lin_phy,42,NestedSelect,195.78,123.46312713623047,72.31687286376953
trial1_day28_plant7,trial1,28,7,2025-11-11,lodo,lin_phy,42,NestedSelect,218.78,116.49992370605469,102.28007629394531
trial1_day28_plant8,trial1,28,8,2025-11-11,lodo,lin_phy,42,NestedSelect,214.78,123.41712188720703,91.36287811279297
trial1_day28_plant9,trial1,28,9,2025-11-11,lodo,lin_phy,42,NestedSelect,222.78,131.3763427734375,91.4036572265625
trial1_day28_plant10,trial1,28,10,2025-11-11,lodo,lin_phy,42,NestedSelect,220.78,132.85250854492188,87.92749145507813
trial1_day0_plant1,trial1,0,1,2025-10-14,lodo,lin_phy,42,NestedSelect,4.48,7.153735326745475,2.673735326745475
trial1_day0_plant2,trial1,0,2,2025-10-14,lodo,lin_phy,42,NestedSelect,4.880000000000003,7.153735326745475,2.2737353267454727
trial1_day0_plant3,trial1,0,3,2025-10-14,lodo,lin_phy,42,NestedSelect,6.580000000000002,7.153735326745475,0.5737353267454735
trial1_day0_plant4,trial1,0,4,2025-10-14,lodo,lin_phy,42,NestedSelect,4.080000000000002,7.153735326745475,3.0737353267454735
trial1_day0_plant5,trial1,0,5,2025-10-14,lodo,lin_phy,42,NestedSelect,4.98,7.153735326745475,2.173735326745475
trial1_day0_plant6,trial1,0,6,2025-10-14,lodo,lin_phy,42,NestedSelect,3.8800000000000026,7.153735326745475,3.2737353267454727
trial1_day0_plant7,trial1,0,7,2025-10-14,lodo,lin_phy,42,NestedSelect,5.18,7.153735326745475,1.9737353267454756
trial1_day0_plant8,trial1,0,8,2025-10-14,lodo,lin_phy,42,NestedSelect,4.580000000000002,7.153735326745475,2.5737353267454735
trial1_day0_plant9,trial1,0,9,2025-10-14,lodo,lin_phy,42,NestedSelect,4.380000000000003,7.153735326745475,2.7737353267454727
trial1_day0_plant10,trial1,0,10,2025-10-14,lodo,lin_phy,42,NestedSelect,5.880000000000003,7.153735326745475,1.2737353267454727
trial1_day4_plant1,trial1,4,1,2025-10-18,lodo,lin_phy,42,NestedSelect,12.880000000000004,11.112207893445012,1.7677921065549924
trial1_day4_plant2,trial1,4,2,2025-10-18,lodo,lin_phy,42,NestedSelect,11.079999999999998,11.662366375646519,0.5823663756465205
trial1_day4_plant3,trial1,4,3,2025-10-18,lodo,lin_phy,42,NestedSelect,16.880000000000003,11.112207893445012,5.767792106554991
trial1_day4_plant4,trial1,4,4,2025-10-18,lodo,lin_phy,42,NestedSelect,13.980000000000004,11.112207893445012,2.867792106554992
trial1_day4_plant5,trial1,4,5,2025-10-18,lodo,lin_phy,42,NestedSelect,13.28,11.112207893445012,2.1677921065549874
trial1_day4_plant6,trial1,4,6,2025-10-18,lodo,lin_phy,42,NestedSelect,7.880000000000003,11.112207893445012,3.2322078934450094
trial1_day4_plant7,trial1,4,7,2025-10-18,lodo,lin_phy,42,NestedSelect,13.980000000000004,11.112207893445012,2.867792106554992
trial1_day4_plant8,trial1,4,8,2025-10-18,lodo,lin_phy,42,NestedSelect,11.28,11.494299171102252,0.21429917110225283
trial1_day4_plant9,trial1,4,9,2025-10-18,lodo,lin_phy,42,NestedSelect,11.68,11.112207893445012,0.5677921065549878
trial1_day4_plant10,trial1,4,10,2025-10-18,lodo,lin_phy,42,NestedSelect,14.68,11.112207893445012,3.567792106554988
trial1_day8_plant1,trial1,8,1,2025-10-22,lodo,lin_phy,42,NestedSelect,19.08,26.979175808585023,7.899175808585024
trial1_day8_plant2,trial1,8,2,2025-10-22,lodo,lin_phy,42,NestedSelect,18.18,26.995294314170284,8.815294314170284
trial1_day8_plant3,trial1,8,3,2025-10-22,lodo,lin_phy,42,NestedSelect,23.980000000000004,27.5870257787539,3.607025778753897
trial1_day8_plant4,trial1,8,4,2025-10-22,lodo,lin_phy,42,NestedSelect,20.78,27.5870257787539,6.8070257787539
trial1_day8_plant5,trial1,8,5,2025-10-22,lodo,lin_phy,42,NestedSelect,19.880000000000003,27.5870257787539,7.7070257787538985
trial1_day8_plant6,trial1,8,6,2025-10-22,lodo,lin_phy,42,NestedSelect,17.330000000000002,27.001650555562453,9.67165055556245
trial1_day8_plant7,trial1,8,7,2025-10-22,lodo,lin_phy,42,NestedSelect,20.980000000000004,26.966837120027204,5.9868371200272
trial1_day8_plant8,trial1,8,8,2025-10-22,lodo,lin_phy,42,NestedSelect,18.380000000000003,27.00968168299987,8.629681682999866
trial1_day8_plant9,trial1,8,9,2025-10-22,lodo,lin_phy,42,NestedSelect,21.58,26.954136493320256,5.374136493320258
trial1_day12_plant1,trial1,12,1,2025-10-26,lodo,lin_phy,42,NestedSelect,26.78,23.334780017301185,3.4452199826988164
trial1_day12_plant2,trial1,12,2,2025-10-26,lodo,lin_phy,42,NestedSelect,27.78,23.334780017301185,4.445219982698816
trial1_day12_plant3,trial1,12,3,2025-10-26,lodo,lin_phy,42,NestedSelect,32.78,23.334780017301185,9.445219982698816
trial1_day12_plant4,trial1,12,4,2025-10-26,lodo,lin_phy,42,NestedSelect,29.78,23.334780017301185,6.445219982698816
trial1_day12_plant5,trial1,12,5,2025-10-26,lodo,lin_phy,42,NestedSelect,25.78,23.334780017301185,2.4452199826988164
trial1_day12_plant6,trial1,12,6,2025-10-26,lodo,lin_phy,42,NestedSelect,21.78,23.334780017301185,1.5547800173011836
trial1_day12_plant7,trial1,12,7,2025-10-26,lodo,lin_phy,42,NestedSelect,26.78,22.45105608039085,4.328943919609152
trial1_day12_plant8,trial1,12,8,2025-10-26,lodo,lin_phy,42,NestedSelect,26.78,23.334780017301185,3.4452199826988164
trial1_day12_plant9,trial1,12,9,2025-10-26,lodo,lin_phy,42,NestedSelect,27.78,23.334780017301185,4.445219982698816
trial1_day12_plant10,trial1,12,10,2025-10-26,lodo,lin_phy,42,NestedSelect,29.78,23.334780017301185,6.445219982698816
trial1_day16_plant1,trial1,16,1,2025-10-30,lodo,lin_phy,42,NestedSelect,40.78,42.62096442928388,1.8409644292838792
trial1_day16_plant2,trial1,16,2,2025-10-30,lodo,lin_phy,42,NestedSelect,45.78,42.62096442928388,3.159035570716121
trial1_day16_plant3,trial1,16,3,2025-10-30,lodo,lin_phy,42,NestedSelect,49.78,42.62096442928388,7.159035570716121
trial1_day16_plant4,trial1,16,4,2025-10-30,lodo,lin_phy,42,NestedSelect,50.78,42.62096442928388,8.15903557071612
trial1_day16_plant5,trial1,16,5,2025-10-30,lodo,lin_phy,42,NestedSelect,36.78,42.62096442928388,5.840964429283879
trial1_day16_plant6,trial1,16,6,2025-10-30,lodo,lin_phy,42,NestedSelect,35.78,42.62096442928388,6.840964429283879
trial1_day16_plant7,trial1,16,7,2025-10-30,lodo,lin_phy,42,NestedSelect,40.78,42.06603065338992,1.286030653389922
trial1_day16_plant8,trial1,16,8,2025-10-30,lodo,lin_phy,42,NestedSelect,42.78,42.62096442928388,0.15903557071612084
trial1_day16_plant9,trial1,16,9,2025-10-30,lodo,lin_phy,42,NestedSelect,41.78,42.09596850424116,0.3159685042411624
trial1_day16_plant10,trial1,16,10,2025-10-30,lodo,lin_phy,42,NestedSelect,44.78,42.62096442928388,2.159035570716121
trial1_day20_plant1,trial1,20,1,2025-11-03,lodo,lin_phy,42,NestedSelect,78.78,92.62487109247931,13.844871092479309
trial1_day20_plant2,trial1,20,2,2025-11-03,lodo,lin_phy,42,NestedSelect,89.78,91.59858890654237,1.8185889065423737
trial1_day20_plant3,trial1,20,3,2025-11-03,lodo,lin_phy,42,NestedSelect,93.78,89.0255093393757,4.754490660624299
trial1_day20_plant4,trial1,20,4,2025-11-03,lodo,lin_phy,42,NestedSelect,91.78,92.47374578015769,0.6937457801576841
trial1_day20_plant5,trial1,20,5,2025-11-03,lodo,lin_phy,42,NestedSelect,65.78,92.46745418871497,26.687454188714966
trial1_day20_plant6,trial1,20,6,2025-11-03,lodo,lin_phy,42,NestedSelect,69.78,93.06546736515843,23.285467365158425
trial1_day20_plant7,trial1,20,7,2025-11-03,lodo,lin_phy,42,NestedSelect,76.78,95.08392084482645,18.30392084482645
trial1_day20_plant8,trial1,20,8,2025-11-03,lodo,lin_phy,42,NestedSelect,78.78,95.39697148070537,16.616971480705374
trial1_day20_plant9,trial1,20,9,2025-11-03,lodo,lin_phy,42,NestedSelect,83.78,95.02303788370814,11.24303788370814
trial1_day20_plant10,trial1,20,10,2025-11-03,lodo,lin_phy,42,NestedSelect,82.78,96.65338123683969,13.873381236839691
trial1_day24_plant1,trial1,24,1,2025-11-07,lodo,lin_phy,42,NestedSelect,135.78,155.34478907682018,19.564789076820176
trial1_day24_plant2,trial1,24,2,2025-11-07,lodo,lin_phy,42,NestedSelect,153.78,156.82303038968013,3.0430303896801263
trial1_day24_plant3,trial1,24,3,2025-11-07,lodo,lin_phy,42,NestedSelect,157.78,150.63149969057957,7.148500309420427
trial1_day24_plant4,trial1,24,4,2025-11-07,lodo,lin_phy,42,NestedSelect,140.78,157.06514867359925,16.285148673599252
trial1_day24_plant5,trial1,24,5,2025-11-07,lodo,lin_phy,42,NestedSelect,123.78,158.05700067602635,34.27700067602635
trial1_day24_plant6,trial1,24,6,2025-11-07,lodo,lin_phy,42,NestedSelect,125.78,155.89576224118812,30.115762241188122
trial1_day24_plant7,trial1,24,7,2025-11-07,lodo,lin_phy,42,NestedSelect,135.78,158.19937565744365,22.419375657443652
trial1_day24_plant8,trial1,24,8,2025-11-07,lodo,lin_phy,42,NestedSelect,137.78,156.18460084923865,18.404600849238648
trial1_day24_plant9,trial1,24,9,2025-11-07,lodo,lin_phy,42,NestedSelect,152.78,157.43564409311875,4.655644093118752
trial1_day24_plant10,trial1,24,10,2025-11-07,lodo,lin_phy,42,NestedSelect,141.78,150.63149969057957,8.851499690579573
trial1_day28_plant1,trial1,28,1,2025-11-11,lodo,lin_phy,42,NestedSelect,213.78,181.05093532631713,32.72906467368287
trial1_day28_plant2,trial1,28,2,2025-11-11,lodo,lin_phy,42,NestedSelect,217.78,180.45715513702112,37.32284486297888
trial1_day28_plant3,trial1,28,3,2025-11-11,lodo,lin_phy,42,NestedSelect,232.78,179.79204311943008,52.987956880569925
trial1_day28_plant4,trial1,28,4,2025-11-11,lodo,lin_phy,42,NestedSelect,220.78,181.42664442114267,39.35335557885733
trial1_day28_plant5,trial1,28,5,2025-11-11,lodo,lin_phy,42,NestedSelect,185.78,180.69558652233593,5.0844134776640715
trial1_day28_plant6,trial1,28,6,2025-11-11,lodo,lin_phy,42,NestedSelect,195.78,182.6317781937501,13.148221806249893
trial1_day28_plant7,trial1,28,7,2025-11-11,lodo,lin_phy,42,NestedSelect,218.78,183.68240491769808,35.09759508230192
trial1_day28_plant8,trial1,28,8,2025-11-11,lodo,lin_phy,42,NestedSelect,214.78,182.87920770052165,31.900792299478354
trial1_day28_plant9,trial1,28,9,2025-11-11,lodo,lin_phy,42,NestedSelect,222.78,181.84293288103194,40.93706711896806
trial1_day28_plant10,trial1,28,10,2025-11-11,lodo,lin_phy,42,NestedSelect,220.78,183.37158211651845,37.40841788348155
trial1_day0_plant1,trial1,0,1,2025-10-14,lodo,canopy,42,NestedSelect,4.48,15.332747459411621,10.85274745941162
trial1_day0_plant2,trial1,0,2,2025-10-14,lodo,canopy,42,NestedSelect,4.880000000000003,16.64502716064453,11.765027160644529
trial1_day0_plant3,trial1,0,3,2025-10-14,lodo,canopy,42,NestedSelect,6.580000000000002,17.46227264404297,10.882272644042967
trial1_day0_plant4,trial1,0,4,2025-10-14,lodo,canopy,42,NestedSelect,4.080000000000002,16.518064498901367,12.438064498901365
trial1_day0_plant5,trial1,0,5,2025-10-14,lodo,canopy,42,NestedSelect,4.98,12.160770416259766,7.180770416259765
trial1_day0_plant6,trial1,0,6,2025-10-14,lodo,canopy,42,NestedSelect,3.8800000000000026,12.160770416259766,8.280770416259763
trial1_day0_plant7,trial1,0,7,2025-10-14,lodo,canopy,42,NestedSelect,5.18,13.58210277557373,8.40210277557373
trial1_day0_plant8,trial1,0,8,2025-10-14,lodo,canopy,42,NestedSelect,4.580000000000002,13.851834297180176,9.271834297180174
trial1_day0_plant9,trial1,0,9,2025-10-14,lodo,canopy,42,NestedSelect,4.380000000000003,14.512330055236816,10.132330055236814
trial1_day0_plant10,trial1,0,10,2025-10-14,lodo,canopy,42,NestedSelect,5.880000000000003,14.949227333068848,9.069227333068845
trial1_day4_plant1,trial1,4,1,2025-10-18,lodo,canopy,42,NestedSelect,12.880000000000004,8.382387161254883,4.4976128387451215
trial1_day4_plant2,trial1,4,2,2025-10-18,lodo,canopy,42,NestedSelect,11.079999999999998,12.21798038482666,1.1379803848266619
trial1_day4_plant3,trial1,4,3,2025-10-18,lodo,canopy,42,NestedSelect,16.880000000000003,10.38554573059082,6.494454269409182
trial1_day4_plant4,trial1,4,4,2025-10-18,lodo,canopy,42,NestedSelect,13.980000000000004,9.033687591552734,4.94631240844727
trial1_day4_plant5,trial1,4,5,2025-10-18,lodo,canopy,42,NestedSelect,13.28,5.141573429107666,8.138426570892333
trial1_day4_plant6,trial1,4,6,2025-10-18,lodo,canopy,42,NestedSelect,7.880000000000003,5.141573429107666,2.7384265708923365
trial1_day4_plant7,trial1,4,7,2025-10-18,lodo,canopy,42,NestedSelect,13.980000000000004,6.405807018280029,7.574192981719975
trial1_day4_plant8,trial1,4,8,2025-10-18,lodo,canopy,42,NestedSelect,11.28,8.604466438293457,2.6755335617065423
trial1_day4_plant9,trial1,4,9,2025-10-18,lodo,canopy,42,NestedSelect,11.68,7.228119850158691,4.451880149841308
trial1_day4_plant10,trial1,4,10,2025-10-18,lodo,canopy,42,NestedSelect,14.68,7.450568199157715,7.229431800842285
trial1_day8_plant1,trial1,8,1,2025-10-22,lodo,canopy,42,NestedSelect,19.08,16.77804183959961,2.301958160400389
trial1_day8_plant2,trial1,8,2,2025-10-22,lodo,canopy,42,NestedSelect,18.18,15.342467308044434,2.837532691955566
trial1_day8_plant3,trial1,8,3,2025-10-22,lodo,canopy,42,NestedSelect,23.980000000000004,16.956329345703125,7.023670654296879
trial1_day8_plant4,trial1,8,4,2025-10-22,lodo,canopy,42,NestedSelect,20.78,16.289337158203125,4.490662841796876
trial1_day8_plant5,trial1,8,5,2025-10-22,lodo,canopy,42,NestedSelect,19.880000000000003,11.90685749053955,7.973142509460452
trial1_day8_plant6,trial1,8,6,2025-10-22,lodo,canopy,42,NestedSelect,17.330000000000002,9.92522144317627,7.404778556823732
trial1_day8_plant7,trial1,8,7,2025-10-22,lodo,canopy,42,NestedSelect,20.980000000000004,14.200510025024414,6.77948997497559
trial1_day8_plant8,trial1,8,8,2025-10-22,lodo,canopy,42,NestedSelect,18.380000000000003,14.353508949279785,4.026491050720217
trial1_day8_plant9,trial1,8,9,2025-10-22,lodo,canopy,42,NestedSelect,21.58,15.322589874267578,6.25741012573242
trial1_day12_plant1,trial1,12,1,2025-10-26,lodo,canopy,42,NestedSelect,26.78,20.143131256103516,6.6368687438964855
trial1_day12_plant2,trial1,12,2,2025-10-26,lodo,canopy,42,NestedSelect,27.78,21.11004638671875,6.669953613281251
trial1_day12_plant3,trial1,12,3,2025-10-26,lodo,canopy,42,NestedSelect,32.78,21.560773849487305,11.219226150512696
trial1_day12_plant4,trial1,12,4,2025-10-26,lodo,canopy,42,NestedSelect,29.78,20.87822723388672,8.901772766113282
trial1_day12_plant5,trial1,12,5,2025-10-26,lodo,canopy,42,NestedSelect,25.78,17.118539810180664,8.661460189819337
trial1_day12_plant6,trial1,12,6,2025-10-26,lodo,canopy,42,NestedSelect,21.78,17.118539810180664,4.661460189819337
trial1_day12_plant7,trial1,12,7,2025-10-26,lodo,canopy,42,NestedSelect,26.78,18.240354537963867,8.539645462036134
trial1_day12_plant8,trial1,12,8,2025-10-26,lodo,canopy,42,NestedSelect,26.78,18.559146881103516,8.220853118896486
trial1_day12_plant9,trial1,12,9,2025-10-26,lodo,canopy,42,NestedSelect,27.78,18.985475540161133,8.794524459838868
trial1_day12_plant10,trial1,12,10,2025-10-26,lodo,canopy,42,NestedSelect,29.78,19.085390090942383,10.694609909057618
trial1_day16_plant1,trial1,16,1,2025-10-30,lodo,canopy,42,NestedSelect,40.78,29.08921241760254,11.690787582397462
trial1_day16_plant2,trial1,16,2,2025-10-30,lodo,canopy,42,NestedSelect,45.78,29.23855209350586,16.54144790649414
trial1_day16_plant3,trial1,16,3,2025-10-30,lodo,canopy,42,NestedSelect,49.78,30.24247169494629,19.537528305053712
trial1_day16_plant4,trial1,16,4,2025-10-30,lodo,canopy,42,NestedSelect,50.78,28.746244430541992,22.03375556945801
trial1_day16_plant5,trial1,16,5,2025-10-30,lodo,canopy,42,NestedSelect,36.78,25.762258529663086,11.017741470336915
trial1_day16_plant6,trial1,16,6,2025-10-30,lodo,canopy,42,NestedSelect,35.78,25.762258529663086,10.017741470336915
trial1_day16_plant7,trial1,16,7,2025-10-30,lodo,canopy,42,NestedSelect,40.78,25.875019073486328,14.904980926513673
trial1_day16_plant8,trial1,16,8,2025-10-30,lodo,canopy,42,NestedSelect,42.78,26.90839195251465,15.871608047485353
trial1_day16_plant9,trial1,16,9,2025-10-30,lodo,canopy,42,NestedSelect,41.78,28.37952423095703,13.40047576904297
trial1_day16_plant10,trial1,16,10,2025-10-30,lodo,canopy,42,NestedSelect,44.78,27.675426483154297,17.104573516845704
trial1_day20_plant1,trial1,20,1,2025-11-03,lodo,canopy,42,NestedSelect,78.78,42.92239761352539,35.85760238647461
trial1_day20_plant2,trial1,20,2,2025-11-03,lodo,canopy,42,NestedSelect,89.78,43.48027801513672,46.29972198486328
trial1_day20_plant3,trial1,20,3,2025-11-03,lodo,canopy,42,NestedSelect,93.78,44.35554885864258,49.42445114135742
trial1_day20_plant4,trial1,20,4,2025-11-03,lodo,canopy,42,NestedSelect,91.78,45.906707763671875,45.873292236328126
trial1_day20_plant5,trial1,20,5,2025-11-03,lodo,canopy,42,NestedSelect,65.78,41.699981689453125,24.080018310546876
trial1_day20_plant6,trial1,20,6,2025-11-03,lodo,canopy,42,NestedSelect,69.78,38.8232536315918,30.956746368408204
trial1_day20_plant7,trial1,20,7,2025-11-03,lodo,canopy,42,NestedSelect,76.78,41.057186126708984,35.72281387329102
trial1_day20_plant8,trial1,20,8,2025-11-03,lodo,canopy,42,NestedSelect,78.78,41.77926254272461,37.00073745727539
trial1_day20_plant9,trial1,20,9,2025-11-03,lodo,canopy,42,NestedSelect,83.78,41.977455139160156,41.802544860839845
trial1_day20_plant10,trial1,20,10,2025-11-03,lodo,canopy,42,NestedSelect,82.78,42.49510955810547,40.28489044189453
trial1_day24_plant1,trial1,24,1,2025-11-07,lodo,canopy,42,NestedSelect,135.78,78.0600357055664,57.719964294433595
trial1_day24_plant2,trial1,24,2,2025-11-07,lodo,canopy,42,NestedSelect,153.78,88.34260559082031,65.43739440917969
trial1_day24_plant3,trial1,24,3,2025-11-07,lodo,canopy,42,NestedSelect,157.78,79.88533020019531,77.89466979980469
trial1_day24_plant4,trial1,24,4,2025-11-07,lodo,canopy,42,NestedSelect,140.78,87.22270965576172,53.55729034423828
trial1_day24_plant5,trial1,24,5,2025-11-07,lodo,canopy,42,NestedSelect,123.78,89.3554916381836,34.42450836181641
trial1_day24_plant6,trial1,24,6,2025-11-07,lodo,canopy,42,NestedSelect,125.78,79.36286163330078,46.41713836669922
trial1_day24_plant7,trial1,24,7,2025-11-07,lodo,canopy,42,NestedSelect,135.78,91.69329833984375,44.08670166015625
trial1_day24_plant8,trial1,24,8,2025-11-07,lodo,canopy,42,NestedSelect,137.78,83.81050109863281,53.96949890136719
trial1_day24_plant9,trial1,24,9,2025-11-07,lodo,canopy,42,NestedSelect,152.78,88.1594467163086,64.62055328369141
trial1_day24_plant10,trial1,24,10,2025-11-07,lodo,canopy,42,NestedSelect,141.78,77.53196716308594,64.24803283691406
trial1_day28_plant1,trial1,28,1,2025-11-11,lodo,canopy,42,NestedSelect,213.78,135.01971435546875,78.76028564453125
trial1_day28_plant2,trial1,28,2,2025-11-11,lodo,canopy,42,NestedSelect,217.78,135.61788940429688,82.16211059570313
trial1_day28_plant3,trial1,28,3,2025-11-11,lodo,canopy,42,NestedSelect,232.78,135.491455078125,97.288544921875
trial1_day28_plant4,trial1,28,4,2025-11-11,lodo,canopy,42,NestedSelect,220.78,134.25506591796875,86.52493408203125
trial1_day28_plant5,trial1,28,5,2025-11-11,lodo,canopy,42,NestedSelect,185.78,129.6387939453125,56.1412060546875
trial1_day28_plant6,trial1,28,6,2025-11-11,lodo,canopy,42,NestedSelect,195.78,135.60919189453125,60.17080810546875
trial1_day28_plant7,trial1,28,7,2025-11-11,lodo,canopy,42,NestedSelect,218.78,128.69317626953125,90.08682373046875
trial1_day28_plant8,trial1,28,8,2025-11-11,lodo,canopy,42,NestedSelect,214.78,136.03878784179688,78.74121215820313
trial1_day28_plant9,trial1,28,9,2025-11-11,lodo,canopy,42,NestedSelect,222.78,143.46949768066406,79.31050231933594
trial1_day28_plant10,trial1,28,10,2025-11-11,lodo,canopy,42,NestedSelect,220.78,144.84860229492188,75.93139770507813
trial1_day0_plant1,trial1,0,1,2025-10-14,lodo,canopy,42,NestedSelect,4.48,5.989528685247487,1.5095286852474867
trial1_day0_plant2,trial1,0,2,2025-10-14,lodo,canopy,42,NestedSelect,4.880000000000003,5.989528685247487,1.1095286852474846
trial1_day0_plant3,trial1,0,3,2025-10-14,lodo,canopy,42,NestedSelect,6.580000000000002,5.989528685247487,0.5904713147525147
trial1_day0_plant4,trial1,0,4,2025-10-14,lodo,canopy,42,NestedSelect,4.080000000000002,5.989528685247487,1.9095286852474853
trial1_day0_plant5,trial1,0,5,2025-10-14,lodo,canopy,42,NestedSelect,4.98,5.989528685247487,1.0095286852474867
trial1_day0_plant6,trial1,0,6,2025-10-14,lodo,canopy,42,NestedSelect,3.8800000000000026,5.989528685247487,2.1095286852474846
trial1_day0_plant7,trial1,0,7,2025-10-14,lodo,canopy,42,NestedSelect,5.18,5.989528685247487,0.8095286852474874
trial1_day0_plant8,trial1,0,8,2025-10-14,lodo,canopy,42,NestedSelect,4.580000000000002,5.989528685247487,1.4095286852474853
trial1_day0_plant9,trial1,0,9,2025-10-14,lodo,canopy,42,NestedSelect,4.380000000000003,5.989528685247488,1.6095286852474855
trial1_day0_plant10,trial1,0,10,2025-10-14,lodo,canopy,42,NestedSelect,5.880000000000003,5.989528685247488,0.10952868524748549
trial1_day4_plant1,trial1,4,1,2025-10-18,lodo,canopy,42,NestedSelect,12.880000000000004,11.655227427252072,1.2247725727479324
trial1_day4_plant2,trial1,4,2,2025-10-18,lodo,canopy,42,NestedSelect,11.079999999999998,12.215057598435596,1.1350575984355977
trial1_day4_plant3,trial1,4,3,2025-10-18,lodo,canopy,42,NestedSelect,16.880000000000003,11.655227427252072,5.224772572747931
trial1_day4_plant4,trial1,4,4,2025-10-18,lodo,canopy,42,NestedSelect,13.980000000000004,11.655227427252072,2.324772572747932
trial1_day4_plant5,trial1,4,5,2025-10-18,lodo,canopy,42,NestedSelect,13.28,11.655227427252072,1.6247725727479274
trial1_day4_plant6,trial1,4,6,2025-10-18,lodo,canopy,42,NestedSelect,7.880000000000003,11.655227427252072,3.7752274272520694
trial1_day4_plant7,trial1,4,7,2025-10-18,lodo,canopy,42,NestedSelect,13.980000000000004,11.655227427252072,2.324772572747932
trial1_day4_plant8,trial1,4,8,2025-10-18,lodo,canopy,42,NestedSelect,11.28,12.019790350488936,0.7397903504889367
trial1_day4_plant9,trial1,4,9,2025-10-18,lodo,canopy,42,NestedSelect,11.68,11.655227427252072,0.024772572747927768
trial1_day4_plant10,trial1,4,10,2025-10-18,lodo,canopy,42,NestedSelect,14.68,11.655227427252072,3.0247725727479278
trial1_day8_plant1,trial1,8,1,2025-10-22,lodo,canopy,42,NestedSelect,19.08,47.214996416477476,28.134996416477478
trial1_day8_plant2,trial1,8,2,2025-10-22,lodo,canopy,42,NestedSelect,18.18,47.07958236013878,28.89958236013878
trial1_day8_plant3,trial1,8,3,2025-10-22,lodo,canopy,42,NestedSelect,23.980000000000004,48.246231272696825,24.26623127269682
trial1_day8_plant4,trial1,8,4,2025-10-22,lodo,canopy,42,NestedSelect,20.78,48.246231272696825,27.466231272696824
trial1_day8_plant5,trial1,8,5,2025-10-22,lodo,canopy,42,NestedSelect,19.880000000000003,48.246231272696825,28.366231272696822
trial1_day8_plant6,trial1,8,6,2025-10-22,lodo,canopy,42,NestedSelect,17.330000000000002,47.117972214527576,29.787972214527574
trial1_day8_plant7,trial1,8,7,2025-10-22,lodo,canopy,42,NestedSelect,20.980000000000004,47.238415587922795,26.25841558792279
trial1_day8_plant8,trial1,8,8,2025-10-22,lodo,canopy,42,NestedSelect,18.380000000000003,47.32322463387315,28.94322463387315
trial1_day8_plant9,trial1,8,9,2025-10-22,lodo,canopy,42,NestedSelect,21.58,47.29431535793512,25.71431535793512
trial1_day12_plant1,trial1,12,1,2025-10-26,lodo,canopy,42,NestedSelect,26.78,26.752846490154734,0.027153509845266655
trial1_day12_plant2,trial1,12,2,2025-10-26,lodo,canopy,42,NestedSelect,27.78,26.752846490154734,1.0271535098452667
trial1_day12_plant3,trial1,12,3,2025-10-26,lodo,canopy,42,NestedSelect,32.78,26.752846490154734,6.027153509845267
trial1_day12_plant4,trial1,12,4,2025-10-26,lodo,canopy,42,NestedSelect,29.78,26.752846490154734,3.0271535098452667
trial1_day12_plant5,trial1,12,5,2025-10-26,lodo,canopy,42,NestedSelect,25.78,26.752846490154734,0.9728464901547333
trial1_day12_plant6,trial1,12,6,2025-10-26,lodo,canopy,42,NestedSelect,21.78,26.752846490154734,4.972846490154733
trial1_day12_plant7,trial1,12,7,2025-10-26,lodo,canopy,42,NestedSelect,26.78,25.56577052351469,1.2142294764853112
trial1_day12_plant8,trial1,12,8,2025-10-26,lodo,canopy,42,NestedSelect,26.78,26.752846490154734,0.027153509845266655
trial1_day12_plant9,trial1,12,9,2025-10-26,lodo,canopy,42,NestedSelect,27.78,26.752846490154734,1.0271535098452667
trial1_day12_plant10,trial1,12,10,2025-10-26,lodo,canopy,42,NestedSelect,29.78,26.752846490154734,3.0271535098452667
trial1_day16_plant1,trial1,16,1,2025-10-30,lodo,canopy,42,NestedSelect,40.78,38.24688271828286,2.5331172817171392
trial1_day16_plant2,trial1,16,2,2025-10-30,lodo,canopy,42,NestedSelect,45.78,38.24688271828286,7.533117281717139
trial1_day16_plant3,trial1,16,3,2025-10-30,lodo,canopy,42,NestedSelect,49.78,38.24688271828286,11.53311728171714
trial1_day16_plant4,trial1,16,4,2025-10-30,lodo,canopy,42,NestedSelect,50.78,38.24688271828286,12.53311728171714
trial1_day16_plant5,trial1,16,5,2025-10-30,lodo,canopy,42,NestedSelect,36.78,38.24688271828286,1.4668827182828608
trial1_day16_plant6,trial1,16,6,2025-10-30,lodo,canopy,42,NestedSelect,35.78,38.24688271828286,2.4668827182828608
trial1_day16_plant7,trial1,16,7,2025-10-30,lodo,canopy,42,NestedSelect,40.78,37.708144699141094,3.071855300858907
trial1_day16_plant8,trial1,16,8,2025-10-30,lodo,canopy,42,NestedSelect,42.78,38.24688271828286,4.533117281717139
trial1_day16_plant9,trial1,16,9,2025-10-30,lodo,canopy,42,NestedSelect,41.78,37.74415488140463,4.035845118595368
trial1_day16_plant10,trial1,16,10,2025-10-30,lodo,canopy,42,NestedSelect,44.78,38.24688271828286,6.533117281717139
trial1_day20_plant1,trial1,20,1,2025-11-03,lodo,canopy,42,NestedSelect,78.78,114.42595192033679,35.645951920336785
trial1_day20_plant2,trial1,20,2,2025-11-03,lodo,canopy,42,NestedSelect,89.78,109.73577340316048,19.955773403160478
trial1_day20_plant3,trial1,20,3,2025-11-03,lodo,canopy,42,NestedSelect,93.78,103.0036984693618,9.223698469361793
trial1_day20_plant4,trial1,20,4,2025-11-03,lodo,canopy,42,NestedSelect,91.78,110.50986449736034,18.72986449736034
trial1_day20_plant5,trial1,20,5,2025-11-03,lodo,canopy,42,NestedSelect,65.78,111.17112360917838,45.39112360917838
trial1_day20_plant6,trial1,20,6,2025-11-03,lodo,canopy,42,NestedSelect,69.78,111.2959001494487,41.5159001494487
trial1_day20_plant7,trial1,20,7,2025-11-03,lodo,canopy,42,NestedSelect,76.78,114.38254510222032,37.60254510222032
trial1_day20_plant8,trial1,20,8,2025-11-03,lodo,canopy,42,NestedSelect,78.78,114.74737730710017,35.967377307100165
trial1_day20_plant9,trial1,20,9,2025-11-03,lodo,canopy,42,NestedSelect,83.78,113.5154763520828,29.7354763520828
trial1_day20_plant10,trial1,20,10,2025-11-03,lodo,canopy,42,NestedSelect,82.78,118.60212910216345,35.822129102163444
trial1_day24_plant1,trial1,24,1,2025-11-07,lodo,canopy,42,NestedSelect,135.78,96.10587936702635,39.674120632973654
trial1_day24_plant2,trial1,24,2,2025-11-07,lodo,canopy,42,NestedSelect,153.78,97.27568046393363,56.504319536066376
trial1_day24_plant3,trial1,24,3,2025-11-07,lodo,canopy,42,NestedSelect,157.78,92.3260677846055,65.4539322153945
trial1_day24_plant4,trial1,24,4,2025-11-07,lodo,canopy,42,NestedSelect,140.78,97.15385098700521,43.62614901299479
trial1_day24_plant5,trial1,24,5,2025-11-07,lodo,canopy,42,NestedSelect,123.78,98.04276440526256,25.73723559473744
trial1_day24_plant6,trial1,24,6,2025-11-07,lodo,canopy,42,NestedSelect,125.78,96.33635086290116,29.443649137098845
trial1_day24_plant7,trial1,24,7,2025-11-07,lodo,canopy,42,NestedSelect,135.78,98.15480239845766,37.62519760154234
trial1_day24_plant8,trial1,24,8,2025-11-07,lodo,canopy,42,NestedSelect,137.78,96.86628579122663,40.91371420877337
trial1_day24_plant9,trial1,24,9,2025-11-07,lodo,canopy,42,NestedSelect,152.78,97.90176622638178,54.87823377361822
trial1_day24_plant10,trial1,24,10,2025-11-07,lodo,canopy,42,NestedSelect,141.78,92.3260677846055,49.4539322153945
trial1_day28_plant1,trial1,28,1,2025-11-11,lodo,canopy,42,NestedSelect,213.78,278.2392923969894,64.45929239698941
trial1_day28_plant2,trial1,28,2,2025-11-11,lodo,canopy,42,NestedSelect,217.78,278.72945885020374,60.94945885020374
trial1_day28_plant3,trial1,28,3,2025-11-11,lodo,canopy,42,NestedSelect,232.78,259.72989500666966,26.949895006669664
trial1_day28_plant4,trial1,28,4,2025-11-11,lodo,canopy,42,NestedSelect,220.78,263.7421345471584,42.9621345471584
trial1_day28_plant5,trial1,28,5,2025-11-11,lodo,canopy,42,NestedSelect,185.78,271.4195625062892,85.6395625062892
trial1_day28_plant6,trial1,28,6,2025-11-11,lodo,canopy,42,NestedSelect,195.78,290.64441599914346,94.86441599914346
trial1_day28_plant7,trial1,28,7,2025-11-11,lodo,canopy,42,NestedSelect,218.78,271.0956414013539,52.31564140135387
trial1_day28_plant8,trial1,28,8,2025-11-11,lodo,canopy,42,NestedSelect,214.78,295.26639740149074,80.48639740149073
trial1_day28_plant9,trial1,28,9,2025-11-11,lodo,canopy,42,NestedSelect,222.78,270.56787661065624,47.78787661065624
trial1_day28_plant10,trial1,28,10,2025-11-11,lodo,canopy,42,NestedSelect,220.78,283.04861891021113,62.26861891021113
trial1_day0_plant1,trial1,0,1,2025-10-14,lodo,climate,42,NestedSelect,4.48,11.891769409179688,7.411769409179687
trial1_day0_plant2,trial1,0,2,2025-10-14,lodo,climate,42,NestedSelect,4.880000000000003,12.806473731994629,7.926473731994626
trial1_day0_plant3,trial1,0,3,2025-10-14,lodo,climate,42,NestedSelect,6.580000000000002,17.31770896911621,10.737708969116209
trial1_day0_plant4,trial1,0,4,2025-10-14,lodo,climate,42,NestedSelect,4.080000000000002,15.093417167663574,11.013417167663572
trial1_day0_plant5,trial1,0,5,2025-10-14,lodo,climate,42,NestedSelect,4.98,10.416857719421387,5.436857719421386
trial1_day0_plant6,trial1,0,6,2025-10-14,lodo,climate,42,NestedSelect,3.8800000000000026,9.993131637573242,6.11313163757324
trial1_day0_plant7,trial1,0,7,2025-10-14,lodo,climate,42,NestedSelect,5.18,12.537215232849121,7.357215232849121
trial1_day0_plant8,trial1,0,8,2025-10-14,lodo,climate,42,NestedSelect,4.580000000000002,12.537215232849121,7.957215232849119
trial1_day0_plant9,trial1,0,9,2025-10-14,lodo,climate,42,NestedSelect,4.380000000000003,13.527557373046875,9.147557373046872
trial1_day0_plant10,trial1,0,10,2025-10-14,lodo,climate,42,NestedSelect,5.880000000000003,14.725050926208496,8.845050926208494
trial1_day4_plant1,trial1,4,1,2025-10-18,lodo,climate,42,NestedSelect,12.880000000000004,4.270861625671387,8.609138374328618
trial1_day4_plant2,trial1,4,2,2025-10-18,lodo,climate,42,NestedSelect,11.079999999999998,5.564704895019531,5.515295104980467
trial1_day4_plant3,trial1,4,3,2025-10-18,lodo,climate,42,NestedSelect,16.880000000000003,8.703848838806152,8.17615116119385
trial1_day4_plant4,trial1,4,4,2025-10-18,lodo,climate,42,NestedSelect,13.980000000000004,6.425789833068848,7.554210166931156
trial1_day4_plant5,trial1,4,5,2025-10-18,lodo,climate,42,NestedSelect,13.28,2.558168411254883,10.721831588745117
trial1_day4_plant6,trial1,4,6,2025-10-18,lodo,climate,42,NestedSelect,7.880000000000003,2.5859930515289307,5.294006948471072
trial1_day4_plant7,trial1,4,7,2025-10-18,lodo,climate,42,NestedSelect,13.980000000000004,5.332886219024658,8.647113780975346
trial1_day4_plant8,trial1,4,8,2025-10-18,lodo,climate,42,NestedSelect,11.28,5.332886219024658,5.947113780975341
trial1_day4_plant9,trial1,4,9,2025-10-18,lodo,climate,42,NestedSelect,11.68,5.712727069854736,5.967272930145263
trial1_day4_plant10,trial1,4,10,2025-10-18,lodo,climate,42,NestedSelect,14.68,6.380477428436279,8.29952257156372
trial1_day8_plant1,trial1,8,1,2025-10-22,lodo,climate,42,NestedSelect,19.08,57.99113215832953,38.91113215832953
trial1_day8_plant2,trial1,8,2,2025-10-22,lodo,climate,42,NestedSelect,18.18,57.77693635574524,39.59693635574524
trial1_day8_plant3,trial1,8,3,2025-10-22,lodo,climate,42,NestedSelect,23.980000000000004,57.562740553160964,33.58274055316096
trial1_day8_plant4,trial1,8,4,2025-10-22,lodo,climate,42,NestedSelect,20.78,57.34854475057668,36.56854475057668
trial1_day8_plant5,trial1,8,5,2025-10-22,lodo,climate,42,NestedSelect,19.880000000000003,57.13434894799239,37.25434894799239
trial1_day8_plant6,trial1,8,6,2025-10-22,lodo,climate,42,NestedSelect,17.330000000000002,56.92015314540811,39.59015314540811
trial1_day8_plant7,trial1,8,7,2025-10-22,lodo,climate,42,NestedSelect,20.980000000000004,56.70595734282382,35.72595734282382
trial1_day8_plant8,trial1,8,8,2025-10-22,lodo,climate,42,NestedSelect,18.380000000000003,56.49176154023954,38.111761540239534
trial1_day8_plant9,trial1,8,9,2025-10-22,lodo,climate,42,NestedSelect,21.58,56.27756573765525,34.69756573765525
trial1_day12_plant1,trial1,12,1,2025-10-26,lodo,climate,42,NestedSelect,26.78,19.2894287109375,7.490571289062501
trial1_day12_plant2,trial1,12,2,2025-10-26,lodo,climate,42,NestedSelect,27.78,19.232969284057617,8.547030715942384
trial1_day12_plant3,trial1,12,3,2025-10-26,lodo,climate,42,NestedSelect,32.78,23.642236709594727,9.137763290405275
trial1_day12_plant4,trial1,12,4,2025-10-26,lodo,climate,42,NestedSelect,29.78,21.71877098083496,8.06122901916504
trial1_day12_plant5,trial1,12,5,2025-10-26,lodo,climate,42,NestedSelect,25.78,18.499935150146484,7.280064849853517
trial1_day12_plant6,trial1,12,6,2025-10-26,lodo,climate,42,NestedSelect,21.78,17.76405143737793,4.0159485626220714
trial1_day12_plant7,trial1,12,7,2025-10-26,lodo,climate,42,NestedSelect,26.78,19.552444458007812,7.227555541992189
trial1_day12_plant8,trial1,12,8,2025-10-26,lodo,climate,42,NestedSelect,26.78,19.364238739013672,7.415761260986329
trial1_day12_plant9,trial1,12,9,2025-10-26,lodo,climate,42,NestedSelect,27.78,20.816879272460938,6.963120727539064
trial1_day12_plant10,trial1,12,10,2025-10-26,lodo,climate,42,NestedSelect,29.78,21.887157440185547,7.892842559814454
trial1_day16_plant1,trial1,16,1,2025-10-30,lodo,climate,42,NestedSelect,40.78,26.995712280273438,13.784287719726564
trial1_day16_plant2,trial1,16,2,2025-10-30,lodo,climate,42,NestedSelect,45.78,27.923664093017578,17.856335906982423
trial1_day16_plant3,trial1,16,3,2025-10-30,lodo,climate,42,NestedSelect,49.78,32.27128601074219,17.508713989257814
trial1_day16_plant4,trial1,16,4,2025-10-30,lodo,climate,42,NestedSelect,50.78,29.521099090576172,21.25890090942383
trial1_day16_plant5,trial1,16,5,2025-10-30,lodo,climate,42,NestedSelect,36.78,23.401935577392578,13.378064422607423
trial1_day16_plant6,trial1,16,6,2025-10-30,lodo,climate,42,NestedSelect,35.78,23.608409881591797,12.171590118408204
trial1_day16_plant7,trial1,16,7,2025-10-30,lodo,climate,42,NestedSelect,40.78,27.182662963867188,13.597337036132814
trial1_day16_plant8,trial1,16,8,2025-10-30,lodo,climate,42,NestedSelect,42.78,27.182662963867188,15.597337036132814
trial1_day16_plant9,trial1,16,9,2025-10-30,lodo,climate,42,NestedSelect,41.78,28.527475357055664,13.252524642944337
trial1_day16_plant10,trial1,16,10,2025-10-30,lodo,climate,42,NestedSelect,44.78,29.51919937133789,15.26080062866211
trial1_day20_plant1,trial1,20,1,2025-11-03,lodo,climate,42,NestedSelect,78.78,43.33333969116211,35.44666030883789
trial1_day20_plant2,trial1,20,2,2025-11-03,lodo,climate,42,NestedSelect,89.78,45.056705474853516,44.723294525146486
trial1_day20_plant3,trial1,20,3,2025-11-03,lodo,climate,42,NestedSelect,93.78,50.11821365356445,43.66178634643555
trial1_day20_plant4,trial1,20,4,2025-11-03,lodo,climate,42,NestedSelect,91.78,47.30415725708008,44.47584274291992
trial1_day20_plant5,trial1,20,5,2025-11-03,lodo,climate,42,NestedSelect,65.78,37.84636306762695,27.933636932373048
trial1_day20_plant6,trial1,20,6,2025-11-03,lodo,climate,42,NestedSelect,69.78,37.180084228515625,32.599915771484376
trial1_day20_plant7,trial1,20,7,2025-11-03,lodo,climate,42,NestedSelect,76.78,41.27341842651367,35.50658157348633
trial1_day20_plant8,trial1,20,8,2025-11-03,lodo,climate,42,NestedSelect,78.78,41.20929718017578,37.57070281982422
trial1_day20_plant9,trial1,20,9,2025-11-03,lodo,climate,42,NestedSelect,83.78,42.847713470458984,40.93228652954102
trial1_day20_plant10,trial1,20,10,2025-11-03,lodo,climate,42,NestedSelect,82.78,43.90187454223633,38.87812545776367
trial1_day24_plant1,trial1,24,1,2025-11-07,lodo,climate,42,NestedSelect,135.78,84.22906494140625,51.55093505859375
trial1_day24_plant2,trial1,24,2,2025-11-07,lodo,climate,42,NestedSelect,153.78,85.31793212890625,68.46206787109375
trial1_day24_plant3,trial1,24,3,2025-11-07,lodo,climate,42,NestedSelect,157.78,87.38225555419922,70.39774444580078
trial1_day24_plant4,trial1,24,4,2025-11-07,lodo,climate,42,NestedSelect,140.78,86.6749038696289,54.105096130371095
trial1_day24_plant5,trial1,24,5,2025-11-07,lodo,climate,42,NestedSelect,123.78,74.24934387207031,49.53065612792969
trial1_day24_plant6,trial1,24,6,2025-11-07,lodo,climate,42,NestedSelect,125.78,74.24934387207031,51.53065612792969
trial1_day24_plant7,trial1,24,7,2025-11-07,lodo,climate,42,NestedSelect,135.78,78.5237808227539,57.256219177246095
trial1_day24_plant8,trial1,24,8,2025-11-07,lodo,climate,42,NestedSelect,137.78,78.87799835205078,58.90200164794922
trial1_day24_plant9,trial1,24,9,2025-11-07,lodo,climate,42,NestedSelect,152.78,80.43887329101562,72.34112670898438
trial1_day24_plant10,trial1,24,10,2025-11-07,lodo,climate,42,NestedSelect,141.78,80.53862762451172,61.24137237548828
trial1_day28_plant1,trial1,28,1,2025-11-11,lodo,climate,42,NestedSelect,213.78,136.80780029296875,76.97219970703125
trial1_day28_plant2,trial1,28,2,2025-11-11,lodo,climate,42,NestedSelect,217.78,151.03785705566406,66.74214294433594
trial1_day28_plant3,trial1,28,3,2025-11-11,lodo,climate,42,NestedSelect,232.78,152.449951171875,80.330048828125
trial1_day28_plant4,trial1,28,4,2025-11-11,lodo,climate,42,NestedSelect,220.78,140.42425537109375,80.35574462890625
trial1_day28_plant5,trial1,28,5,2025-11-11,lodo,climate,42,NestedSelect,185.78,127.39241790771484,58.38758209228516
trial1_day28_plant6,trial1,28,6,2025-11-11,lodo,climate,42,NestedSelect,195.78,127.44046783447266,68.33953216552734
trial1_day28_plant7,trial1,28,7,2025-11-11,lodo,climate,42,NestedSelect,218.78,135.44656372070312,83.33343627929688
trial1_day28_plant8,trial1,28,8,2025-11-11,lodo,climate,42,NestedSelect,214.78,137.5775909423828,77.20240905761719
trial1_day28_plant9,trial1,28,9,2025-11-11,lodo,climate,42,NestedSelect,222.78,146.79351806640625,75.98648193359375
trial1_day28_plant10,trial1,28,10,2025-11-11,lodo,climate,42,NestedSelect,220.78,144.375732421875,76.404267578125
trial1_day0_plant1,trial1,0,1,2025-10-14,lodo,climate,42,NestedSelect,4.48,8.783690380771622,4.303690380771622
trial1_day0_plant2,trial1,0,2,2025-10-14,lodo,climate,42,NestedSelect,4.880000000000003,8.783690380771622,3.9036903807716197
trial1_day0_plant3,trial1,0,3,2025-10-14,lodo,climate,42,NestedSelect,6.580000000000002,8.783690380771622,2.2036903807716204
trial1_day0_plant4,trial1,0,4,2025-10-14,lodo,climate,42,NestedSelect,4.080000000000002,8.783690380771622,4.70369038077162
trial1_day0_plant5,trial1,0,5,2025-10-14,lodo,climate,42,NestedSelect,4.98,8.783690380771622,3.803690380771622
trial1_day0_plant6,trial1,0,6,2025-10-14,lodo,climate,42,NestedSelect,3.8800000000000026,8.783690380771622,4.90369038077162
trial1_day0_plant7,trial1,0,7,2025-10-14,lodo,climate,42,NestedSelect,5.18,8.783690380771622,3.6036903807716225
trial1_day0_plant8,trial1,0,8,2025-10-14,lodo,climate,42,NestedSelect,4.580000000000002,8.783690380771622,4.20369038077162
trial1_day0_plant9,trial1,0,9,2025-10-14,lodo,climate,42,NestedSelect,4.380000000000003,8.783690380771622,4.40369038077162
trial1_day0_plant10,trial1,0,10,2025-10-14,lodo,climate,42,NestedSelect,5.880000000000003,8.783690380771622,2.9036903807716197
trial1_day4_plant1,trial1,4,1,2025-10-18,lodo,climate,42,NestedSelect,12.880000000000004,9.46170338992109,3.418296610078915
trial1_day4_plant2,trial1,4,2,2025-10-18,lodo,climate,42,NestedSelect,11.079999999999998,9.439996663625736,1.6400033363742619
trial1_day4_plant3,trial1,4,3,2025-10-18,lodo,climate,42,NestedSelect,16.880000000000003,9.418334976073009,7.461665023926994
trial1_day4_plant4,trial1,4,4,2025-10-18,lodo,climate,42,NestedSelect,13.980000000000004,9.396718233813155,4.583281766186849
trial1_day4_plant5,trial1,4,5,2025-10-18,lodo,climate,42,NestedSelect,13.28,9.375146343590314,3.904853656409685
trial1_day4_plant6,trial1,4,6,2025-10-18,lodo,climate,42,NestedSelect,7.880000000000003,9.353619212342117,1.4736192123421148
trial1_day4_plant7,trial1,4,7,2025-10-18,lodo,climate,42,NestedSelect,13.980000000000004,9.33213674719928,4.6478632528007235
trial1_day4_plant8,trial1,4,8,2025-10-18,lodo,climate,42,NestedSelect,11.28,9.310698855485228,1.9693011445147715
trial1_day4_plant9,trial1,4,9,2025-10-18,lodo,climate,42,NestedSelect,11.68,9.289305444715673,2.390694555284327
trial1_day4_plant10,trial1,4,10,2025-10-18,lodo,climate,42,NestedSelect,14.68,9.267956422598212,5.412043577401787
trial1_day8_plant1,trial1,8,1,2025-10-22,lodo,climate,42,NestedSelect,19.08,31.9231536334305,12.8431536334305
trial1_day8_plant2,trial1,8,2,2025-10-22,lodo,climate,42,NestedSelect,18.18,31.821029041948417,13.641029041948418
trial1_day8_plant3,trial1,8,3,2025-10-22,lodo,climate,42,NestedSelect,23.980000000000004,31.719221231546943,7.739221231546939
trial1_day8_plant4,trial1,8,4,2025-10-22,lodo,climate,42,NestedSelect,20.78,31.61772921960034,10.837729219600337
trial1_day8_plant5,trial1,8,5,2025-10-22,lodo,climate,42,NestedSelect,19.880000000000003,31.51655202653089,11.636552026530886
trial1_day8_plant6,trial1,8,6,2025-10-22,lodo,climate,42,NestedSelect,17.330000000000002,31.415688675799387,14.085688675799386
trial1_day8_plant7,trial1,8,7,2025-10-22,lodo,climate,42,NestedSelect,20.980000000000004,31.31513819389583,10.335138193895826
trial1_day8_plant8,trial1,8,8,2025-10-22,lodo,climate,42,NestedSelect,18.380000000000003,31.214899610329887,12.834899610329884
trial1_day8_plant9,trial1,8,9,2025-10-22,lodo,climate,42,NestedSelect,21.58,31.114971957621655,9.534971957621657
trial1_day12_plant1,trial1,12,1,2025-10-26,lodo,climate,42,NestedSelect,26.78,19.005027770996094,7.774972229003907
trial1_day12_plant2,trial1,12,2,2025-10-26,lodo,climate,42,NestedSelect,27.78,18.92720603942871,8.85279396057129
trial1_day12_plant3,trial1,12,3,2025-10-26,lodo,climate,42,NestedSelect,32.78,23.68640899658203,9.09359100341797
trial1_day12_plant4,trial1,12,4,2025-10-26,lodo,climate,42,NestedSelect,29.78,21.515499114990234,8.264500885009767
trial1_day12_plant5,trial1,12,5,2025-10-26,lodo,climate,42,NestedSelect,25.78,19.872337341308594,5.907662658691407
trial1_day12_plant6,trial1,12,6,2025-10-26,lodo,climate,42,NestedSelect,21.78,17.416879653930664,4.363120346069337
trial1_day12_plant7,trial1,12,7,2025-10-26,lodo,climate,42,NestedSelect,26.78,20.453943252563477,6.326056747436525
trial1_day12_plant8,trial1,12,8,2025-10-26,lodo,climate,42,NestedSelect,26.78,19.26471710205078,7.51528289794922
trial1_day12_plant9,trial1,12,9,2025-10-26,lodo,climate,42,NestedSelect,27.78,20.6283016204834,7.151698379516603
trial1_day12_plant10,trial1,12,10,2025-10-26,lodo,climate,42,NestedSelect,29.78,21.399263381958008,8.380736618041993
trial1_day16_plant1,trial1,16,1,2025-10-30,lodo,climate,42,NestedSelect,40.78,28.028826411547154,12.751173588452847
trial1_day16_plant2,trial1,16,2,2025-10-30,lodo,climate,42,NestedSelect,45.78,28.941652243883464,16.838347756116537
trial1_day16_plant3,trial1,16,3,2025-10-30,lodo,climate,42,NestedSelect,49.78,33.84354666016564,15.936453339834358
trial1_day16_plant4,trial1,16,4,2025-10-30,lodo,climate,42,NestedSelect,50.78,29.476586618599683,21.30341338140032
trial1_day16_plant5,trial1,16,5,2025-10-30,lodo,climate,42,NestedSelect,36.78,24.989179555798305,11.790820444201696
trial1_day16_plant6,trial1,16,6,2025-10-30,lodo,climate,42,NestedSelect,35.78,22.073881009745378,13.706118990254623
trial1_day16_plant7,trial1,16,7,2025-10-30,lodo,climate,42,NestedSelect,40.78,27.522574962079585,13.257425037920417
trial1_day16_plant8,trial1,16,8,2025-10-30,lodo,climate,42,NestedSelect,42.78,26.653144904791976,16.126855095208025
trial1_day16_plant9,trial1,16,9,2025-10-30,lodo,climate,42,NestedSelect,41.78,27.991061334008766,13.788938665991235
trial1_day16_plant10,trial1,16,10,2025-10-30,lodo,climate,42,NestedSelect,44.78,29.633758148634588,15.146241851365414
trial1_day20_plant1,trial1,20,1,2025-11-03,lodo,climate,42,NestedSelect,78.78,42.81223678588867,35.96776321411133
trial1_day20_plant2,trial1,20,2,2025-11-03,lodo,climate,42,NestedSelect,89.78,44.61116409301758,45.16883590698242
trial1_day20_plant3,trial1,20,3,2025-11-03,lodo,climate,42,NestedSelect,93.78,50.39873504638672,43.38126495361328
trial1_day20_plant4,trial1,20,4,2025-11-03,lodo,climate,42,NestedSelect,91.78,47.987613677978516,43.792386322021486
trial1_day20_plant5,trial1,20,5,2025-11-03,lodo,climate,42,NestedSelect,65.78,39.03916931152344,26.740830688476564
trial1_day20_plant6,trial1,20,6,2025-11-03,lodo,climate,42,NestedSelect,69.78,35.790061950683594,33.98993804931641
trial1_day20_plant7,trial1,20,7,2025-11-03,lodo,climate,42,NestedSelect,76.78,42.05836486816406,34.72163513183594
trial1_day20_plant8,trial1,20,8,2025-11-03,lodo,climate,42,NestedSelect,78.78,41.82527542114258,36.95472457885742
trial1_day20_plant9,trial1,20,9,2025-11-03,lodo,climate,42,NestedSelect,83.78,42.97247314453125,40.80752685546875
trial1_day20_plant10,trial1,20,10,2025-11-03,lodo,climate,42,NestedSelect,82.78,44.470359802246094,38.30964019775391
trial1_day24_plant1,trial1,24,1,2025-11-07,lodo,climate,42,NestedSelect,135.78,255.08845137039836,119.30845137039836
trial1_day24_plant2,trial1,24,2,2025-11-07,lodo,climate,42,NestedSelect,153.78,255.08845137039836,101.30845137039836
trial1_day24_plant3,trial1,24,3,2025-11-07,lodo,climate,42,NestedSelect,157.78,255.08845137039836,97.30845137039836
trial1_day24_plant4,trial1,24,4,2025-11-07,lodo,climate,42,NestedSelect,140.78,255.08845137039836,114.30845137039836
trial1_day24_plant5,trial1,24,5,2025-11-07,lodo,climate,42,NestedSelect,123.78,255.08845137039836,131.30845137039836
trial1_day24_plant6,trial1,24,6,2025-11-07,lodo,climate,42,NestedSelect,125.78,255.08845137039836,129.30845137039836
trial1_day24_plant7,trial1,24,7,2025-11-07,lodo,climate,42,NestedSelect,135.78,255.08845137039836,119.30845137039836
trial1_day24_plant8,trial1,24,8,2025-11-07,lodo,climate,42,NestedSelect,137.78,255.08845137039836,117.30845137039836
trial1_day24_plant9,trial1,24,9,2025-11-07,lodo,climate,42,NestedSelect,152.78,255.08845137039836,102.30845137039836
trial1_day24_plant10,trial1,24,10,2025-11-07,lodo,climate,42,NestedSelect,141.78,255.08845137039836,113.30845137039836
trial1_day28_plant1,trial1,28,1,2025-11-11,lodo,climate,42,NestedSelect,213.78,142.5278368676039,71.2521631323961
trial1_day28_plant2,trial1,28,2,2025-11-11,lodo,climate,42,NestedSelect,217.78,142.5278368676039,75.2521631323961
trial1_day28_plant3,trial1,28,3,2025-11-11,lodo,climate,42,NestedSelect,232.78,142.5278368676039,90.2521631323961
trial1_day28_plant4,trial1,28,4,2025-11-11,lodo,climate,42,NestedSelect,220.78,142.5278368676039,78.2521631323961
trial1_day28_plant5,trial1,28,5,2025-11-11,lodo,climate,42,NestedSelect,185.78,142.5278368676039,43.252163132396106
trial1_day28_plant6,trial1,28,6,2025-11-11,lodo,climate,42,NestedSelect,195.78,142.5278368676039,53.252163132396106
trial1_day28_plant7,trial1,28,7,2025-11-11,lodo,climate,42,NestedSelect,218.78,142.5278368676039,76.2521631323961
trial1_day28_plant8,trial1,28,8,2025-11-11,lodo,climate,42,NestedSelect,214.78,142.5278368676039,72.2521631323961
trial1_day28_plant9,trial1,28,9,2025-11-11,lodo,climate,42,NestedSelect,222.78,142.5278368676039,80.2521631323961
trial1_day28_plant10,trial1,28,10,2025-11-11,lodo,climate,42,NestedSelect,220.78,142.5278368676039,78.2521631323961
trial1_day0_plant1,trial1,0,1,2025-10-14,lodo,compact,42,NestedSelect,4.48,18.608489990234375,14.128489990234375
trial1_day0_plant2,trial1,0,2,2025-10-14,lodo,compact,42,NestedSelect,4.880000000000003,20.15555191040039,15.275551910400388
trial1_day0_plant3,trial1,0,3,2025-10-14,lodo,compact,42,NestedSelect,6.580000000000002,20.75347900390625,14.173479003906248
trial1_day0_plant4,trial1,0,4,2025-10-14,lodo,compact,42,NestedSelect,4.080000000000002,19.85178565979004,15.771785659790037
trial1_day0_plant5,trial1,0,5,2025-10-14,lodo,compact,42,NestedSelect,4.98,15.281523704528809,10.301523704528808
trial1_day0_plant6,trial1,0,6,2025-10-14,lodo,compact,42,NestedSelect,3.8800000000000026,15.281523704528809,11.401523704528806
trial1_day0_plant7,trial1,0,7,2025-10-14,lodo,compact,42,NestedSelect,5.18,17.079639434814453,11.899639434814453
trial1_day0_plant8,trial1,0,8,2025-10-14,lodo,compact,42,NestedSelect,4.580000000000002,17.241212844848633,12.661212844848631
trial1_day0_plant9,trial1,0,9,2025-10-14,lodo,compact,42,NestedSelect,4.380000000000003,18.003915786743164,13.623915786743162
trial1_day0_plant10,trial1,0,10,2025-10-14,lodo,compact,42,NestedSelect,5.880000000000003,18.281827926635742,12.40182792663574
trial1_day4_plant1,trial1,4,1,2025-10-18,lodo,compact,42,NestedSelect,12.880000000000004,7.559318542480469,5.320681457519536
trial1_day4_plant2,trial1,4,2,2025-10-18,lodo,compact,42,NestedSelect,11.079999999999998,8.904191970825195,2.175808029174803
trial1_day4_plant3,trial1,4,3,2025-10-18,lodo,compact,42,NestedSelect,16.880000000000003,11.49532413482666,5.384675865173342
trial1_day4_plant4,trial1,4,4,2025-10-18,lodo,compact,42,NestedSelect,13.980000000000004,10.260985374450684,3.7190146255493204
trial1_day4_plant5,trial1,4,5,2025-10-18,lodo,compact,42,NestedSelect,13.28,6.397538661956787,6.882461338043212
trial1_day4_plant6,trial1,4,6,2025-10-18,lodo,compact,42,NestedSelect,7.880000000000003,6.312386512756348,1.567613487243655
trial1_day4_plant7,trial1,4,7,2025-10-18,lodo,compact,42,NestedSelect,13.980000000000004,7.706860542297363,6.273139457702641
trial1_day4_plant8,trial1,4,8,2025-10-18,lodo,compact,42,NestedSelect,11.28,8.478320121765137,2.8016798782348626
trial1_day4_plant9,trial1,4,9,2025-10-18,lodo,compact,42,NestedSelect,11.68,8.7047700881958,2.975229911804199
trial1_day4_plant10,trial1,4,10,2025-10-18,lodo,compact,42,NestedSelect,14.68,9.011678695678711,5.668321304321289
trial1_day8_plant1,trial1,8,1,2025-10-22,lodo,compact,42,NestedSelect,19.08,23.036026000976562,3.956026000976564
trial1_day8_plant2,trial1,8,2,2025-10-22,lodo,compact,42,NestedSelect,18.18,22.725364685058594,4.545364685058594
trial1_day8_plant3,trial1,8,3,2025-10-22,lodo,compact,42,NestedSelect,23.980000000000004,24.429962158203125,0.449962158203121
trial1_day8_plant4,trial1,8,4,2025-10-22,lodo,compact,42,NestedSelect,20.78,23.71135139465332,2.931351394653319
trial1_day8_plant5,trial1,8,5,2025-10-22,lodo,compact,42,NestedSelect,19.880000000000003,19.207965850830078,0.6720341491699244
trial1_day8_plant6,trial1,8,6,2025-10-22,lodo,compact,42,NestedSelect,17.330000000000002,17.957014083862305,0.6270140838623028
trial1_day8_plant7,trial1,8,7,2025-10-22,lodo,compact,42,NestedSelect,20.980000000000004,21.114803314208984,0.1348033142089804
trial1_day8_plant8,trial1,8,8,2025-10-22,lodo,compact,42,NestedSelect,18.380000000000003,20.345672607421875,1.9656726074218724
trial1_day8_plant9,trial1,8,9,2025-10-22,lodo,compact,42,NestedSelect,21.58,22.0068359375,0.4268359375000017
trial1_day12_plant1,trial1,12,1,2025-10-26,lodo,compact,42,NestedSelect,26.78,21.13738250732422,5.642617492675782
trial1_day12_plant2,trial1,12,2,2025-10-26,lodo,compact,42,NestedSelect,27.78,21.833250045776367,5.946749954223634
trial1_day12_plant3,trial1,12,3,2025-10-26,lodo,compact,42,NestedSelect,32.78,24.34691047668457,8.43308952331543
trial1_day12_plant4,trial1,12,4,2025-10-26,lodo,compact,42,NestedSelect,29.78,22.900615692138672,6.879384307861329
trial1_day12_plant5,trial1,12,5,2025-10-26,lodo,compact,42,NestedSelect,25.78,18.576202392578125,7.203797607421876
trial1_day12_plant6,trial1,12,6,2025-10-26,lodo,compact,42,NestedSelect,21.78,18.01776695251465,3.7622330474853527
trial1_day12_plant7,trial1,12,7,2025-10-26,lodo,compact,42,NestedSelect,26.78,19.59963607788086,7.180363922119142
trial1_day12_plant8,trial1,12,8,2025-10-26,lodo,compact,42,NestedSelect,26.78,20.015609741210938,6.764390258789064
trial1_day12_plant9,trial1,12,9,2025-10-26,lodo,compact,42,NestedSelect,27.78,20.72756576538086,7.052434234619142
trial1_day12_plant10,trial1,12,10,2025-10-26,lodo,compact,42,NestedSelect,29.78,20.85347557067871,8.92652442932129
trial1_day16_plant1,trial1,16,1,2025-10-30,lodo,compact,42,NestedSelect,40.78,54.032615661621094,13.252615661621093
trial1_day16_plant2,trial1,16,2,2025-10-30,lodo,compact,42,NestedSelect,45.78,54.42692565917969,8.646925659179686
trial1_day16_plant3,trial1,16,3,2025-10-30,lodo,compact,42,NestedSelect,49.78,55.15402603149414,5.3740260314941395
trial1_day16_plant4,trial1,16,4,2025-10-30,lodo,compact,42,NestedSelect,50.78,54.102630615234375,3.322630615234374
trial1_day16_plant5,trial1,16,5,2025-10-30,lodo,compact,42,NestedSelect,36.78,51.01311492919922,14.233114929199218
trial1_day16_plant6,trial1,16,6,2025-10-30,lodo,compact,42,NestedSelect,35.78,51.01311492919922,15.233114929199218
trial1_day16_plant7,trial1,16,7,2025-10-30,lodo,compact,42,NestedSelect,40.78,51.174407958984375,10.394407958984374
trial1_day16_plant8,trial1,16,8,2025-10-30,lodo,compact,42,NestedSelect,42.78,51.90825271606445,9.128252716064452
trial1_day16_plant9,trial1,16,9,2025-10-30,lodo,compact,42,NestedSelect,41.78,53.50968933105469,11.729689331054686
trial1_day16_plant10,trial1,16,10,2025-10-30,lodo,compact,42,NestedSelect,44.78,52.685001373291016,7.9050013732910145
trial1_day20_plant1,trial1,20,1,2025-11-03,lodo,compact,42,NestedSelect,78.78,42.12089538574219,36.659104614257814
trial1_day20_plant2,trial1,20,2,2025-11-03,lodo,compact,42,NestedSelect,89.78,43.57659149169922,46.20340850830078
trial1_day20_plant3,trial1,20,3,2025-11-03,lodo,compact,42,NestedSelect,93.78,44.77186584472656,49.00813415527344
trial1_day20_plant4,trial1,20,4,2025-11-03,lodo,compact,42,NestedSelect,91.78,45.95716857910156,45.82283142089844
trial1_day20_plant5,trial1,20,5,2025-11-03,lodo,compact,42,NestedSelect,65.78,40.87046813964844,24.909531860351564
trial1_day20_plant6,trial1,20,6,2025-11-03,lodo,compact,42,NestedSelect,69.78,39.20258331298828,30.57741668701172
trial1_day20_plant7,trial1,20,7,2025-11-03,lodo,compact,42,NestedSelect,76.78,40.710121154785156,36.069878845214845
trial1_day20_plant8,trial1,20,8,2025-11-03,lodo,compact,42,NestedSelect,78.78,41.79296875,36.98703125
trial1_day20_plant9,trial1,20,9,2025-11-03,lodo,compact,42,NestedSelect,83.78,41.31827163696289,42.46172836303711
trial1_day20_plant10,trial1,20,10,2025-11-03,lodo,compact,42,NestedSelect,82.78,42.449440002441406,40.330559997558595
trial1_day24_plant1,trial1,24,1,2025-11-07,lodo,compact,42,NestedSelect,135.78,93.29622650146484,42.48377349853516
trial1_day24_plant2,trial1,24,2,2025-11-07,lodo,compact,42,NestedSelect,153.78,104.0760726928711,49.70392730712891
trial1_day24_plant3,trial1,24,3,2025-11-07,lodo,compact,42,NestedSelect,157.78,95.8215560913086,61.95844390869141
trial1_day24_plant4,trial1,24,4,2025-11-07,lodo,compact,42,NestedSelect,140.78,103.41780090332031,37.36219909667969
trial1_day24_plant5,trial1,24,5,2025-11-07,lodo,compact,42,NestedSelect,123.78,105.18457794189453,18.59542205810547
trial1_day24_plant6,trial1,24,6,2025-11-07,lodo,compact,42,NestedSelect,125.78,95.93186950683594,29.848130493164064
trial1_day24_plant7,trial1,24,7,2025-11-07,lodo,compact,42,NestedSelect,135.78,107.46990966796875,28.31009033203125
trial1_day24_plant8,trial1,24,8,2025-11-07,lodo,compact,42,NestedSelect,137.78,99.30216979980469,38.477830200195314
trial1_day24_plant9,trial1,24,9,2025-11-07,lodo,compact,42,NestedSelect,152.78,102.96771240234375,49.81228759765625
trial1_day24_plant10,trial1,24,10,2025-11-07,lodo,compact,42,NestedSelect,141.78,93.83679962158203,47.94320037841797
trial1_day28_plant1,trial1,28,1,2025-11-11,lodo,compact,42,NestedSelect,213.78,135.63015747070312,78.14984252929688
trial1_day28_plant2,trial1,28,2,2025-11-11,lodo,compact,42,NestedSelect,217.78,140.88748168945312,76.89251831054688
trial1_day28_plant3,trial1,28,3,2025-11-11,lodo,compact,42,NestedSelect,232.78,138.00897216796875,94.77102783203125
trial1_day28_plant4,trial1,28,4,2025-11-11,lodo,compact,42,NestedSelect,220.78,135.337890625,85.442109375
trial1_day28_plant5,trial1,28,5,2025-11-11,lodo,compact,42,NestedSelect,185.78,128.34735107421875,57.43264892578125
trial1_day28_plant6,trial1,28,6,2025-11-11,lodo,compact,42,NestedSelect,195.78,138.1304168701172,57.649583129882814
trial1_day28_plant7,trial1,28,7,2025-11-11,lodo,compact,42,NestedSelect,218.78,128.1311798095703,90.64882019042969
trial1_day28_plant8,trial1,28,8,2025-11-11,lodo,compact,42,NestedSelect,214.78,135.7438201904297,79.03617980957031
trial1_day28_plant9,trial1,28,9,2025-11-11,lodo,compact,42,NestedSelect,222.78,138.79522705078125,83.98477294921875
trial1_day28_plant10,trial1,28,10,2025-11-11,lodo,compact,42,NestedSelect,220.78,145.19464111328125,75.58535888671875
trial1_day0_plant1,trial1,0,1,2025-10-14,lodo,compact,42,NestedSelect,4.48,13.458152770996094,8.978152770996093
trial1_day0_plant2,trial1,0,2,2025-10-14,lodo,compact,42,NestedSelect,4.880000000000003,13.54892635345459,8.668926353454587
trial1_day0_plant3,trial1,0,3,2025-10-14,lodo,compact,42,NestedSelect,6.580000000000002,14.411373138427734,7.8313731384277325
trial1_day0_plant4,trial1,0,4,2025-10-14,lodo,compact,42,NestedSelect,4.080000000000002,14.139819145202637,10.059819145202635
trial1_day0_plant5,trial1,0,5,2025-10-14,lodo,compact,42,NestedSelect,4.98,12.206255912780762,7.226255912780761
trial1_day0_plant6,trial1,0,6,2025-10-14,lodo,compact,42,NestedSelect,3.8800000000000026,11.573976516723633,7.69397651672363
trial1_day0_plant7,trial1,0,7,2025-10-14,lodo,compact,42,NestedSelect,5.18,12.79942798614502,7.61942798614502
trial1_day0_plant8,trial1,0,8,2025-10-14,lodo,compact,42,NestedSelect,4.580000000000002,12.79942798614502,8.219427986145018
trial1_day0_plant9,trial1,0,9,2025-10-14,lodo,compact,42,NestedSelect,4.380000000000003,12.983485221862793,8.60348522186279
trial1_day0_plant10,trial1,0,10,2025-10-14,lodo,compact,42,NestedSelect,5.880000000000003,13.785470962524414,7.9054709625244115
trial1_day4_plant1,trial1,4,1,2025-10-18,lodo,compact,42,NestedSelect,12.880000000000004,7.012665271759033,5.867334728240971
trial1_day4_plant2,trial1,4,2,2025-10-18,lodo,compact,42,NestedSelect,11.079999999999998,7.287261962890625,3.7927380371093733
trial1_day4_plant3,trial1,4,3,2025-10-18,lodo,compact,42,NestedSelect,16.880000000000003,7.708399772644043,9.17160022735596
trial1_day4_plant4,trial1,4,4,2025-10-18,lodo,compact,42,NestedSelect,13.980000000000004,7.163161754608154,6.81683824539185
trial1_day4_plant5,trial1,4,5,2025-10-18,lodo,compact,42,NestedSelect,13.28,6.578763961791992,6.701236038208007
trial1_day4_plant6,trial1,4,6,2025-10-18,lodo,compact,42,NestedSelect,7.880000000000003,6.525783061981201,1.3542169380188014
trial1_day4_plant7,trial1,4,7,2025-10-18,lodo,compact,42,NestedSelect,13.980000000000004,6.899411201477051,7.080588798522953
trial1_day4_plant8,trial1,4,8,2025-10-18,lodo,compact,42,NestedSelect,11.28,6.887823581695557,4.392176418304443
trial1_day4_plant9,trial1,4,9,2025-10-18,lodo,compact,42,NestedSelect,11.68,7.005315780639648,4.674684219360351
trial1_day4_plant10,trial1,4,10,2025-10-18,lodo,compact,42,NestedSelect,14.68,7.570735931396484,7.109264068603515
trial1_day8_plant1,trial1,8,1,2025-10-22,lodo,compact,42,NestedSelect,19.08,14.940095901489258,4.1399040985107405
trial1_day8_plant2,trial1,8,2,2025-10-22,lodo,compact,42,NestedSelect,18.18,14.75987720489502,3.42012279510498
trial1_day8_plant3,trial1,8,3,2025-10-22,lodo,compact,42,NestedSelect,23.980000000000004,16.210468292236328,7.769531707763676
trial1_day8_plant4,trial1,8,4,2025-10-22,lodo,compact,42,NestedSelect,20.78,15.42081356048584,5.359186439514161
trial1_day8_plant5,trial1,8,5,2025-10-22,lodo,compact,42,NestedSelect,19.880000000000003,13.897332191467285,5.982667808532717
trial1_day8_plant6,trial1,8,6,2025-10-22,lodo,compact,42,NestedSelect,17.330000000000002,13.04080867767334,4.289191322326662
trial1_day8_plant7,trial1,8,7,2025-10-22,lodo,compact,42,NestedSelect,20.980000000000004,14.300948143005371,6.679051856994633
trial1_day8_plant8,trial1,8,8,2025-10-22,lodo,compact,42,NestedSelect,18.380000000000003,14.349126815795898,4.030873184204104
trial1_day8_plant9,trial1,8,9,2025-10-22,lodo,compact,42,NestedSelect,21.58,14.594141960144043,6.985858039855955
trial1_day12_plant1,trial1,12,1,2025-10-26,lodo,compact,42,NestedSelect,26.78,24.616205184523604,2.163794815476397
trial1_day12_plant2,trial1,12,2,2025-10-26,lodo,compact,42,NestedSelect,27.78,24.616205184523604,3.163794815476397
trial1_day12_plant3,trial1,12,3,2025-10-26,lodo,compact,42,NestedSelect,32.78,24.616205184523604,8.163794815476397
trial1_day12_plant4,trial1,12,4,2025-10-26,lodo,compact,42,NestedSelect,29.78,24.616205184523604,5.163794815476397
trial1_day12_plant5,trial1,12,5,2025-10-26,lodo,compact,42,NestedSelect,25.78,24.616205184523604,1.1637948154763968
trial1_day12_plant6,trial1,12,6,2025-10-26,lodo,compact,42,NestedSelect,21.78,24.616205184523604,2.836205184523603
trial1_day12_plant7,trial1,12,7,2025-10-26,lodo,compact,42,NestedSelect,26.78,23.96954881691066,2.8104511830893415
trial1_day12_plant8,trial1,12,8,2025-10-26,lodo,compact,42,NestedSelect,26.78,24.616205184523604,2.163794815476397
trial1_day12_plant9,trial1,12,9,2025-10-26,lodo,compact,42,NestedSelect,27.78,24.616205184523604,3.163794815476397
trial1_day12_plant10,trial1,12,10,2025-10-26,lodo,compact,42,NestedSelect,29.78,24.616205184523604,5.163794815476397
trial1_day16_plant1,trial1,16,1,2025-10-30,lodo,compact,42,NestedSelect,40.78,37.3081169128418,3.4718830871582043
trial1_day16_plant2,trial1,16,2,2025-10-30,lodo,compact,42,NestedSelect,45.78,37.3081169128418,8.471883087158204
trial1_day16_plant3,trial1,16,3,2025-10-30,lodo,compact,42,NestedSelect,49.78,40.65989685058594,9.120103149414064
trial1_day16_plant4,trial1,16,4,2025-10-30,lodo,compact,42,NestedSelect,50.78,38.04502868652344,12.734971313476564
trial1_day16_plant5,trial1,16,5,2025-10-30,lodo,compact,42,NestedSelect,36.78,35.553565979003906,1.2264340209960949
trial1_day16_plant6,trial1,16,6,2025-10-30,lodo,compact,42,NestedSelect,35.78,33.361228942871094,2.4187710571289074
trial1_day16_plant7,trial1,16,7,2025-10-30,lodo,compact,42,NestedSelect,40.78,36.32188034057617,4.458119659423829
trial1_day16_plant8,trial1,16,8,2025-10-30,lodo,compact,42,NestedSelect,42.78,36.684410095214844,6.095589904785157
trial1_day16_plant9,trial1,16,9,2025-10-30,lodo,compact,42,NestedSelect,41.78,36.516700744628906,5.263299255371095
trial1_day16_plant10,trial1,16,10,2025-10-30,lodo,compact,42,NestedSelect,44.78,37.61319351196289,7.1668064880371105
trial1_day20_plant1,trial1,20,1,2025-11-03,lodo,compact,42,NestedSelect,78.78,41.09450912475586,37.68549087524414
trial1_day20_plant2,trial1,20,2,2025-11-03,lodo,compact,42,NestedSelect,89.78,45.63228225708008,44.14771774291992
trial1_day20_plant3,trial1,20,3,2025-11-03,lodo,compact,42,NestedSelect,93.78,48.26987838745117,45.51012161254883
trial1_day20_plant4,trial1,20,4,2025-11-03,lodo,compact,42,NestedSelect,91.78,48.020816802978516,43.759183197021486
trial1_day20_plant5,trial1,20,5,2025-11-03,lodo,compact,42,NestedSelect,65.78,37.45394515991211,28.32605484008789
trial1_day20_plant6,trial1,20,6,2025-11-03,lodo,compact,42,NestedSelect,69.78,36.722740173339844,33.05725982666016
trial1_day20_plant7,trial1,20,7,2025-11-03,lodo,compact,42,NestedSelect,76.78,41.17314529418945,35.60685470581055
trial1_day20_plant8,trial1,20,8,2025-11-03,lodo,compact,42,NestedSelect,78.78,42.10376739501953,36.67623260498047
trial1_day20_plant9,trial1,20,9,2025-11-03,lodo,compact,42,NestedSelect,83.78,42.16017150878906,41.61982849121094
trial1_day20_plant10,trial1,20,10,2025-11-03,lodo,compact,42,NestedSelect,82.78,43.96577072143555,38.814229278564454
trial1_day24_plant1,trial1,24,1,2025-11-07,lodo,compact,42,NestedSelect,135.78,269.6400369627192,133.8600369627192
trial1_day24_plant2,trial1,24,2,2025-11-07,lodo,compact,42,NestedSelect,153.78,272.01412724807034,118.23412724807034
trial1_day24_plant3,trial1,24,3,2025-11-07,lodo,compact,42,NestedSelect,157.78,262.38398330626967,104.60398330626967
trial1_day24_plant4,trial1,24,4,2025-11-07,lodo,compact,42,NestedSelect,140.78,271.72437996677235,130.94437996677235
trial1_day24_plant5,trial1,24,5,2025-11-07,lodo,compact,42,NestedSelect,123.78,272.5938560248323,148.8138560248323
trial1_day24_plant6,trial1,24,6,2025-11-07,lodo,compact,42,NestedSelect,125.78,270.8534090495291,145.0734090495291
trial1_day24_plant7,trial1,24,7,2025-11-07,lodo,compact,42,NestedSelect,135.78,273.60809900449925,137.82809900449925
trial1_day24_plant8,trial1,24,8,2025-11-07,lodo,compact,42,NestedSelect,137.78,271.00071185944654,133.22071185944654
trial1_day24_plant9,trial1,24,9,2025-11-07,lodo,compact,42,NestedSelect,152.78,272.39353590968574,119.61353590968574
trial1_day24_plant10,trial1,24,10,2025-11-07,lodo,compact,42,NestedSelect,141.78,262.38398330626967,120.60398330626967
trial1_day28_plant1,trial1,28,1,2025-11-11,lodo,compact,42,NestedSelect,213.78,135.09772367675083,78.68227632324917
trial1_day28_plant2,trial1,28,2,2025-11-11,lodo,compact,42,NestedSelect,217.78,134.93203730854097,82.84796269145903
trial1_day28_plant3,trial1,28,3,2025-11-11,lodo,compact,42,NestedSelect,232.78,134.9667108790006,97.8132891209994
trial1_day28_plant4,trial1,28,4,2025-11-11,lodo,compact,42,NestedSelect,220.78,135.40691657401743,85.37308342598257
trial1_day28_plant5,trial1,28,5,2025-11-11,lodo,compact,42,NestedSelect,185.78,135.59105247138626,50.18894752861374
trial1_day28_plant6,trial1,28,6,2025-11-11,lodo,compact,42,NestedSelect,195.78,135.67759020890261,60.10240979109739
trial1_day28_plant7,trial1,28,7,2025-11-11,lodo,compact,42,NestedSelect,218.78,136.0790673785628,82.7009326214372
trial1_day28_plant8,trial1,28,8,2025-11-11,lodo,compact,42,NestedSelect,214.78,135.77719953979135,79.00280046020865
trial1_day28_plant9,trial1,28,9,2025-11-11,lodo,compact,42,NestedSelect,222.78,135.1677789507334,87.6122210492666
trial1_day28_plant10,trial1,28,10,2025-11-11,lodo,compact,42,NestedSelect,220.78,135.63157869615887,85.14842130384113
trial1_day0_plant1,trial1,0,1,2025-10-14,lodo,lin_phy,43,NestedSelect,4.48,29.309535685684203,24.829535685684203
trial1_day0_plant2,trial1,0,2,2025-10-14,lodo,lin_phy,43,NestedSelect,4.880000000000003,29.078497291619307,24.198497291619304
trial1_day0_plant3,trial1,0,3,2025-10-14,lodo,lin_phy,43,NestedSelect,6.580000000000002,28.847458897554418,22.267458897554416
trial1_day0_plant4,trial1,0,4,2025-10-14,lodo,lin_phy,43,NestedSelect,4.080000000000002,28.616420503489522,24.53642050348952
trial1_day0_plant5,trial1,0,5,2025-10-14,lodo,lin_phy,43,NestedSelect,4.98,28.385382109424633,23.405382109424632
trial1_day0_plant6,trial1,0,6,2025-10-14,lodo,lin_phy,43,NestedSelect,3.8800000000000026,28.154343715359744,24.27434371535974
trial1_day0_plant7,trial1,0,7,2025-10-14,lodo,lin_phy,43,NestedSelect,5.18,27.923305321294848,22.743305321294848
trial1_day0_plant8,trial1,0,8,2025-10-14,lodo,lin_phy,43,NestedSelect,4.580000000000002,27.69226692722995,23.11226692722995
trial1_day0_plant9,trial1,0,9,2025-10-14,lodo,lin_phy,43,NestedSelect,4.380000000000003,27.461228533165063,23.08122853316506
trial1_day0_plant10,trial1,0,10,2025-10-14,lodo,lin_phy,43,NestedSelect,5.880000000000003,27.23019013910018,21.350190139100178
trial1_day4_plant1,trial1,4,1,2025-10-18,lodo,lin_phy,43,NestedSelect,12.880000000000004,54.59496933790291,41.71496933790291
trial1_day4_plant2,trial1,4,2,2025-10-18,lodo,lin_phy,43,NestedSelect,11.079999999999998,55.62970855760217,44.54970855760217
trial1_day4_plant3,trial1,4,3,2025-10-18,lodo,lin_phy,43,NestedSelect,16.880000000000003,54.13855998749512,37.25855998749512
trial1_day4_plant4,trial1,4,4,2025-10-18,lodo,lin_phy,43,NestedSelect,13.980000000000004,53.91035531229123,39.930355312291226
trial1_day4_plant5,trial1,4,5,2025-10-18,lodo,lin_phy,43,NestedSelect,13.28,53.68215063708733,40.40215063708733
trial1_day4_plant6,trial1,4,6,2025-10-18,lodo,lin_phy,43,NestedSelect,7.880000000000003,53.453945961883434,45.57394596188343
trial1_day4_plant7,trial1,4,7,2025-10-18,lodo,lin_phy,43,NestedSelect,13.980000000000004,53.225741286679536,39.24574128667953
trial1_day4_plant8,trial1,4,8,2025-10-18,lodo,lin_phy,43,NestedSelect,11.28,56.262718949130445,44.982718949130444
trial1_day4_plant9,trial1,4,9,2025-10-18,lodo,lin_phy,43,NestedSelect,11.68,52.76933193627175,41.08933193627175
trial1_day4_plant10,trial1,4,10,2025-10-18,lodo,lin_phy,43,NestedSelect,14.68,52.54112726106786,37.86112726106786
trial1_day8_plant1,trial1,8,1,2025-10-22,lodo,lin_phy,43,NestedSelect,19.08,20.127824783325195,1.047824783325197
trial1_day8_plant2,trial1,8,2,2025-10-22,lodo,lin_phy,43,NestedSelect,18.18,20.052894592285156,1.8728945922851565
trial1_day8_plant3,trial1,8,3,2025-10-22,lodo,lin_phy,43,NestedSelect,23.980000000000004,20.93547248840332,3.0445275115966837
trial1_day8_plant4,trial1,8,4,2025-10-22,lodo,lin_phy,43,NestedSelect,20.78,20.321149826049805,0.45885017395019645
trial1_day8_plant5,trial1,8,5,2025-10-22,lodo,lin_phy,43,NestedSelect,19.880000000000003,15.496339797973633,4.38366020202637
trial1_day8_plant6,trial1,8,6,2025-10-22,lodo,lin_phy,43,NestedSelect,17.330000000000002,14.405654907226562,2.9243450927734393
trial1_day8_plant7,trial1,8,7,2025-10-22,lodo,lin_phy,43,NestedSelect,20.980000000000004,18.426776885986328,2.553223114013676
trial1_day8_plant8,trial1,8,8,2025-10-22,lodo,lin_phy,43,NestedSelect,18.380000000000003,18.09208106994629,0.2879189300537135
trial1_day8_plant9,trial1,8,9,2025-10-22,lodo,lin_phy,43,NestedSelect,21.58,19.142650604248047,2.4373493957519514
trial1_day12_plant1,trial1,12,1,2025-10-26,lodo,lin_phy,43,NestedSelect,26.78,20.426597595214844,6.353402404785157
trial1_day12_plant2,trial1,12,2,2025-10-26,lodo,lin_phy,43,NestedSelect,27.78,21.255197525024414,6.524802474975587
trial1_day12_plant3,trial1,12,3,2025-10-26,lodo,lin_phy,43,NestedSelect,32.78,21.844690322875977,10.935309677124025
trial1_day12_plant4,trial1,12,4,2025-10-26,lodo,lin_phy,43,NestedSelect,29.78,21.310789108276367,8.469210891723634
trial1_day12_plant5,trial1,12,5,2025-10-26,lodo,lin_phy,43,NestedSelect,25.78,17.697345733642578,8.082654266357423
trial1_day12_plant6,trial1,12,6,2025-10-26,lodo,lin_phy,43,NestedSelect,21.78,17.697345733642578,4.082654266357423
trial1_day12_plant7,trial1,12,7,2025-10-26,lodo,lin_phy,43,NestedSelect,26.78,18.977909088134766,7.8020909118652355
trial1_day12_plant8,trial1,12,8,2025-10-26,lodo,lin_phy,43,NestedSelect,26.78,19.316204071044922,7.463795928955079
trial1_day12_plant9,trial1,12,9,2025-10-26,lodo,lin_phy,43,NestedSelect,27.78,19.621822357177734,8.158177642822267
trial1_day12_plant10,trial1,12,10,2025-10-26,lodo,lin_phy,43,NestedSelect,29.78,19.68520736694336,10.094792633056642
trial1_day16_plant1,trial1,16,1,2025-10-30,lodo,lin_phy,43,NestedSelect,40.78,28.65101432800293,12.128985671997071
trial1_day16_plant2,trial1,16,2,2025-10-30,lodo,lin_phy,43,NestedSelect,45.78,28.65101432800293,17.12898567199707
trial1_day16_plant3,trial1,16,3,2025-10-30,lodo,lin_phy,43,NestedSelect,49.78,30.100282669067383,19.67971733093262
trial1_day16_plant4,trial1,16,4,2025-10-30,lodo,lin_phy,43,NestedSelect,50.78,28.867691040039062,21.91230895996094
trial1_day16_plant5,trial1,16,5,2025-10-30,lodo,lin_phy,43,NestedSelect,36.78,25.397457122802734,11.382542877197267
trial1_day16_plant6,trial1,16,6,2025-10-30,lodo,lin_phy,43,NestedSelect,35.78,25.397457122802734,10.382542877197267
trial1_day16_plant7,trial1,16,7,2025-10-30,lodo,lin_phy,43,NestedSelect,40.78,25.78700065612793,14.992999343872071
trial1_day16_plant8,trial1,16,8,2025-10-30,lodo,lin_phy,43,NestedSelect,42.78,26.902973175048828,15.877026824951173
trial1_day16_plant9,trial1,16,9,2025-10-30,lodo,lin_phy,43,NestedSelect,41.78,27.97920799255371,13.80079200744629
trial1_day16_plant10,trial1,16,10,2025-10-30,lodo,lin_phy,43,NestedSelect,44.78,27.34831428527832,17.43168571472168
trial1_day20_plant1,trial1,20,1,2025-11-03,lodo,lin_phy,43,NestedSelect,78.78,83.53302001953125,4.753020019531249
trial1_day20_plant2,trial1,20,2,2025-11-03,lodo,lin_phy,43,NestedSelect,89.78,85.12511444091797,4.654885559082032
trial1_day20_plant3,trial1,20,3,2025-11-03,lodo,lin_phy,43,NestedSelect,93.78,85.43009185791016,8.349908142089845
trial1_day20_plant4,trial1,20,4,2025-11-03,lodo,lin_phy,43,NestedSelect,91.78,85.76018524169922,6.019814758300782
trial1_day20_plant5,trial1,20,5,2025-11-03,lodo,lin_phy,43,NestedSelect,65.78,78.6522216796875,12.872221679687499
trial1_day20_plant6,trial1,20,6,2025-11-03,lodo,lin_phy,43,NestedSelect,69.78,78.64044952392578,8.86044952392578
trial1_day20_plant7,trial1,20,7,2025-11-03,lodo,lin_phy,43,NestedSelect,76.78,82.12287139892578,5.34287139892578
trial1_day20_plant8,trial1,20,8,2025-11-03,lodo,lin_phy,43,NestedSelect,78.78,81.55094909667969,2.7709490966796864
trial1_day20_plant9,trial1,20,9,2025-11-03,lodo,lin_phy,43,NestedSelect,83.78,82.17306518554688,1.6069348144531261
trial1_day20_plant10,trial1,20,10,2025-11-03,lodo,lin_phy,43,NestedSelect,82.78,83.5994873046875,0.8194873046874989
trial1_day24_plant1,trial1,24,1,2025-11-07,lodo,lin_phy,43,NestedSelect,135.78,73.27880859375,62.50119140625
trial1_day24_plant2,trial1,24,2,2025-11-07,lodo,lin_phy,43,NestedSelect,153.78,84.27262878417969,69.50737121582031
trial1_day24_plant3,trial1,24,3,2025-11-07,lodo,lin_phy,43,NestedSelect,157.78,76.16382598876953,81.61617401123047
trial1_day24_plant4,trial1,24,4,2025-11-07,lodo,lin_phy,43,NestedSelect,140.78,83.12162017822266,57.658379821777345
trial1_day24_plant5,trial1,24,5,2025-11-07,lodo,lin_phy,43,NestedSelect,123.78,83.05138397216797,40.72861602783203
trial1_day24_plant6,trial1,24,6,2025-11-07,lodo,lin_phy,43,NestedSelect,125.78,76.6015396118164,49.178460388183595
trial1_day24_plant7,trial1,24,7,2025-11-07,lodo,lin_phy,43,NestedSelect,135.78,85.6317367553711,50.14826324462891
trial1_day24_plant8,trial1,24,8,2025-11-07,lodo,lin_phy,43,NestedSelect,137.78,78.98066711425781,58.79933288574219
trial1_day24_plant9,trial1,24,9,2025-11-07,lodo,lin_phy,43,NestedSelect,152.78,81.3663101196289,71.4136898803711
trial1_day24_plant10,trial1,24,10,2025-11-07,lodo,lin_phy,43,NestedSelect,141.78,73.99348449707031,67.78651550292969
trial1_day28_plant1,trial1,28,1,2025-11-11,lodo,lin_phy,43,NestedSelect,213.78,122.84366607666016,90.93633392333984
trial1_day28_plant2,trial1,28,2,2025-11-11,lodo,lin_phy,43,NestedSelect,217.78,124.5274429321289,93.2525570678711
trial1_day28_plant3,trial1,28,3,2025-11-11,lodo,lin_phy,43,NestedSelect,232.78,124.73516845703125,108.04483154296875
trial1_day28_plant4,trial1,28,4,2025-11-11,lodo,lin_phy,43,NestedSelect,220.78,121.00084686279297,99.77915313720703
trial1_day28_plant5,trial1,28,5,2025-11-11,lodo,lin_phy,43,NestedSelect,185.78,117.73648834228516,68.04351165771484
trial1_day28_plant6,trial1,28,6,2025-11-11,lodo,lin_phy,43,NestedSelect,195.78,124.89789581298828,70.88210418701172
trial1_day28_plant7,trial1,28,7,2025-11-11,lodo,lin_phy,43,NestedSelect,218.78,116.01434326171875,102.76565673828125
trial1_day28_plant8,trial1,28,8,2025-11-11,lodo,lin_phy,43,NestedSelect,214.78,123.67969512939453,91.10030487060547
trial1_day28_plant9,trial1,28,9,2025-11-11,lodo,lin_phy,43,NestedSelect,222.78,130.90928649902344,91.87071350097656
trial1_day28_plant10,trial1,28,10,2025-11-11,lodo,lin_phy,43,NestedSelect,220.78,132.41580200195312,88.36419799804688
trial1_day0_plant1,trial1,0,1,2025-10-14,lodo,lin_phy,43,NestedSelect,4.48,7.153735326745475,2.673735326745475
trial1_day0_plant2,trial1,0,2,2025-10-14,lodo,lin_phy,43,NestedSelect,4.880000000000003,7.153735326745475,2.2737353267454727
trial1_day0_plant3,trial1,0,3,2025-10-14,lodo,lin_phy,43,NestedSelect,6.580000000000002,7.153735326745475,0.5737353267454735
trial1_day0_plant4,trial1,0,4,2025-10-14,lodo,lin_phy,43,NestedSelect,4.080000000000002,7.153735326745475,3.0737353267454735
trial1_day0_plant5,trial1,0,5,2025-10-14,lodo,lin_phy,43,NestedSelect,4.98,7.153735326745475,2.173735326745475
trial1_day0_plant6,trial1,0,6,2025-10-14,lodo,lin_phy,43,NestedSelect,3.8800000000000026,7.153735326745475,3.2737353267454727
trial1_day0_plant7,trial1,0,7,2025-10-14,lodo,lin_phy,43,NestedSelect,5.18,7.153735326745475,1.9737353267454756
trial1_day0_plant8,trial1,0,8,2025-10-14,lodo,lin_phy,43,NestedSelect,4.580000000000002,7.153735326745475,2.5737353267454735
trial1_day0_plant9,trial1,0,9,2025-10-14,lodo,lin_phy,43,NestedSelect,4.380000000000003,7.153735326745475,2.7737353267454727
trial1_day0_plant10,trial1,0,10,2025-10-14,lodo,lin_phy,43,NestedSelect,5.880000000000003,7.153735326745475,1.2737353267454727
trial1_day4_plant1,trial1,4,1,2025-10-18,lodo,lin_phy,43,NestedSelect,12.880000000000004,11.112207893445012,1.7677921065549924
trial1_day4_plant2,trial1,4,2,2025-10-18,lodo,lin_phy,43,NestedSelect,11.079999999999998,11.662366375646519,0.5823663756465205
trial1_day4_plant3,trial1,4,3,2025-10-18,lodo,lin_phy,43,NestedSelect,16.880000000000003,11.112207893445012,5.767792106554991
trial1_day4_plant4,trial1,4,4,2025-10-18,lodo,lin_phy,43,NestedSelect,13.980000000000004,11.112207893445012,2.867792106554992
trial1_day4_plant5,trial1,4,5,2025-10-18,lodo,lin_phy,43,NestedSelect,13.28,11.112207893445012,2.1677921065549874
trial1_day4_plant6,trial1,4,6,2025-10-18,lodo,lin_phy,43,NestedSelect,7.880000000000003,11.112207893445012,3.2322078934450094
trial1_day4_plant7,trial1,4,7,2025-10-18,lodo,lin_phy,43,NestedSelect,13.980000000000004,11.112207893445012,2.867792106554992
trial1_day4_plant8,trial1,4,8,2025-10-18,lodo,lin_phy,43,NestedSelect,11.28,11.494299171102252,0.21429917110225283
trial1_day4_plant9,trial1,4,9,2025-10-18,lodo,lin_phy,43,NestedSelect,11.68,11.112207893445012,0.5677921065549878
trial1_day4_plant10,trial1,4,10,2025-10-18,lodo,lin_phy,43,NestedSelect,14.68,11.112207893445012,3.567792106554988
trial1_day8_plant1,trial1,8,1,2025-10-22,lodo,lin_phy,43,NestedSelect,19.08,26.979175808585023,7.899175808585024
trial1_day8_plant2,trial1,8,2,2025-10-22,lodo,lin_phy,43,NestedSelect,18.18,26.995294314170284,8.815294314170284
trial1_day8_plant3,trial1,8,3,2025-10-22,lodo,lin_phy,43,NestedSelect,23.980000000000004,27.5870257787539,3.607025778753897
trial1_day8_plant4,trial1,8,4,2025-10-22,lodo,lin_phy,43,NestedSelect,20.78,27.5870257787539,6.8070257787539
trial1_day8_plant5,trial1,8,5,2025-10-22,lodo,lin_phy,43,NestedSelect,19.880000000000003,27.5870257787539,7.7070257787538985
trial1_day8_plant6,trial1,8,6,2025-10-22,lodo,lin_phy,43,NestedSelect,17.330000000000002,27.001650555562453,9.67165055556245
trial1_day8_plant7,trial1,8,7,2025-10-22,lodo,lin_phy,43,NestedSelect,20.980000000000004,26.966837120027204,5.9868371200272
trial1_day8_plant8,trial1,8,8,2025-10-22,lodo,lin_phy,43,NestedSelect,18.380000000000003,27.00968168299987,8.629681682999866
trial1_day8_plant9,trial1,8,9,2025-10-22,lodo,lin_phy,43,NestedSelect,21.58,26.954136493320256,5.374136493320258
trial1_day12_plant1,trial1,12,1,2025-10-26,lodo,lin_phy,43,NestedSelect,26.78,23.334780017301185,3.4452199826988164
trial1_day12_plant2,trial1,12,2,2025-10-26,lodo,lin_phy,43,NestedSelect,27.78,23.334780017301185,4.445219982698816
trial1_day12_plant3,trial1,12,3,2025-10-26,lodo,lin_phy,43,NestedSelect,32.78,23.334780017301185,9.445219982698816
trial1_day12_plant4,trial1,12,4,2025-10-26,lodo,lin_phy,43,NestedSelect,29.78,23.334780017301185,6.445219982698816
trial1_day12_plant5,trial1,12,5,2025-10-26,lodo,lin_phy,43,NestedSelect,25.78,23.334780017301185,2.4452199826988164
trial1_day12_plant6,trial1,12,6,2025-10-26,lodo,lin_phy,43,NestedSelect,21.78,23.334780017301185,1.5547800173011836
trial1_day12_plant7,trial1,12,7,2025-10-26,lodo,lin_phy,43,NestedSelect,26.78,22.45105608039085,4.328943919609152
trial1_day12_plant8,trial1,12,8,2025-10-26,lodo,lin_phy,43,NestedSelect,26.78,23.334780017301185,3.4452199826988164
trial1_day12_plant9,trial1,12,9,2025-10-26,lodo,lin_phy,43,NestedSelect,27.78,23.334780017301185,4.445219982698816
trial1_day12_plant10,trial1,12,10,2025-10-26,lodo,lin_phy,43,NestedSelect,29.78,23.334780017301185,6.445219982698816
trial1_day16_plant1,trial1,16,1,2025-10-30,lodo,lin_phy,43,NestedSelect,40.78,42.62096442928388,1.8409644292838792
trial1_day16_plant2,trial1,16,2,2025-10-30,lodo,lin_phy,43,NestedSelect,45.78,42.62096442928388,3.159035570716121
trial1_day16_plant3,trial1,16,3,2025-10-30,lodo,lin_phy,43,NestedSelect,49.78,42.62096442928388,7.159035570716121
trial1_day16_plant4,trial1,16,4,2025-10-30,lodo,lin_phy,43,NestedSelect,50.78,42.62096442928388,8.15903557071612
trial1_day16_plant5,trial1,16,5,2025-10-30,lodo,lin_phy,43,NestedSelect,36.78,42.62096442928388,5.840964429283879
trial1_day16_plant6,trial1,16,6,2025-10-30,lodo,lin_phy,43,NestedSelect,35.78,42.62096442928388,6.840964429283879
trial1_day16_plant7,trial1,16,7,2025-10-30,lodo,lin_phy,43,NestedSelect,40.78,42.06603065338992,1.286030653389922
trial1_day16_plant8,trial1,16,8,2025-10-30,lodo,lin_phy,43,NestedSelect,42.78,42.62096442928388,0.15903557071612084
trial1_day16_plant9,trial1,16,9,2025-10-30,lodo,lin_phy,43,NestedSelect,41.78,42.09596850424116,0.3159685042411624
trial1_day16_plant10,trial1,16,10,2025-10-30,lodo,lin_phy,43,NestedSelect,44.78,42.62096442928388,2.159035570716121
trial1_day20_plant1,trial1,20,1,2025-11-03,lodo,lin_phy,43,NestedSelect,78.78,92.62487109247931,13.844871092479309
trial1_day20_plant2,trial1,20,2,2025-11-03,lodo,lin_phy,43,NestedSelect,89.78,91.59858890654237,1.8185889065423737
trial1_day20_plant3,trial1,20,3,2025-11-03,lodo,lin_phy,43,NestedSelect,93.78,89.0255093393757,4.754490660624299
trial1_day20_plant4,trial1,20,4,2025-11-03,lodo,lin_phy,43,NestedSelect,91.78,92.47374578015769,0.6937457801576841
trial1_day20_plant5,trial1,20,5,2025-11-03,lodo,lin_phy,43,NestedSelect,65.78,92.46745418871497,26.687454188714966
trial1_day20_plant6,trial1,20,6,2025-11-03,lodo,lin_phy,43,NestedSelect,69.78,93.06546736515843,23.285467365158425
trial1_day20_plant7,trial1,20,7,2025-11-03,lodo,lin_phy,43,NestedSelect,76.78,95.08392084482645,18.30392084482645
trial1_day20_plant8,trial1,20,8,2025-11-03,lodo,lin_phy,43,NestedSelect,78.78,95.39697148070537,16.616971480705374
trial1_day20_plant9,trial1,20,9,2025-11-03,lodo,lin_phy,43,NestedSelect,83.78,95.02303788370814,11.24303788370814
trial1_day20_plant10,trial1,20,10,2025-11-03,lodo,lin_phy,43,NestedSelect,82.78,96.65338123683969,13.873381236839691
trial1_day24_plant1,trial1,24,1,2025-11-07,lodo,lin_phy,43,NestedSelect,135.78,155.34478907682018,19.564789076820176
trial1_day24_plant2,trial1,24,2,2025-11-07,lodo,lin_phy,43,NestedSelect,153.78,156.82303038968013,3.0430303896801263
trial1_day24_plant3,trial1,24,3,2025-11-07,lodo,lin_phy,43,NestedSelect,157.78,150.63149969057957,7.148500309420427
trial1_day24_plant4,trial1,24,4,2025-11-07,lodo,lin_phy,43,NestedSelect,140.78,157.06514867359925,16.285148673599252
trial1_day24_plant5,trial1,24,5,2025-11-07,lodo,lin_phy,43,NestedSelect,123.78,158.05700067602635,34.27700067602635
trial1_day24_plant6,trial1,24,6,2025-11-07,lodo,lin_phy,43,NestedSelect,125.78,155.89576224118812,30.115762241188122
trial1_day24_plant7,trial1,24,7,2025-11-07,lodo,lin_phy,43,NestedSelect,135.78,158.19937565744365,22.419375657443652
trial1_day24_plant8,trial1,24,8,2025-11-07,lodo,lin_phy,43,NestedSelect,137.78,156.18460084923865,18.404600849238648
trial1_day24_plant9,trial1,24,9,2025-11-07,lodo,lin_phy,43,NestedSelect,152.78,157.43564409311875,4.655644093118752
trial1_day24_plant10,trial1,24,10,2025-11-07,lodo,lin_phy,43,NestedSelect,141.78,150.63149969057957,8.851499690579573
trial1_day28_plant1,trial1,28,1,2025-11-11,lodo,lin_phy,43,NestedSelect,213.78,181.05093532631713,32.72906467368287
trial1_day28_plant2,trial1,28,2,2025-11-11,lodo,lin_phy,43,NestedSelect,217.78,180.45715513702112,37.32284486297888
trial1_day28_plant3,trial1,28,3,2025-11-11,lodo,lin_phy,43,NestedSelect,232.78,179.79204311943008,52.987956880569925
trial1_day28_plant4,trial1,28,4,2025-11-11,lodo,lin_phy,43,NestedSelect,220.78,181.42664442114267,39.35335557885733
trial1_day28_plant5,trial1,28,5,2025-11-11,lodo,lin_phy,43,NestedSelect,185.78,180.69558652233593,5.0844134776640715
trial1_day28_plant6,trial1,28,6,2025-11-11,lodo,lin_phy,43,NestedSelect,195.78,182.6317781937501,13.148221806249893
trial1_day28_plant7,trial1,28,7,2025-11-11,lodo,lin_phy,43,NestedSelect,218.78,183.68240491769808,35.09759508230192
trial1_day28_plant8,trial1,28,8,2025-11-11,lodo,lin_phy,43,NestedSelect,214.78,182.87920770052165,31.900792299478354
trial1_day28_plant9,trial1,28,9,2025-11-11,lodo,lin_phy,43,NestedSelect,222.78,181.84293288103194,40.93706711896806
trial1_day28_plant10,trial1,28,10,2025-11-11,lodo,lin_phy,43,NestedSelect,220.78,183.37158211651845,37.40841788348155
trial1_day0_plant1,trial1,0,1,2025-10-14,lodo,canopy,43,NestedSelect,4.48,13.091043472290039,8.611043472290039
trial1_day0_plant2,trial1,0,2,2025-10-14,lodo,canopy,43,NestedSelect,4.880000000000003,13.739062309265137,8.859062309265134
trial1_day0_plant3,trial1,0,3,2025-10-14,lodo,canopy,43,NestedSelect,6.580000000000002,17.976364135742188,11.396364135742186
trial1_day0_plant4,trial1,0,4,2025-10-14,lodo,canopy,43,NestedSelect,4.080000000000002,15.971837043762207,11.891837043762205
trial1_day0_plant5,trial1,0,5,2025-10-14,lodo,canopy,43,NestedSelect,4.98,11.1610107421875,6.1810107421875
trial1_day0_plant6,trial1,0,6,2025-10-14,lodo,canopy,43,NestedSelect,3.8800000000000026,10.104158401489258,6.224158401489255
trial1_day0_plant7,trial1,0,7,2025-10-14,lodo,canopy,43,NestedSelect,5.18,13.109395980834961,7.929395980834961
trial1_day0_plant8,trial1,0,8,2025-10-14,lodo,canopy,43,NestedSelect,4.580000000000002,13.30364990234375,8.723649902343748
trial1_day0_plant9,trial1,0,9,2025-10-14,lodo,canopy,43,NestedSelect,4.380000000000003,13.847233772277832,9.46723377227783
trial1_day0_plant10,trial1,0,10,2025-10-14,lodo,canopy,43,NestedSelect,5.880000000000003,14.910033226013184,9.030033226013181
trial1_day4_plant1,trial1,4,1,2025-10-18,lodo,canopy,43,NestedSelect,12.880000000000004,5.803507328033447,7.076492671966557
trial1_day4_plant2,trial1,4,2,2025-10-18,lodo,canopy,43,NestedSelect,11.079999999999998,7.239482879638672,3.8405171203613264
trial1_day4_plant3,trial1,4,3,2025-10-18,lodo,canopy,43,NestedSelect,16.880000000000003,9.116640090942383,7.76335990905762
trial1_day4_plant4,trial1,4,4,2025-10-18,lodo,canopy,43,NestedSelect,13.980000000000004,8.19516658782959,5.784833412170414
trial1_day4_plant5,trial1,4,5,2025-10-18,lodo,canopy,43,NestedSelect,13.28,4.7458319664001465,8.534168033599853
trial1_day4_plant6,trial1,4,6,2025-10-18,lodo,canopy,43,NestedSelect,7.880000000000003,4.41334342956543,3.466656570434573
trial1_day4_plant7,trial1,4,7,2025-10-18,lodo,canopy,43,NestedSelect,13.980000000000004,6.000642776489258,7.979357223510746
trial1_day4_plant8,trial1,4,8,2025-10-18,lodo,canopy,43,NestedSelect,11.28,6.496538162231445,4.783461837768554
trial1_day4_plant9,trial1,4,9,2025-10-18,lodo,canopy,43,NestedSelect,11.68,7.15214204788208,4.52785795211792
trial1_day4_plant10,trial1,4,10,2025-10-18,lodo,canopy,43,NestedSelect,14.68,7.339685916900635,7.340314083099365
trial1_day8_plant1,trial1,8,1,2025-10-22,lodo,canopy,43,NestedSelect,19.08,16.761850357055664,2.3181496429443342
trial1_day8_plant2,trial1,8,2,2025-10-22,lodo,canopy,43,NestedSelect,18.18,16.664531707763672,1.5154682922363278
trial1_day8_plant3,trial1,8,3,2025-10-22,lodo,canopy,43,NestedSelect,23.980000000000004,17.224836349487305,6.755163650512699
trial1_day8_plant4,trial1,8,4,2025-10-22,lodo,canopy,43,NestedSelect,20.78,16.69373321533203,4.08626678466797
trial1_day8_plant5,trial1,8,5,2025-10-22,lodo,canopy,43,NestedSelect,19.880000000000003,12.561707496643066,7.318292503356936
trial1_day8_plant6,trial1,8,6,2025-10-22,lodo,canopy,43,NestedSelect,17.330000000000002,11.378426551818848,5.951573448181154
trial1_day8_plant7,trial1,8,7,2025-10-22,lodo,canopy,43,NestedSelect,20.980000000000004,14.925850868225098,6.054149131774906
trial1_day8_plant8,trial1,8,8,2025-10-22,lodo,canopy,43,NestedSelect,18.380000000000003,14.99443244934082,3.3855675506591822
trial1_day8_plant9,trial1,8,9,2025-10-22,lodo,canopy,43,NestedSelect,21.58,15.368975639343262,6.211024360656737
trial1_day12_plant1,trial1,12,1,2025-10-26,lodo,canopy,43,NestedSelect,26.78,18.271142959594727,8.508857040405275
trial1_day12_plant2,trial1,12,2,2025-10-26,lodo,canopy,43,NestedSelect,27.78,19.395954132080078,8.384045867919923
trial1_day12_plant3,trial1,12,3,2025-10-26,lodo,canopy,43,NestedSelect,32.78,22.02663803100586,10.753361968994142
trial1_day12_plant4,trial1,12,4,2025-10-26,lodo,canopy,43,NestedSelect,29.78,20.53901481628418,9.240985183715821
trial1_day12_plant5,trial1,12,5,2025-10-26,lodo,canopy,43,NestedSelect,25.78,17.373132705688477,8.406867294311525
trial1_day12_plant6,trial1,12,6,2025-10-26,lodo,canopy,43,NestedSelect,21.78,16.587881088256836,5.192118911743165
trial1_day12_plant7,trial1,12,7,2025-10-26,lodo,canopy,43,NestedSelect,26.78,17.990766525268555,8.789233474731446
trial1_day12_plant8,trial1,12,8,2025-10-26,lodo,canopy,43,NestedSelect,26.78,18.53325843811035,8.24674156188965
trial1_day12_plant9,trial1,12,9,2025-10-26,lodo,canopy,43,NestedSelect,27.78,19.11176872253418,8.668231277465821
trial1_day12_plant10,trial1,12,10,2025-10-26,lodo,canopy,43,NestedSelect,29.78,19.75381851196289,10.02618148803711
trial1_day16_plant1,trial1,16,1,2025-10-30,lodo,canopy,43,NestedSelect,40.78,27.677791595458984,13.102208404541017
trial1_day16_plant2,trial1,16,2,2025-10-30,lodo,canopy,43,NestedSelect,45.78,27.677791595458984,18.102208404541017
trial1_day16_plant3,trial1,16,3,2025-10-30,lodo,canopy,43,NestedSelect,49.78,31.311294555664062,18.46870544433594
trial1_day16_plant4,trial1,16,4,2025-10-30,lodo,canopy,43,NestedSelect,50.78,28.742015838623047,22.037984161376954
trial1_day16_plant5,trial1,16,5,2025-10-30,lodo,canopy,43,NestedSelect,36.78,26.060110092163086,10.719889907836915
trial1_day16_plant6,trial1,16,6,2025-10-30,lodo,canopy,43,NestedSelect,35.78,24.803316116333008,10.976683883666993
trial1_day16_plant7,trial1,16,7,2025-10-30,lodo,canopy,43,NestedSelect,40.78,25.69740867614746,15.08259132385254
trial1_day16_plant8,trial1,16,8,2025-10-30,lodo,canopy,43,NestedSelect,42.78,26.511106491088867,16.268893508911134
trial1_day16_plant9,trial1,16,9,2025-10-30,lodo,canopy,43,NestedSelect,41.78,30.370264053344727,11.409735946655275
trial1_day16_plant10,trial1,16,10,2025-10-30,lodo,canopy,43,NestedSelect,44.78,28.400840759277344,16.379159240722657
trial1_day20_plant1,trial1,20,1,2025-11-03,lodo,canopy,43,NestedSelect,78.78,45.41834259033203,33.36165740966797
trial1_day20_plant2,trial1,20,2,2025-11-03,lodo,canopy,43,NestedSelect,89.78,45.5303955078125,44.2496044921875
trial1_day20_plant3,trial1,20,3,2025-11-03,lodo,canopy,43,NestedSelect,93.78,48.803592681884766,44.976407318115236
trial1_day20_plant4,trial1,20,4,2025-11-03,lodo,canopy,43,NestedSelect,91.78,46.57381820678711,45.20618179321289
trial1_day20_plant5,trial1,20,5,2025-11-03,lodo,canopy,43,NestedSelect,65.78,40.28509521484375,25.49490478515625
trial1_day20_plant6,trial1,20,6,2025-11-03,lodo,canopy,43,NestedSelect,69.78,40.08399963378906,29.69600036621094
trial1_day20_plant7,trial1,20,7,2025-11-03,lodo,canopy,43,NestedSelect,76.78,40.75395202636719,36.026047973632814
trial1_day20_plant8,trial1,20,8,2025-11-03,lodo,canopy,43,NestedSelect,78.78,40.74559020996094,38.034409790039064
trial1_day20_plant9,trial1,20,9,2025-11-03,lodo,canopy,43,NestedSelect,83.78,40.87140655517578,42.90859344482422
trial1_day20_plant10,trial1,20,10,2025-11-03,lodo,canopy,43,NestedSelect,82.78,43.707725524902344,39.07227447509766
trial1_day24_plant1,trial1,24,1,2025-11-07,lodo,canopy,43,NestedSelect,135.78,81.75434112548828,54.02565887451172
trial1_day24_plant2,trial1,24,2,2025-11-07,lodo,canopy,43,NestedSelect,153.78,84.32862854003906,69.45137145996094
trial1_day24_plant3,trial1,24,3,2025-11-07,lodo,canopy,43,NestedSelect,157.78,82.16915130615234,75.61084869384766
trial1_day24_plant4,trial1,24,4,2025-11-07,lodo,canopy,43,NestedSelect,140.78,83.9026107788086,56.87738922119141
trial1_day24_plant5,trial1,24,5,2025-11-07,lodo,canopy,43,NestedSelect,123.78,81.26080322265625,42.51919677734375
trial1_day24_plant6,trial1,24,6,2025-11-07,lodo,canopy,43,NestedSelect,125.78,78.33208465576172,47.44791534423828
trial1_day24_plant7,trial1,24,7,2025-11-07,lodo,canopy,43,NestedSelect,135.78,81.40324401855469,54.376755981445314
trial1_day24_plant8,trial1,24,8,2025-11-07,lodo,canopy,43,NestedSelect,137.78,81.53199005126953,56.24800994873047
trial1_day24_plant9,trial1,24,9,2025-11-07,lodo,canopy,43,NestedSelect,152.78,82.212646484375,70.567353515625
trial1_day24_plant10,trial1,24,10,2025-11-07,lodo,canopy,43,NestedSelect,141.78,79.79692840576172,61.98307159423828
trial1_day28_plant1,trial1,28,1,2025-11-11,lodo,canopy,43,NestedSelect,213.78,133.90286254882812,79.87713745117188
trial1_day28_plant2,trial1,28,2,2025-11-11,lodo,canopy,43,NestedSelect,217.78,135.30418395996094,82.47581604003906
trial1_day28_plant3,trial1,28,3,2025-11-11,lodo,canopy,43,NestedSelect,232.78,135.47335815429688,97.30664184570313
trial1_day28_plant4,trial1,28,4,2025-11-11,lodo,canopy,43,NestedSelect,220.78,132.17745971679688,88.60254028320313
trial1_day28_plant5,trial1,28,5,2025-11-11,lodo,canopy,43,NestedSelect,185.78,128.92098999023438,56.859010009765626
trial1_day28_plant6,trial1,28,6,2025-11-11,lodo,canopy,43,NestedSelect,195.78,135.5820770263672,60.197922973632814
trial1_day28_plant7,trial1,28,7,2025-11-11,lodo,canopy,43,NestedSelect,218.78,127.02603912353516,91.75396087646484
trial1_day28_plant8,trial1,28,8,2025-11-11,lodo,canopy,43,NestedSelect,214.78,134.76852416992188,80.01147583007813
trial1_day28_plant9,trial1,28,9,2025-11-11,lodo,canopy,43,NestedSelect,222.78,142.87939453125,79.90060546875
trial1_day28_plant10,trial1,28,10,2025-11-11,lodo,canopy,43,NestedSelect,220.78,144.01161193847656,76.76838806152344
trial1_day0_plant1,trial1,0,1,2025-10-14,lodo,canopy,43,NestedSelect,4.48,5.989528685247487,1.5095286852474867
trial1_day0_plant2,trial1,0,2,2025-10-14,lodo,canopy,43,NestedSelect,4.880000000000003,5.989528685247487,1.1095286852474846
trial1_day0_plant3,trial1,0,3,2025-10-14,lodo,canopy,43,NestedSelect,6.580000000000002,5.989528685247487,0.5904713147525147
trial1_day0_plant4,trial1,0,4,2025-10-14,lodo,canopy,43,NestedSelect,4.080000000000002,5.989528685247487,1.9095286852474853
trial1_day0_plant5,trial1,0,5,2025-10-14,lodo,canopy,43,NestedSelect,4.98,5.989528685247487,1.0095286852474867
trial1_day0_plant6,trial1,0,6,2025-10-14,lodo,canopy,43,NestedSelect,3.8800000000000026,5.989528685247487,2.1095286852474846
trial1_day0_plant7,trial1,0,7,2025-10-14,lodo,canopy,43,NestedSelect,5.18,5.989528685247487,0.8095286852474874
trial1_day0_plant8,trial1,0,8,2025-10-14,lodo,canopy,43,NestedSelect,4.580000000000002,5.989528685247487,1.4095286852474853
trial1_day0_plant9,trial1,0,9,2025-10-14,lodo,canopy,43,NestedSelect,4.380000000000003,5.989528685247488,1.6095286852474855
trial1_day0_plant10,trial1,0,10,2025-10-14,lodo,canopy,43,NestedSelect,5.880000000000003,5.989528685247488,0.10952868524748549
trial1_day4_plant1,trial1,4,1,2025-10-18,lodo,canopy,43,NestedSelect,12.880000000000004,11.655227427252072,1.2247725727479324
trial1_day4_plant2,trial1,4,2,2025-10-18,lodo,canopy,43,NestedSelect,11.079999999999998,12.215057598435596,1.1350575984355977
trial1_day4_plant3,trial1,4,3,2025-10-18,lodo,canopy,43,NestedSelect,16.880000000000003,11.655227427252072,5.224772572747931
trial1_day4_plant4,trial1,4,4,2025-10-18,lodo,canopy,43,NestedSelect,13.980000000000004,11.655227427252072,2.324772572747932
trial1_day4_plant5,trial1,4,5,2025-10-18,lodo,canopy,43,NestedSelect,13.28,11.655227427252072,1.6247725727479274
trial1_day4_plant6,trial1,4,6,2025-10-18,lodo,canopy,43,NestedSelect,7.880000000000003,11.655227427252072,3.7752274272520694
trial1_day4_plant7,trial1,4,7,2025-10-18,lodo,canopy,43,NestedSelect,13.980000000000004,11.655227427252072,2.324772572747932
trial1_day4_plant8,trial1,4,8,2025-10-18,lodo,canopy,43,NestedSelect,11.28,12.019790350488936,0.7397903504889367
trial1_day4_plant9,trial1,4,9,2025-10-18,lodo,canopy,43,NestedSelect,11.68,11.655227427252072,0.024772572747927768
trial1_day4_plant10,trial1,4,10,2025-10-18,lodo,canopy,43,NestedSelect,14.68,11.655227427252072,3.0247725727479278
trial1_day8_plant1,trial1,8,1,2025-10-22,lodo,canopy,43,NestedSelect,19.08,47.214996416477476,28.134996416477478
trial1_day8_plant2,trial1,8,2,2025-10-22,lodo,canopy,43,NestedSelect,18.18,47.07958236013878,28.89958236013878
trial1_day8_plant3,trial1,8,3,2025-10-22,lodo,canopy,43,NestedSelect,23.980000000000004,48.246231272696825,24.26623127269682
trial1_day8_plant4,trial1,8,4,2025-10-22,lodo,canopy,43,NestedSelect,20.78,48.246231272696825,27.466231272696824
trial1_day8_plant5,trial1,8,5,2025-10-22,lodo,canopy,43,NestedSelect,19.880000000000003,48.246231272696825,28.366231272696822
trial1_day8_plant6,trial1,8,6,2025-10-22,lodo,canopy,43,NestedSelect,17.330000000000002,47.117972214527576,29.787972214527574
trial1_day8_plant7,trial1,8,7,2025-10-22,lodo,canopy,43,NestedSelect,20.980000000000004,47.238415587922795,26.25841558792279
trial1_day8_plant8,trial1,8,8,2025-10-22,lodo,canopy,43,NestedSelect,18.380000000000003,47.32322463387315,28.94322463387315
trial1_day8_plant9,trial1,8,9,2025-10-22,lodo,canopy,43,NestedSelect,21.58,47.29431535793512,25.71431535793512
trial1_day12_plant1,trial1,12,1,2025-10-26,lodo,canopy,43,NestedSelect,26.78,26.752846490154734,0.027153509845266655
trial1_day12_plant2,trial1,12,2,2025-10-26,lodo,canopy,43,NestedSelect,27.78,26.752846490154734,1.0271535098452667
trial1_day12_plant3,trial1,12,3,2025-10-26,lodo,canopy,43,NestedSelect,32.78,26.752846490154734,6.027153509845267
trial1_day12_plant4,trial1,12,4,2025-10-26,lodo,canopy,43,NestedSelect,29.78,26.752846490154734,3.0271535098452667
trial1_day12_plant5,trial1,12,5,2025-10-26,lodo,canopy,43,NestedSelect,25.78,26.752846490154734,0.9728464901547333
trial1_day12_plant6,trial1,12,6,2025-10-26,lodo,canopy,43,NestedSelect,21.78,26.752846490154734,4.972846490154733
trial1_day12_plant7,trial1,12,7,2025-10-26,lodo,canopy,43,NestedSelect,26.78,25.56577052351469,1.2142294764853112
trial1_day12_plant8,trial1,12,8,2025-10-26,lodo,canopy,43,NestedSelect,26.78,26.752846490154734,0.027153509845266655
trial1_day12_plant9,trial1,12,9,2025-10-26,lodo,canopy,43,NestedSelect,27.78,26.752846490154734,1.0271535098452667
trial1_day12_plant10,trial1,12,10,2025-10-26,lodo,canopy,43,NestedSelect,29.78,26.752846490154734,3.0271535098452667
trial1_day16_plant1,trial1,16,1,2025-10-30,lodo,canopy,43,NestedSelect,40.78,38.24688271828286,2.5331172817171392
trial1_day16_plant2,trial1,16,2,2025-10-30,lodo,canopy,43,NestedSelect,45.78,38.24688271828286,7.533117281717139
trial1_day16_plant3,trial1,16,3,2025-10-30,lodo,canopy,43,NestedSelect,49.78,38.24688271828286,11.53311728171714
trial1_day16_plant4,trial1,16,4,2025-10-30,lodo,canopy,43,NestedSelect,50.78,38.24688271828286,12.53311728171714
trial1_day16_plant5,trial1,16,5,2025-10-30,lodo,canopy,43,NestedSelect,36.78,38.24688271828286,1.4668827182828608
trial1_day16_plant6,trial1,16,6,2025-10-30,lodo,canopy,43,NestedSelect,35.78,38.24688271828286,2.4668827182828608
trial1_day16_plant7,trial1,16,7,2025-10-30,lodo,canopy,43,NestedSelect,40.78,37.708144699141094,3.071855300858907
trial1_day16_plant8,trial1,16,8,2025-10-30,lodo,canopy,43,NestedSelect,42.78,38.24688271828286,4.533117281717139
trial1_day16_plant9,trial1,16,9,2025-10-30,lodo,canopy,43,NestedSelect,41.78,37.74415488140463,4.035845118595368
trial1_day16_plant10,trial1,16,10,2025-10-30,lodo,canopy,43,NestedSelect,44.78,38.24688271828286,6.533117281717139
trial1_day20_plant1,trial1,20,1,2025-11-03,lodo,canopy,43,NestedSelect,78.78,114.42595192033679,35.645951920336785
trial1_day20_plant2,trial1,20,2,2025-11-03,lodo,canopy,43,NestedSelect,89.78,109.73577340316048,19.955773403160478
trial1_day20_plant3,trial1,20,3,2025-11-03,lodo,canopy,43,NestedSelect,93.78,103.0036984693618,9.223698469361793
trial1_day20_plant4,trial1,20,4,2025-11-03,lodo,canopy,43,NestedSelect,91.78,110.50986449736034,18.72986449736034
trial1_day20_plant5,trial1,20,5,2025-11-03,lodo,canopy,43,NestedSelect,65.78,111.17112360917838,45.39112360917838
trial1_day20_plant6,trial1,20,6,2025-11-03,lodo,canopy,43,NestedSelect,69.78,111.2959001494487,41.5159001494487
trial1_day20_plant7,trial1,20,7,2025-11-03,lodo,canopy,43,NestedSelect,76.78,114.38254510222032,37.60254510222032
trial1_day20_plant8,trial1,20,8,2025-11-03,lodo,canopy,43,NestedSelect,78.78,114.74737730710017,35.967377307100165
trial1_day20_plant9,trial1,20,9,2025-11-03,lodo,canopy,43,NestedSelect,83.78,113.5154763520828,29.7354763520828
trial1_day20_plant10,trial1,20,10,2025-11-03,lodo,canopy,43,NestedSelect,82.78,118.60212910216345,35.822129102163444
trial1_day24_plant1,trial1,24,1,2025-11-07,lodo,canopy,43,NestedSelect,135.78,96.10587936702635,39.674120632973654
trial1_day24_plant2,trial1,24,2,2025-11-07,lodo,canopy,43,NestedSelect,153.78,97.27568046393363,56.504319536066376
trial1_day24_plant3,trial1,24,3,2025-11-07,lodo,canopy,43,NestedSelect,157.78,92.3260677846055,65.4539322153945
trial1_day24_plant4,trial1,24,4,2025-11-07,lodo,canopy,43,NestedSelect,140.78,97.15385098700521,43.62614901299479
trial1_day24_plant5,trial1,24,5,2025-11-07,lodo,canopy,43,NestedSelect,123.78,98.04276440526256,25.73723559473744
trial1_day24_plant6,trial1,24,6,2025-11-07,lodo,canopy,43,NestedSelect,125.78,96.33635086290116,29.443649137098845
trial1_day24_plant7,trial1,24,7,2025-11-07,lodo,canopy,43,NestedSelect,135.78,98.15480239845766,37.62519760154234
trial1_day24_plant8,trial1,24,8,2025-11-07,lodo,canopy,43,NestedSelect,137.78,96.86628579122663,40.91371420877337
trial1_day24_plant9,trial1,24,9,2025-11-07,lodo,canopy,43,NestedSelect,152.78,97.90176622638178,54.87823377361822
trial1_day24_plant10,trial1,24,10,2025-11-07,lodo,canopy,43,NestedSelect,141.78,92.3260677846055,49.4539322153945
trial1_day28_plant1,trial1,28,1,2025-11-11,lodo,canopy,43,NestedSelect,213.78,278.2392923969894,64.45929239698941
trial1_day28_plant2,trial1,28,2,2025-11-11,lodo,canopy,43,NestedSelect,217.78,278.72945885020374,60.94945885020374
trial1_day28_plant3,trial1,28,3,2025-11-11,lodo,canopy,43,NestedSelect,232.78,259.72989500666966,26.949895006669664
trial1_day28_plant4,trial1,28,4,2025-11-11,lodo,canopy,43,NestedSelect,220.78,263.7421345471584,42.9621345471584
trial1_day28_plant5,trial1,28,5,2025-11-11,lodo,canopy,43,NestedSelect,185.78,271.4195625062892,85.6395625062892
trial1_day28_plant6,trial1,28,6,2025-11-11,lodo,canopy,43,NestedSelect,195.78,290.64441599914346,94.86441599914346
trial1_day28_plant7,trial1,28,7,2025-11-11,lodo,canopy,43,NestedSelect,218.78,271.0956414013539,52.31564140135387
trial1_day28_plant8,trial1,28,8,2025-11-11,lodo,canopy,43,NestedSelect,214.78,295.26639740149074,80.48639740149073
trial1_day28_plant9,trial1,28,9,2025-11-11,lodo,canopy,43,NestedSelect,222.78,270.56787661065624,47.78787661065624
trial1_day28_plant10,trial1,28,10,2025-11-11,lodo,canopy,43,NestedSelect,220.78,283.04861891021113,62.26861891021113
trial1_day0_plant1,trial1,0,1,2025-10-14,lodo,climate,43,NestedSelect,4.48,11.492205619812012,7.012205619812011
trial1_day0_plant2,trial1,0,2,2025-10-14,lodo,climate,43,NestedSelect,4.880000000000003,12.803671836853027,7.923671836853025
trial1_day0_plant3,trial1,0,3,2025-10-14,lodo,climate,43,NestedSelect,6.580000000000002,17.149559020996094,10.569559020996092
trial1_day0_plant4,trial1,0,4,2025-10-14,lodo,climate,43,NestedSelect,4.080000000000002,15.238309860229492,11.15830986022949
trial1_day0_plant5,trial1,0,5,2025-10-14,lodo,climate,43,NestedSelect,4.98,9.930355072021484,4.950355072021484
trial1_day0_plant6,trial1,0,6,2025-10-14,lodo,climate,43,NestedSelect,3.8800000000000026,9.59950065612793,5.719500656127927
trial1_day0_plant7,trial1,0,7,2025-10-14,lodo,climate,43,NestedSelect,5.18,13.253850936889648,8.073850936889649
trial1_day0_plant8,trial1,0,8,2025-10-14,lodo,climate,43,NestedSelect,4.580000000000002,13.183136940002441,8.60313694000244
trial1_day0_plant9,trial1,0,9,2025-10-14,lodo,climate,43,NestedSelect,4.380000000000003,13.674958229064941,9.294958229064939
trial1_day0_plant10,trial1,0,10,2025-10-14,lodo,climate,43,NestedSelect,5.880000000000003,14.775935173034668,8.895935173034665
trial1_day4_plant1,trial1,4,1,2025-10-18,lodo,climate,43,NestedSelect,12.880000000000004,3.685262441635132,9.194737558364872
trial1_day4_plant2,trial1,4,2,2025-10-18,lodo,climate,43,NestedSelect,11.079999999999998,5.318599224090576,5.761400775909422
trial1_day4_plant3,trial1,4,3,2025-10-18,lodo,climate,43,NestedSelect,16.880000000000003,8.312100410461426,8.567899589538577
trial1_day4_plant4,trial1,4,4,2025-10-18,lodo,climate,43,NestedSelect,13.980000000000004,6.4477949142456055,7.5322050857543985
trial1_day4_plant5,trial1,4,5,2025-10-18,lodo,climate,43,NestedSelect,13.28,2.7835681438446045,10.496431856155395
trial1_day4_plant6,trial1,4,6,2025-10-18,lodo,climate,43,NestedSelect,7.880000000000003,2.9196600914001465,4.960339908599856
trial1_day4_plant7,trial1,4,7,2025-10-18,lodo,climate,43,NestedSelect,13.980000000000004,5.385619163513184,8.59438083648682
trial1_day4_plant8,trial1,4,8,2025-10-18,lodo,climate,43,NestedSelect,11.28,5.345619201660156,5.934380798339843
trial1_day4_plant9,trial1,4,9,2025-10-18,lodo,climate,43,NestedSelect,11.68,5.475255012512207,6.204744987487793
trial1_day4_plant10,trial1,4,10,2025-10-18,lodo,climate,43,NestedSelect,14.68,6.351161003112793,8.328838996887207
trial1_day8_plant1,trial1,8,1,2025-10-22,lodo,climate,43,NestedSelect,19.08,57.99113215832953,38.91113215832953
trial1_day8_plant2,trial1,8,2,2025-10-22,lodo,climate,43,NestedSelect,18.18,57.77693635574524,39.59693635574524
trial1_day8_plant3,trial1,8,3,2025-10-22,lodo,climate,43,NestedSelect,23.980000000000004,57.562740553160964,33.58274055316096
trial1_day8_plant4,trial1,8,4,2025-10-22,lodo,climate,43,NestedSelect,20.78,57.34854475057668,36.56854475057668
trial1_day8_plant5,trial1,8,5,2025-10-22,lodo,climate,43,NestedSelect,19.880000000000003,57.13434894799239,37.25434894799239
trial1_day8_plant6,trial1,8,6,2025-10-22,lodo,climate,43,NestedSelect,17.330000000000002,56.92015314540811,39.59015314540811
trial1_day8_plant7,trial1,8,7,2025-10-22,lodo,climate,43,NestedSelect,20.980000000000004,56.70595734282382,35.72595734282382
trial1_day8_plant8,trial1,8,8,2025-10-22,lodo,climate,43,NestedSelect,18.380000000000003,56.49176154023954,38.111761540239534
trial1_day8_plant9,trial1,8,9,2025-10-22,lodo,climate,43,NestedSelect,21.58,56.27756573765525,34.69756573765525
trial1_day12_plant1,trial1,12,1,2025-10-26,lodo,climate,43,NestedSelect,26.78,17.761404037475586,9.018595962524415
trial1_day12_plant2,trial1,12,2,2025-10-26,lodo,climate,43,NestedSelect,27.78,19.850034713745117,7.929965286254884
trial1_day12_plant3,trial1,12,3,2025-10-26,lodo,climate,43,NestedSelect,32.78,24.040719985961914,8.739280014038087
trial1_day12_plant4,trial1,12,4,2025-10-26,lodo,climate,43,NestedSelect,29.78,22.07113265991211,7.708867340087892
trial1_day12_plant5,trial1,12,5,2025-10-26,lodo,climate,43,NestedSelect,25.78,17.02996826171875,8.750031738281251
trial1_day12_plant6,trial1,12,6,2025-10-26,lodo,climate,43,NestedSelect,21.78,17.053245544433594,4.726754455566407
trial1_day12_plant7,trial1,12,7,2025-10-26,lodo,climate,43,NestedSelect,26.78,19.87892723083496,6.90107276916504
trial1_day12_plant8,trial1,12,8,2025-10-26,lodo,climate,43,NestedSelect,26.78,19.706377029418945,7.073622970581056
trial1_day12_plant9,trial1,12,9,2025-10-26,lodo,climate,43,NestedSelect,27.78,21.033138275146484,6.746861724853517
trial1_day12_plant10,trial1,12,10,2025-10-26,lodo,climate,43,NestedSelect,29.78,21.47933578491211,8.300664215087892
trial1_day16_plant1,trial1,16,1,2025-10-30,lodo,climate,43,NestedSelect,40.78,27.212684631347656,13.567315368652345
trial1_day16_plant2,trial1,16,2,2025-10-30,lodo,climate,43,NestedSelect,45.78,27.69837188720703,18.08162811279297
trial1_day16_plant3,trial1,16,3,2025-10-30,lodo,climate,43,NestedSelect,49.78,32.35586929321289,17.42413070678711
trial1_day16_plant4,trial1,16,4,2025-10-30,lodo,climate,43,NestedSelect,50.78,28.963096618652344,21.816903381347657
trial1_day16_plant5,trial1,16,5,2025-10-30,lodo,climate,43,NestedSelect,36.78,25.4133358001709,11.366664199829103
trial1_day16_plant6,trial1,16,6,2025-10-30,lodo,climate,43,NestedSelect,35.78,24.110042572021484,11.669957427978517
trial1_day16_plant7,trial1,16,7,2025-10-30,lodo,climate,43,NestedSelect,40.78,26.83787727355957,13.94212272644043
trial1_day16_plant8,trial1,16,8,2025-10-30,lodo,climate,43,NestedSelect,42.78,26.316150665283203,16.463849334716798
trial1_day16_plant9,trial1,16,9,2025-10-30,lodo,climate,43,NestedSelect,41.78,28.284521102905273,13.495478897094728
trial1_day16_plant10,trial1,16,10,2025-10-30,lodo,climate,43,NestedSelect,44.78,29.485498428344727,15.294501571655275
trial1_day20_plant1,trial1,20,1,2025-11-03,lodo,climate,43,NestedSelect,78.78,42.93569564819336,35.84430435180664
trial1_day20_plant2,trial1,20,2,2025-11-03,lodo,climate,43,NestedSelect,89.78,44.985538482666016,44.794461517333986
trial1_day20_plant3,trial1,20,3,2025-11-03,lodo,climate,43,NestedSelect,93.78,49.56571960449219,44.214280395507814
trial1_day20_plant4,trial1,20,4,2025-11-03,lodo,climate,43,NestedSelect,91.78,46.8656005859375,44.9143994140625
trial1_day20_plant5,trial1,20,5,2025-11-03,lodo,climate,43,NestedSelect,65.78,37.832916259765625,27.947083740234376
trial1_day20_plant6,trial1,20,6,2025-11-03,lodo,climate,43,NestedSelect,69.78,37.801395416259766,31.978604583740236
trial1_day20_plant7,trial1,20,7,2025-11-03,lodo,climate,43,NestedSelect,76.78,41.06800842285156,35.71199157714844
trial1_day20_plant8,trial1,20,8,2025-11-03,lodo,climate,43,NestedSelect,78.78,40.905208587646484,37.87479141235352
trial1_day20_plant9,trial1,20,9,2025-11-03,lodo,climate,43,NestedSelect,83.78,42.995147705078125,40.784852294921876
trial1_day20_plant10,trial1,20,10,2025-11-03,lodo,climate,43,NestedSelect,82.78,43.82817077636719,38.951829223632814
trial1_day24_plant1,trial1,24,1,2025-11-07,lodo,climate,43,NestedSelect,135.78,79.13481140136719,56.645188598632814
trial1_day24_plant2,trial1,24,2,2025-11-07,lodo,climate,43,NestedSelect,153.78,89.44096374511719,64.33903625488281
trial1_day24_plant3,trial1,24,3,2025-11-07,lodo,climate,43,NestedSelect,157.78,94.41705322265625,63.36294677734375
trial1_day24_plant4,trial1,24,4,2025-11-07,lodo,climate,43,NestedSelect,140.78,89.0027847290039,51.777215270996095
trial1_day24_plant5,trial1,24,5,2025-11-07,lodo,climate,43,NestedSelect,123.78,64.57241821289062,59.207581787109376
trial1_day24_plant6,trial1,24,6,2025-11-07,lodo,climate,43,NestedSelect,125.78,66.80223083496094,58.977769165039064
trial1_day24_plant7,trial1,24,7,2025-11-07,lodo,climate,43,NestedSelect,135.78,77.53627014160156,58.24372985839844
trial1_day24_plant8,trial1,24,8,2025-11-07,lodo,climate,43,NestedSelect,137.78,79.06770324707031,58.71229675292969
trial1_day24_plant9,trial1,24,9,2025-11-07,lodo,climate,43,NestedSelect,152.78,83.38257598876953,69.39742401123047
trial1_day24_plant10,trial1,24,10,2025-11-07,lodo,climate,43,NestedSelect,141.78,83.57695770263672,58.20304229736328
trial1_day28_plant1,trial1,28,1,2025-11-11,lodo,climate,43,NestedSelect,213.78,135.9819793701172,77.79802062988281
trial1_day28_plant2,trial1,28,2,2025-11-11,lodo,climate,43,NestedSelect,217.78,152.10777282714844,65.67222717285156
trial1_day28_plant3,trial1,28,3,2025-11-11,lodo,climate,43,NestedSelect,232.78,153.05416870117188,79.72583129882813
trial1_day28_plant4,trial1,28,4,2025-11-11,lodo,climate,43,NestedSelect,220.78,141.3331298828125,79.4468701171875
trial1_day28_plant5,trial1,28,5,2025-11-11,lodo,climate,43,NestedSelect,185.78,127.267578125,58.512421875
trial1_day28_plant6,trial1,28,6,2025-11-11,lodo,climate,43,NestedSelect,195.78,127.38139343261719,68.39860656738281
trial1_day28_plant7,trial1,28,7,2025-11-11,lodo,climate,43,NestedSelect,218.78,135.8595428466797,82.92045715332031
trial1_day28_plant8,trial1,28,8,2025-11-11,lodo,climate,43,NestedSelect,214.78,138.092041015625,76.687958984375
trial1_day28_plant9,trial1,28,9,2025-11-11,lodo,climate,43,NestedSelect,222.78,147.1656951904297,75.61430480957031
trial1_day28_plant10,trial1,28,10,2025-11-11,lodo,climate,43,NestedSelect,220.78,144.1492919921875,76.6307080078125
trial1_day0_plant1,trial1,0,1,2025-10-14,lodo,climate,43,NestedSelect,4.48,8.783690380771622,4.303690380771622
trial1_day0_plant2,trial1,0,2,2025-10-14,lodo,climate,43,NestedSelect,4.880000000000003,8.783690380771622,3.9036903807716197
trial1_day0_plant3,trial1,0,3,2025-10-14,lodo,climate,43,NestedSelect,6.580000000000002,8.783690380771622,2.2036903807716204
trial1_day0_plant4,trial1,0,4,2025-10-14,lodo,climate,43,NestedSelect,4.080000000000002,8.783690380771622,4.70369038077162
trial1_day0_plant5,trial1,0,5,2025-10-14,lodo,climate,43,NestedSelect,4.98,8.783690380771622,3.803690380771622
trial1_day0_plant6,trial1,0,6,2025-10-14,lodo,climate,43,NestedSelect,3.8800000000000026,8.783690380771622,4.90369038077162
trial1_day0_plant7,trial1,0,7,2025-10-14,lodo,climate,43,NestedSelect,5.18,8.783690380771622,3.6036903807716225
trial1_day0_plant8,trial1,0,8,2025-10-14,lodo,climate,43,NestedSelect,4.580000000000002,8.783690380771622,4.20369038077162
trial1_day0_plant9,trial1,0,9,2025-10-14,lodo,climate,43,NestedSelect,4.380000000000003,8.783690380771622,4.40369038077162
trial1_day0_plant10,trial1,0,10,2025-10-14,lodo,climate,43,NestedSelect,5.880000000000003,8.783690380771622,2.9036903807716197
trial1_day4_plant1,trial1,4,1,2025-10-18,lodo,climate,43,NestedSelect,12.880000000000004,9.46170338992109,3.418296610078915
trial1_day4_plant2,trial1,4,2,2025-10-18,lodo,climate,43,NestedSelect,11.079999999999998,9.439996663625736,1.6400033363742619
trial1_day4_plant3,trial1,4,3,2025-10-18,lodo,climate,43,NestedSelect,16.880000000000003,9.418334976073009,7.461665023926994
trial1_day4_plant4,trial1,4,4,2025-10-18,lodo,climate,43,NestedSelect,13.980000000000004,9.396718233813155,4.583281766186849
trial1_day4_plant5,trial1,4,5,2025-10-18,lodo,climate,43,NestedSelect,13.28,9.375146343590314,3.904853656409685
trial1_day4_plant6,trial1,4,6,2025-10-18,lodo,climate,43,NestedSelect,7.880000000000003,9.353619212342117,1.4736192123421148
trial1_day4_plant7,trial1,4,7,2025-10-18,lodo,climate,43,NestedSelect,13.980000000000004,9.33213674719928,4.6478632528007235
trial1_day4_plant8,trial1,4,8,2025-10-18,lodo,climate,43,NestedSelect,11.28,9.310698855485228,1.9693011445147715
trial1_day4_plant9,trial1,4,9,2025-10-18,lodo,climate,43,NestedSelect,11.68,9.289305444715673,2.390694555284327
trial1_day4_plant10,trial1,4,10,2025-10-18,lodo,climate,43,NestedSelect,14.68,9.267956422598212,5.412043577401787
trial1_day8_plant1,trial1,8,1,2025-10-22,lodo,climate,43,NestedSelect,19.08,31.9231536334305,12.8431536334305
trial1_day8_plant2,trial1,8,2,2025-10-22,lodo,climate,43,NestedSelect,18.18,31.821029041948417,13.641029041948418
trial1_day8_plant3,trial1,8,3,2025-10-22,lodo,climate,43,NestedSelect,23.980000000000004,31.719221231546943,7.739221231546939
trial1_day8_plant4,trial1,8,4,2025-10-22,lodo,climate,43,NestedSelect,20.78,31.61772921960034,10.837729219600337
trial1_day8_plant5,trial1,8,5,2025-10-22,lodo,climate,43,NestedSelect,19.880000000000003,31.51655202653089,11.636552026530886
trial1_day8_plant6,trial1,8,6,2025-10-22,lodo,climate,43,NestedSelect,17.330000000000002,31.415688675799387,14.085688675799386
trial1_day8_plant7,trial1,8,7,2025-10-22,lodo,climate,43,NestedSelect,20.980000000000004,31.31513819389583,10.335138193895826
trial1_day8_plant8,trial1,8,8,2025-10-22,lodo,climate,43,NestedSelect,18.380000000000003,31.214899610329887,12.834899610329884
trial1_day8_plant9,trial1,8,9,2025-10-22,lodo,climate,43,NestedSelect,21.58,31.114971957621655,9.534971957621657
trial1_day12_plant1,trial1,12,1,2025-10-26,lodo,climate,43,NestedSelect,26.78,18.966163635253906,7.813836364746095
trial1_day12_plant2,trial1,12,2,2025-10-26,lodo,climate,43,NestedSelect,27.78,18.956151962280273,8.823848037719728
trial1_day12_plant3,trial1,12,3,2025-10-26,lodo,climate,43,NestedSelect,32.78,23.165298461914062,9.614701538085939
trial1_day12_plant4,trial1,12,4,2025-10-26,lodo,climate,43,NestedSelect,29.78,21.174585342407227,8.605414657592775
trial1_day12_plant5,trial1,12,5,2025-10-26,lodo,climate,43,NestedSelect,25.78,19.70298194885254,6.077018051147462
trial1_day12_plant6,trial1,12,6,2025-10-26,lodo,climate,43,NestedSelect,21.78,16.813871383666992,4.966128616333009
trial1_day12_plant7,trial1,12,7,2025-10-26,lodo,climate,43,NestedSelect,26.78,20.38573455810547,6.394265441894532
trial1_day12_plant8,trial1,12,8,2025-10-26,lodo,climate,43,NestedSelect,26.78,19.352807998657227,7.427192001342775
trial1_day12_plant9,trial1,12,9,2025-10-26,lodo,climate,43,NestedSelect,27.78,20.919912338256836,6.860087661743165
trial1_day12_plant10,trial1,12,10,2025-10-26,lodo,climate,43,NestedSelect,29.78,21.56004524230957,8.21995475769043
trial1_day16_plant1,trial1,16,1,2025-10-30,lodo,climate,43,NestedSelect,40.78,27.315288543701172,13.46471145629883
trial1_day16_plant2,trial1,16,2,2025-10-30,lodo,climate,43,NestedSelect,45.78,28.219003677368164,17.560996322631837
trial1_day16_plant3,trial1,16,3,2025-10-30,lodo,climate,43,NestedSelect,49.78,32.8328971862793,16.947102813720704
trial1_day16_plant4,trial1,16,4,2025-10-30,lodo,climate,43,NestedSelect,50.78,29.48736572265625,21.29263427734375
trial1_day16_plant5,trial1,16,5,2025-10-30,lodo,climate,43,NestedSelect,36.78,25.576120376586914,11.203879623413087
trial1_day16_plant6,trial1,16,6,2025-10-30,lodo,climate,43,NestedSelect,35.78,23.008241653442383,12.771758346557618
trial1_day16_plant7,trial1,16,7,2025-10-30,lodo,climate,43,NestedSelect,40.78,26.928815841674805,13.851184158325196
trial1_day16_plant8,trial1,16,8,2025-10-30,lodo,climate,43,NestedSelect,42.78,26.477542877197266,16.302457122802736
trial1_day16_plant9,trial1,16,9,2025-10-30,lodo,climate,43,NestedSelect,41.78,28.142425537109375,13.637574462890626
trial1_day16_plant10,trial1,16,10,2025-10-30,lodo,climate,43,NestedSelect,44.78,29.657352447509766,15.122647552490236
trial1_day20_plant1,trial1,20,1,2025-11-03,lodo,climate,43,NestedSelect,78.78,43.1612434387207,35.6187565612793
trial1_day20_plant2,trial1,20,2,2025-11-03,lodo,climate,43,NestedSelect,89.78,44.37281036376953,45.40718963623047
trial1_day20_plant3,trial1,20,3,2025-11-03,lodo,climate,43,NestedSelect,93.78,51.21484375,42.56515625
trial1_day20_plant4,trial1,20,4,2025-11-03,lodo,climate,43,NestedSelect,91.78,47.841835021972656,43.938164978027345
trial1_day20_plant5,trial1,20,5,2025-11-03,lodo,climate,43,NestedSelect,65.78,39.207618713378906,26.572381286621095
trial1_day20_plant6,trial1,20,6,2025-11-03,lodo,climate,43,NestedSelect,69.78,35.745758056640625,34.034241943359376
trial1_day20_plant7,trial1,20,7,2025-11-03,lodo,climate,43,NestedSelect,76.78,42.03988265991211,34.74011734008789
trial1_day20_plant8,trial1,20,8,2025-11-03,lodo,climate,43,NestedSelect,78.78,41.38957595825195,37.39042404174805
trial1_day20_plant9,trial1,20,9,2025-11-03,lodo,climate,43,NestedSelect,83.78,43.185211181640625,40.594788818359376
trial1_day20_plant10,trial1,20,10,2025-11-03,lodo,climate,43,NestedSelect,82.78,44.38996124267578,38.39003875732422
trial1_day24_plant1,trial1,24,1,2025-11-07,lodo,climate,43,NestedSelect,135.78,255.08845137039836,119.30845137039836
trial1_day24_plant2,trial1,24,2,2025-11-07,lodo,climate,43,NestedSelect,153.78,255.08845137039836,101.30845137039836
trial1_day24_plant3,trial1,24,3,2025-11-07,lodo,climate,43,NestedSelect,157.78,255.08845137039836,97.30845137039836
trial1_day24_plant4,trial1,24,4,2025-11-07,lodo,climate,43,NestedSelect,140.78,255.08845137039836,114.30845137039836
trial1_day24_plant5,trial1,24,5,2025-11-07,lodo,climate,43,NestedSelect,123.78,255.08845137039836,131.30845137039836
trial1_day24_plant6,trial1,24,6,2025-11-07,lodo,climate,43,NestedSelect,125.78,255.08845137039836,129.30845137039836
trial1_day24_plant7,trial1,24,7,2025-11-07,lodo,climate,43,NestedSelect,135.78,255.08845137039836,119.30845137039836
trial1_day24_plant8,trial1,24,8,2025-11-07,lodo,climate,43,NestedSelect,137.78,255.08845137039836,117.30845137039836
trial1_day24_plant9,trial1,24,9,2025-11-07,lodo,climate,43,NestedSelect,152.78,255.08845137039836,102.30845137039836
trial1_day24_plant10,trial1,24,10,2025-11-07,lodo,climate,43,NestedSelect,141.78,255.08845137039836,113.30845137039836
trial1_day28_plant1,trial1,28,1,2025-11-11,lodo,climate,43,NestedSelect,213.78,142.5278368676039,71.2521631323961
trial1_day28_plant2,trial1,28,2,2025-11-11,lodo,climate,43,NestedSelect,217.78,142.5278368676039,75.2521631323961
trial1_day28_plant3,trial1,28,3,2025-11-11,lodo,climate,43,NestedSelect,232.78,142.5278368676039,90.2521631323961
trial1_day28_plant4,trial1,28,4,2025-11-11,lodo,climate,43,NestedSelect,220.78,142.5278368676039,78.2521631323961
trial1_day28_plant5,trial1,28,5,2025-11-11,lodo,climate,43,NestedSelect,185.78,142.5278368676039,43.252163132396106
trial1_day28_plant6,trial1,28,6,2025-11-11,lodo,climate,43,NestedSelect,195.78,142.5278368676039,53.252163132396106
trial1_day28_plant7,trial1,28,7,2025-11-11,lodo,climate,43,NestedSelect,218.78,142.5278368676039,76.2521631323961
trial1_day28_plant8,trial1,28,8,2025-11-11,lodo,climate,43,NestedSelect,214.78,142.5278368676039,72.2521631323961
trial1_day28_plant9,trial1,28,9,2025-11-11,lodo,climate,43,NestedSelect,222.78,142.5278368676039,80.2521631323961
trial1_day28_plant10,trial1,28,10,2025-11-11,lodo,climate,43,NestedSelect,220.78,142.5278368676039,78.2521631323961
trial1_day0_plant1,trial1,0,1,2025-10-14,lodo,compact,43,NestedSelect,4.48,18.328786849975586,13.848786849975586
trial1_day0_plant2,trial1,0,2,2025-10-14,lodo,compact,43,NestedSelect,4.880000000000003,19.11504364013672,14.235043640136716
trial1_day0_plant3,trial1,0,3,2025-10-14,lodo,compact,43,NestedSelect,6.580000000000002,20.59101104736328,14.01101104736328
trial1_day0_plant4,trial1,0,4,2025-10-14,lodo,compact,43,NestedSelect,4.080000000000002,19.750354766845703,15.670354766845701
trial1_day0_plant5,trial1,0,5,2025-10-14,lodo,compact,43,NestedSelect,4.98,15.118765830993652,10.138765830993652
trial1_day0_plant6,trial1,0,6,2025-10-14,lodo,compact,43,NestedSelect,3.8800000000000026,15.118765830993652,11.23876583099365
trial1_day0_plant7,trial1,0,7,2025-10-14,lodo,compact,43,NestedSelect,5.18,17.229040145874023,12.049040145874024
trial1_day0_plant8,trial1,0,8,2025-10-14,lodo,compact,43,NestedSelect,4.580000000000002,17.6747989654541,13.0947989654541
trial1_day0_plant9,trial1,0,9,2025-10-14,lodo,compact,43,NestedSelect,4.380000000000003,18.242778778076172,13.86277877807617
trial1_day0_plant10,trial1,0,10,2025-10-14,lodo,compact,43,NestedSelect,5.880000000000003,18.38812828063965,12.508128280639646
trial1_day4_plant1,trial1,4,1,2025-10-18,lodo,compact,43,NestedSelect,12.880000000000004,10.321775436401367,2.558224563598637
trial1_day4_plant2,trial1,4,2,2025-10-18,lodo,compact,43,NestedSelect,11.079999999999998,13.666036605834961,2.5860366058349626
trial1_day4_plant3,trial1,4,3,2025-10-18,lodo,compact,43,NestedSelect,16.880000000000003,12.587992668151855,4.292007331848147
trial1_day4_plant4,trial1,4,4,2025-10-18,lodo,compact,43,NestedSelect,13.980000000000004,11.1873779296875,2.792622070312504
trial1_day4_plant5,trial1,4,5,2025-10-18,lodo,compact,43,NestedSelect,13.28,7.2662835121154785,6.013716487884521
trial1_day4_plant6,trial1,4,6,2025-10-18,lodo,compact,43,NestedSelect,7.880000000000003,7.2662835121154785,0.613716487884524
trial1_day4_plant7,trial1,4,7,2025-10-18,lodo,compact,43,NestedSelect,13.980000000000004,8.695632934570312,5.2843670654296915
trial1_day4_plant8,trial1,4,8,2025-10-18,lodo,compact,43,NestedSelect,11.28,12.702655792236328,1.4226557922363288
trial1_day4_plant9,trial1,4,9,2025-10-18,lodo,compact,43,NestedSelect,11.68,9.742058753967285,1.9379412460327146
trial1_day4_plant10,trial1,4,10,2025-10-18,lodo,compact,43,NestedSelect,14.68,9.813883781433105,4.866116218566894
trial1_day8_plant1,trial1,8,1,2025-10-22,lodo,compact,43,NestedSelect,19.08,36.43205261230469,17.35205261230469
trial1_day8_plant2,trial1,8,2,2025-10-22,lodo,compact,43,NestedSelect,18.18,36.27116775512695,18.091167755126953
trial1_day8_plant3,trial1,8,3,2025-10-22,lodo,compact,43,NestedSelect,23.980000000000004,40.479251861572266,16.49925186157226
trial1_day8_plant4,trial1,8,4,2025-10-22,lodo,compact,43,NestedSelect,20.78,39.055564880371094,18.275564880371093
trial1_day8_plant5,trial1,8,5,2025-10-22,lodo,compact,43,NestedSelect,19.880000000000003,35.2092170715332,15.3292170715332
trial1_day8_plant6,trial1,8,6,2025-10-22,lodo,compact,43,NestedSelect,17.330000000000002,34.93694305419922,17.606943054199217
trial1_day8_plant7,trial1,8,7,2025-10-22,lodo,compact,43,NestedSelect,20.980000000000004,37.203575134277344,16.22357513427734
trial1_day8_plant8,trial1,8,8,2025-10-22,lodo,compact,43,NestedSelect,18.380000000000003,36.55650329589844,18.176503295898435
trial1_day8_plant9,trial1,8,9,2025-10-22,lodo,compact,43,NestedSelect,21.58,38.4718132019043,16.8918132019043
trial1_day12_plant1,trial1,12,1,2025-10-26,lodo,compact,43,NestedSelect,26.78,28.12278938293457,1.3427893829345692
trial1_day12_plant2,trial1,12,2,2025-10-26,lodo,compact,43,NestedSelect,27.78,29.06304359436035,1.2830435943603504
trial1_day12_plant3,trial1,12,3,2025-10-26,lodo,compact,43,NestedSelect,32.78,31.638248443603516,1.1417515563964855
trial1_day12_plant4,trial1,12,4,2025-10-26,lodo,compact,43,NestedSelect,29.78,30.447473526000977,0.6674735260009754
trial1_day12_plant5,trial1,12,5,2025-10-26,lodo,compact,43,NestedSelect,25.78,25.027721405029297,0.7522785949707043
trial1_day12_plant6,trial1,12,6,2025-10-26,lodo,compact,43,NestedSelect,21.78,24.441646575927734,2.6616465759277332
trial1_day12_plant7,trial1,12,7,2025-10-26,lodo,compact,43,NestedSelect,26.78,24.888019561767578,1.891980438232423
trial1_day12_plant8,trial1,12,8,2025-10-26,lodo,compact,43,NestedSelect,26.78,26.35065460205078,0.4293453979492199
trial1_day12_plant9,trial1,12,9,2025-10-26,lodo,compact,43,NestedSelect,27.78,27.63715362548828,0.1428463745117199
trial1_day12_plant10,trial1,12,10,2025-10-26,lodo,compact,43,NestedSelect,29.78,27.699495315551758,2.0805046844482433
trial1_day16_plant1,trial1,16,1,2025-10-30,lodo,compact,43,NestedSelect,40.78,85.64126586914062,44.861265869140624
trial1_day16_plant2,trial1,16,2,2025-10-30,lodo,compact,43,NestedSelect,45.78,86.20832061767578,40.42832061767578
trial1_day16_plant3,trial1,16,3,2025-10-30,lodo,compact,43,NestedSelect,49.78,88.86445617675781,39.08445617675781
trial1_day16_plant4,trial1,16,4,2025-10-30,lodo,compact,43,NestedSelect,50.78,86.03691864013672,35.25691864013672
trial1_day16_plant5,trial1,16,5,2025-10-30,lodo,compact,43,NestedSelect,36.78,83.14599609375,46.36599609375
trial1_day16_plant6,trial1,16,6,2025-10-30,lodo,compact,43,NestedSelect,35.78,82.58262634277344,46.802626342773436
trial1_day16_plant7,trial1,16,7,2025-10-30,lodo,compact,43,NestedSelect,40.78,81.54527282714844,40.765272827148436
trial1_day16_plant8,trial1,16,8,2025-10-30,lodo,compact,43,NestedSelect,42.78,83.8027114868164,41.022711486816405
trial1_day16_plant9,trial1,16,9,2025-10-30,lodo,compact,43,NestedSelect,41.78,86.74076080322266,44.960760803222655
trial1_day16_plant10,trial1,16,10,2025-10-30,lodo,compact,43,NestedSelect,44.78,84.8077621459961,40.02776214599609
trial1_day20_plant1,trial1,20,1,2025-11-03,lodo,compact,43,NestedSelect,78.78,43.189598083496094,35.59040191650391
trial1_day20_plant2,trial1,20,2,2025-11-03,lodo,compact,43,NestedSelect,89.78,45.9211540222168,43.858845977783204
trial1_day20_plant3,trial1,20,3,2025-11-03,lodo,compact,43,NestedSelect,93.78,50.5552864074707,43.2247135925293
trial1_day20_plant4,trial1,20,4,2025-11-03,lodo,compact,43,NestedSelect,91.78,49.08831787109375,42.69168212890625
trial1_day20_plant5,trial1,20,5,2025-11-03,lodo,compact,43,NestedSelect,65.78,38.865291595458984,26.914708404541017
trial1_day20_plant6,trial1,20,6,2025-11-03,lodo,compact,43,NestedSelect,69.78,37.34068298339844,32.439317016601564
trial1_day20_plant7,trial1,20,7,2025-11-03,lodo,compact,43,NestedSelect,76.78,41.267398834228516,35.512601165771486
trial1_day20_plant8,trial1,20,8,2025-11-03,lodo,compact,43,NestedSelect,78.78,41.452735900878906,37.327264099121095
trial1_day20_plant9,trial1,20,9,2025-11-03,lodo,compact,43,NestedSelect,83.78,41.50544357299805,42.274556427001954
trial1_day20_plant10,trial1,20,10,2025-11-03,lodo,compact,43,NestedSelect,82.78,44.23233413696289,38.54766586303711
trial1_day24_plant1,trial1,24,1,2025-11-07,lodo,compact,43,NestedSelect,135.78,93.18675898733046,42.59324101266954
trial1_day24_plant2,trial1,24,2,2025-11-07,lodo,compact,43,NestedSelect,153.78,107.71124540169944,46.06875459830056
trial1_day24_plant3,trial1,24,3,2025-11-07,lodo,compact,43,NestedSelect,157.78,104.66695531903422,53.113044680965785
trial1_day24_plant4,trial1,24,4,2025-11-07,lodo,compact,43,NestedSelect,140.78,107.40775427475167,33.372245725248334
trial1_day24_plant5,trial1,24,5,2025-11-07,lodo,compact,43,NestedSelect,123.78,107.62417144870743,16.155828551292572
trial1_day24_plant6,trial1,24,6,2025-11-07,lodo,compact,43,NestedSelect,125.78,94.62979726565801,31.15020273434199
trial1_day24_plant7,trial1,24,7,2025-11-07,lodo,compact,43,NestedSelect,135.78,107.63994582725358,28.140054172746417
trial1_day24_plant8,trial1,24,8,2025-11-07,lodo,compact,43,NestedSelect,137.78,97.20072731250816,40.57927268749184
trial1_day24_plant9,trial1,24,9,2025-11-07,lodo,compact,43,NestedSelect,152.78,100.73067587028022,52.04932412971978
trial1_day24_plant10,trial1,24,10,2025-11-07,lodo,compact,43,NestedSelect,141.78,100.39160332754024,41.38839667245976
trial1_day28_plant1,trial1,28,1,2025-11-11,lodo,compact,43,NestedSelect,213.78,136.95982360839844,76.82017639160156
trial1_day28_plant2,trial1,28,2,2025-11-11,lodo,compact,43,NestedSelect,217.78,138.06643676757812,79.71356323242188
trial1_day28_plant3,trial1,28,3,2025-11-11,lodo,compact,43,NestedSelect,232.78,138.05381774902344,94.72618225097656
trial1_day28_plant4,trial1,28,4,2025-11-11,lodo,compact,43,NestedSelect,220.78,136.83287048339844,83.94712951660156
trial1_day28_plant5,trial1,28,5,2025-11-11,lodo,compact,43,NestedSelect,185.78,131.02227783203125,54.75772216796875
trial1_day28_plant6,trial1,28,6,2025-11-11,lodo,compact,43,NestedSelect,195.78,138.7743682861328,57.00563171386719
trial1_day28_plant7,trial1,28,7,2025-11-11,lodo,compact,43,NestedSelect,218.78,131.906005859375,86.873994140625
trial1_day28_plant8,trial1,28,8,2025-11-11,lodo,compact,43,NestedSelect,214.78,138.1538848876953,76.62611511230469
trial1_day28_plant9,trial1,28,9,2025-11-11,lodo,compact,43,NestedSelect,222.78,145.1577606201172,77.62223937988281
trial1_day28_plant10,trial1,28,10,2025-11-11,lodo,compact,43,NestedSelect,220.78,146.29835510253906,74.48164489746094
trial1_day0_plant1,trial1,0,1,2025-10-14,lodo,compact,43,NestedSelect,4.48,13.614977836608887,9.134977836608886
trial1_day0_plant2,trial1,0,2,2025-10-14,lodo,compact,43,NestedSelect,4.880000000000003,13.712129592895508,8.832129592895505
trial1_day0_plant3,trial1,0,3,2025-10-14,lodo,compact,43,NestedSelect,6.580000000000002,14.738819122314453,8.158819122314451
trial1_day0_plant4,trial1,0,4,2025-10-14,lodo,compact,43,NestedSelect,4.080000000000002,14.402884483337402,10.3228844833374
trial1_day0_plant5,trial1,0,5,2025-10-14,lodo,compact,43,NestedSelect,4.98,12.547578811645508,7.567578811645507
trial1_day0_plant6,trial1,0,6,2025-10-14,lodo,compact,43,NestedSelect,3.8800000000000026,11.786179542541504,7.906179542541501
trial1_day0_plant7,trial1,0,7,2025-10-14,lodo,compact,43,NestedSelect,5.18,13.154553413391113,7.974553413391114
trial1_day0_plant8,trial1,0,8,2025-10-14,lodo,compact,43,NestedSelect,4.580000000000002,13.154553413391113,8.574553413391111
trial1_day0_plant9,trial1,0,9,2025-10-14,lodo,compact,43,NestedSelect,4.380000000000003,13.435240745544434,9.055240745544431
trial1_day0_plant10,trial1,0,10,2025-10-14,lodo,compact,43,NestedSelect,5.880000000000003,14.061944007873535,8.181944007873533
trial1_day4_plant1,trial1,4,1,2025-10-18,lodo,compact,43,NestedSelect,12.880000000000004,7.731245517730713,5.148754482269291
trial1_day4_plant2,trial1,4,2,2025-10-18,lodo,compact,43,NestedSelect,11.079999999999998,8.062840461730957,3.0171595382690413
trial1_day4_plant3,trial1,4,3,2025-10-18,lodo,compact,43,NestedSelect,16.880000000000003,8.426103591918945,8.453896408081057
trial1_day4_plant4,trial1,4,4,2025-10-18,lodo,compact,43,NestedSelect,13.980000000000004,7.840784549713135,6.139215450286869
trial1_day4_plant5,trial1,4,5,2025-10-18,lodo,compact,43,NestedSelect,13.28,7.157258987426758,6.1227410125732415
trial1_day4_plant6,trial1,4,6,2025-10-18,lodo,compact,43,NestedSelect,7.880000000000003,7.0576252937316895,0.8223747062683131
trial1_day4_plant7,trial1,4,7,2025-10-18,lodo,compact,43,NestedSelect,13.980000000000004,7.5735297203063965,6.4064702796936075
trial1_day4_plant8,trial1,4,8,2025-10-18,lodo,compact,43,NestedSelect,11.28,7.624638557434082,3.6553614425659173
trial1_day4_plant9,trial1,4,9,2025-10-18,lodo,compact,43,NestedSelect,11.68,7.7533392906188965,3.9266607093811032
trial1_day4_plant10,trial1,4,10,2025-10-18,lodo,compact,43,NestedSelect,14.68,8.129819869995117,6.5501801300048825
trial1_day8_plant1,trial1,8,1,2025-10-22,lodo,compact,43,NestedSelect,19.08,18.76340675354004,0.31659324645995923
trial1_day8_plant2,trial1,8,2,2025-10-22,lodo,compact,43,NestedSelect,18.18,18.424943923950195,0.2449439239501956
trial1_day8_plant3,trial1,8,3,2025-10-22,lodo,compact,43,NestedSelect,23.980000000000004,22.617006301879883,1.3629936981201212
trial1_day8_plant4,trial1,8,4,2025-10-22,lodo,compact,43,NestedSelect,20.78,19.713714599609375,1.0662854003906261
trial1_day8_plant5,trial1,8,5,2025-10-22,lodo,compact,43,NestedSelect,19.880000000000003,17.780330657958984,2.099669342041018
trial1_day8_plant6,trial1,8,6,2025-10-22,lodo,compact,43,NestedSelect,17.330000000000002,14.877432823181152,2.4525671768188495
trial1_day8_plant7,trial1,8,7,2025-10-22,lodo,compact,43,NestedSelect,20.980000000000004,18.156780242919922,2.823219757080082
trial1_day8_plant8,trial1,8,8,2025-10-22,lodo,compact,43,NestedSelect,18.380000000000003,18.198108673095703,0.18189132690429943
trial1_day8_plant9,trial1,8,9,2025-10-22,lodo,compact,43,NestedSelect,21.58,18.134281158447266,3.4457188415527327
trial1_day12_plant1,trial1,12,1,2025-10-26,lodo,compact,43,NestedSelect,26.78,24.616205184523604,2.163794815476397
trial1_day12_plant2,trial1,12,2,2025-10-26,lodo,compact,43,NestedSelect,27.78,24.616205184523604,3.163794815476397
trial1_day12_plant3,trial1,12,3,2025-10-26,lodo,compact,43,NestedSelect,32.78,24.616205184523604,8.163794815476397
trial1_day12_plant4,trial1,12,4,2025-10-26,lodo,compact,43,NestedSelect,29.78,24.616205184523604,5.163794815476397
trial1_day12_plant5,trial1,12,5,2025-10-26,lodo,compact,43,NestedSelect,25.78,24.616205184523604,1.1637948154763968
trial1_day12_plant6,trial1,12,6,2025-10-26,lodo,compact,43,NestedSelect,21.78,24.616205184523604,2.836205184523603
trial1_day12_plant7,trial1,12,7,2025-10-26,lodo,compact,43,NestedSelect,26.78,23.96954881691066,2.8104511830893415
trial1_day12_plant8,trial1,12,8,2025-10-26,lodo,compact,43,NestedSelect,26.78,24.616205184523604,2.163794815476397
trial1_day12_plant9,trial1,12,9,2025-10-26,lodo,compact,43,NestedSelect,27.78,24.616205184523604,3.163794815476397
trial1_day12_plant10,trial1,12,10,2025-10-26,lodo,compact,43,NestedSelect,29.78,24.616205184523604,5.163794815476397
trial1_day16_plant1,trial1,16,1,2025-10-30,lodo,compact,43,NestedSelect,40.78,57.21434020996094,16.434340209960936
trial1_day16_plant2,trial1,16,2,2025-10-30,lodo,compact,43,NestedSelect,45.78,57.41273880004883,11.632738800048827
trial1_day16_plant3,trial1,16,3,2025-10-30,lodo,compact,43,NestedSelect,49.78,65.4888916015625,15.708891601562499
trial1_day16_plant4,trial1,16,4,2025-10-30,lodo,compact,43,NestedSelect,50.78,59.239402770996094,8.459402770996093
trial1_day16_plant5,trial1,16,5,2025-10-30,lodo,compact,43,NestedSelect,36.78,54.67046356201172,17.890463562011718
trial1_day16_plant6,trial1,16,6,2025-10-30,lodo,compact,43,NestedSelect,35.78,46.433589935302734,10.653589935302733
trial1_day16_plant7,trial1,16,7,2025-10-30,lodo,compact,43,NestedSelect,40.78,54.14254379272461,13.362543792724608
trial1_day16_plant8,trial1,16,8,2025-10-30,lodo,compact,43,NestedSelect,42.78,53.5269775390625,10.746977539062499
trial1_day16_plant9,trial1,16,9,2025-10-30,lodo,compact,43,NestedSelect,41.78,55.21450424194336,13.434504241943358
trial1_day16_plant10,trial1,16,10,2025-10-30,lodo,compact,43,NestedSelect,44.78,57.312217712402344,12.532217712402343
trial1_day20_plant1,trial1,20,1,2025-11-03,lodo,compact,43,NestedSelect,78.78,40.9425048828125,37.8374951171875
trial1_day20_plant2,trial1,20,2,2025-11-03,lodo,compact,43,NestedSelect,89.78,45.535255432128906,44.244744567871095
trial1_day20_plant3,trial1,20,3,2025-11-03,lodo,compact,43,NestedSelect,93.78,49.39152145385742,44.38847854614258
trial1_day20_plant4,trial1,20,4,2025-11-03,lodo,compact,43,NestedSelect,91.78,48.01069641113281,43.76930358886719
trial1_day20_plant5,trial1,20,5,2025-11-03,lodo,compact,43,NestedSelect,65.78,38.158267974853516,27.621732025146486
trial1_day20_plant6,trial1,20,6,2025-11-03,lodo,compact,43,NestedSelect,69.78,36.23906707763672,33.54093292236328
trial1_day20_plant7,trial1,20,7,2025-11-03,lodo,compact,43,NestedSelect,76.78,39.78010940551758,36.99989059448242
trial1_day20_plant8,trial1,20,8,2025-11-03,lodo,compact,43,NestedSelect,78.78,41.80449295043945,36.97550704956055
trial1_day20_plant9,trial1,20,9,2025-11-03,lodo,compact,43,NestedSelect,83.78,41.11804962158203,42.66195037841797
trial1_day20_plant10,trial1,20,10,2025-11-03,lodo,compact,43,NestedSelect,82.78,43.118892669677734,39.66110733032227
trial1_day24_plant1,trial1,24,1,2025-11-07,lodo,compact,43,NestedSelect,135.78,269.6400369627192,133.8600369627192
trial1_day24_plant2,trial1,24,2,2025-11-07,lodo,compact,43,NestedSelect,153.78,272.01412724807034,118.23412724807034
trial1_day24_plant3,trial1,24,3,2025-11-07,lodo,compact,43,NestedSelect,157.78,262.38398330626967,104.60398330626967
trial1_day24_plant4,trial1,24,4,2025-11-07,lodo,compact,43,NestedSelect,140.78,271.72437996677235,130.94437996677235
trial1_day24_plant5,trial1,24,5,2025-11-07,lodo,compact,43,NestedSelect,123.78,272.5938560248323,148.8138560248323
trial1_day24_plant6,trial1,24,6,2025-11-07,lodo,compact,43,NestedSelect,125.78,270.8534090495291,145.0734090495291
trial1_day24_plant7,trial1,24,7,2025-11-07,lodo,compact,43,NestedSelect,135.78,273.60809900449925,137.82809900449925
trial1_day24_plant8,trial1,24,8,2025-11-07,lodo,compact,43,NestedSelect,137.78,271.00071185944654,133.22071185944654
trial1_day24_plant9,trial1,24,9,2025-11-07,lodo,compact,43,NestedSelect,152.78,272.39353590968574,119.61353590968574
trial1_day24_plant10,trial1,24,10,2025-11-07,lodo,compact,43,NestedSelect,141.78,262.38398330626967,120.60398330626967
trial1_day28_plant1,trial1,28,1,2025-11-11,lodo,compact,43,NestedSelect,213.78,135.09772367675083,78.68227632324917
trial1_day28_plant2,trial1,28,2,2025-11-11,lodo,compact,43,NestedSelect,217.78,134.93203730854097,82.84796269145903
trial1_day28_plant3,trial1,28,3,2025-11-11,lodo,compact,43,NestedSelect,232.78,134.9667108790006,97.8132891209994
trial1_day28_plant4,trial1,28,4,2025-11-11,lodo,compact,43,NestedSelect,220.78,135.40691657401743,85.37308342598257
trial1_day28_plant5,trial1,28,5,2025-11-11,lodo,compact,43,NestedSelect,185.78,135.59105247138626,50.18894752861374
trial1_day28_plant6,trial1,28,6,2025-11-11,lodo,compact,43,NestedSelect,195.78,135.67759020890261,60.10240979109739
trial1_day28_plant7,trial1,28,7,2025-11-11,lodo,compact,43,NestedSelect,218.78,136.0790673785628,82.7009326214372
trial1_day28_plant8,trial1,28,8,2025-11-11,lodo,compact,43,NestedSelect,214.78,135.77719953979135,79.00280046020865
trial1_day28_plant9,trial1,28,9,2025-11-11,lodo,compact,43,NestedSelect,222.78,135.1677789507334,87.6122210492666
trial1_day28_plant10,trial1,28,10,2025-11-11,lodo,compact,43,NestedSelect,220.78,135.63157869615887,85.14842130384113
trial1_day0_plant1,trial1,0,1,2025-10-14,lodo,lin_phy,44,NestedSelect,4.48,29.309535685684203,24.829535685684203
trial1_day0_plant2,trial1,0,2,2025-10-14,lodo,lin_phy,44,NestedSelect,4.880000000000003,29.078497291619307,24.198497291619304
trial1_day0_plant3,trial1,0,3,2025-10-14,lodo,lin_phy,44,NestedSelect,6.580000000000002,28.847458897554418,22.267458897554416
trial1_day0_plant4,trial1,0,4,2025-10-14,lodo,lin_phy,44,NestedSelect,4.080000000000002,28.616420503489522,24.53642050348952
trial1_day0_plant5,trial1,0,5,2025-10-14,lodo,lin_phy,44,NestedSelect,4.98,28.385382109424633,23.405382109424632
trial1_day0_plant6,trial1,0,6,2025-10-14,lodo,lin_phy,44,NestedSelect,3.8800000000000026,28.154343715359744,24.27434371535974
trial1_day0_plant7,trial1,0,7,2025-10-14,lodo,lin_phy,44,NestedSelect,5.18,27.923305321294848,22.743305321294848
trial1_day0_plant8,trial1,0,8,2025-10-14,lodo,lin_phy,44,NestedSelect,4.580000000000002,27.69226692722995,23.11226692722995
trial1_day0_plant9,trial1,0,9,2025-10-14,lodo,lin_phy,44,NestedSelect,4.380000000000003,27.461228533165063,23.08122853316506
trial1_day0_plant10,trial1,0,10,2025-10-14,lodo,lin_phy,44,NestedSelect,5.880000000000003,27.23019013910018,21.350190139100178
trial1_day4_plant1,trial1,4,1,2025-10-18,lodo,lin_phy,44,NestedSelect,12.880000000000004,54.59496933790291,41.71496933790291
trial1_day4_plant2,trial1,4,2,2025-10-18,lodo,lin_phy,44,NestedSelect,11.079999999999998,55.62970855760217,44.54970855760217
trial1_day4_plant3,trial1,4,3,2025-10-18,lodo,lin_phy,44,NestedSelect,16.880000000000003,54.13855998749512,37.25855998749512
trial1_day4_plant4,trial1,4,4,2025-10-18,lodo,lin_phy,44,NestedSelect,13.980000000000004,53.91035531229123,39.930355312291226
trial1_day4_plant5,trial1,4,5,2025-10-18,lodo,lin_phy,44,NestedSelect,13.28,53.68215063708733,40.40215063708733
trial1_day4_plant6,trial1,4,6,2025-10-18,lodo,lin_phy,44,NestedSelect,7.880000000000003,53.453945961883434,45.57394596188343
trial1_day4_plant7,trial1,4,7,2025-10-18,lodo,lin_phy,44,NestedSelect,13.980000000000004,53.225741286679536,39.24574128667953
trial1_day4_plant8,trial1,4,8,2025-10-18,lodo,lin_phy,44,NestedSelect,11.28,56.262718949130445,44.982718949130444
trial1_day4_plant9,trial1,4,9,2025-10-18,lodo,lin_phy,44,NestedSelect,11.68,52.76933193627175,41.08933193627175
trial1_day4_plant10,trial1,4,10,2025-10-18,lodo,lin_phy,44,NestedSelect,14.68,52.54112726106786,37.86112726106786
trial1_day8_plant1,trial1,8,1,2025-10-22,lodo,lin_phy,44,NestedSelect,19.08,102.1176496510023,83.0376496510023
trial1_day8_plant2,trial1,8,2,2025-10-22,lodo,lin_phy,44,NestedSelect,18.18,96.56484292831323,78.38484292831322
trial1_day8_plant3,trial1,8,3,2025-10-22,lodo,lin_phy,44,NestedSelect,23.980000000000004,101.72881135735157,77.74881135735157
trial1_day8_plant4,trial1,8,4,2025-10-22,lodo,lin_phy,44,NestedSelect,20.78,100.7529780240182,79.9729780240182
trial1_day8_plant5,trial1,8,5,2025-10-22,lodo,lin_phy,44,NestedSelect,19.880000000000003,100.38706631766901,80.507066317669
trial1_day8_plant6,trial1,8,6,2025-10-22,lodo,lin_phy,44,NestedSelect,17.330000000000002,96.09641777870793,78.76641777870793
trial1_day8_plant7,trial1,8,7,2025-10-22,lodo,lin_phy,44,NestedSelect,20.980000000000004,97.90055369140633,76.92055369140633
trial1_day8_plant8,trial1,8,8,2025-10-22,lodo,lin_phy,44,NestedSelect,18.380000000000003,97.98435131045397,79.60435131045398
trial1_day8_plant9,trial1,8,9,2025-10-22,lodo,lin_phy,44,NestedSelect,21.58,97.16635131045398,75.58635131045398
trial1_day12_plant1,trial1,12,1,2025-10-26,lodo,lin_phy,44,NestedSelect,26.78,20.822269439697266,5.9577305603027355
trial1_day12_plant2,trial1,12,2,2025-10-26,lodo,lin_phy,44,NestedSelect,27.78,21.582300186157227,6.197699813842775
trial1_day12_plant3,trial1,12,3,2025-10-26,lodo,lin_phy,44,NestedSelect,32.78,22.42889404296875,10.351105957031251
trial1_day12_plant4,trial1,12,4,2025-10-26,lodo,lin_phy,44,NestedSelect,29.78,21.53771209716797,8.242287902832032
trial1_day12_plant5,trial1,12,5,2025-10-26,lodo,lin_phy,44,NestedSelect,25.78,17.38159942626953,8.39840057373047
trial1_day12_plant6,trial1,12,6,2025-10-26,lodo,lin_phy,44,NestedSelect,21.78,17.38159942626953,4.39840057373047
trial1_day12_plant7,trial1,12,7,2025-10-26,lodo,lin_phy,44,NestedSelect,26.78,18.481142044067383,8.298857955932618
trial1_day12_plant8,trial1,12,8,2025-10-26,lodo,lin_phy,44,NestedSelect,26.78,19.285537719726562,7.494462280273439
trial1_day12_plant9,trial1,12,9,2025-10-26,lodo,lin_phy,44,NestedSelect,27.78,19.47767448425293,8.302325515747071
trial1_day12_plant10,trial1,12,10,2025-10-26,lodo,lin_phy,44,NestedSelect,29.78,19.776418685913086,10.003581314086915
trial1_day16_plant1,trial1,16,1,2025-10-30,lodo,lin_phy,44,NestedSelect,40.78,30.98638153076172,9.793618469238282
trial1_day16_plant2,trial1,16,2,2025-10-30,lodo,lin_phy,44,NestedSelect,45.78,30.98638153076172,14.793618469238282
trial1_day16_plant3,trial1,16,3,2025-10-30,lodo,lin_phy,44,NestedSelect,49.78,32.57326126098633,17.206738739013673
trial1_day16_plant4,trial1,16,4,2025-10-30,lodo,lin_phy,44,NestedSelect,50.78,30.589799880981445,20.190200119018556
trial1_day16_plant5,trial1,16,5,2025-10-30,lodo,lin_phy,44,NestedSelect,36.78,27.096092224121094,9.683907775878907
trial1_day16_plant6,trial1,16,6,2025-10-30,lodo,lin_phy,44,NestedSelect,35.78,27.096092224121094,8.683907775878907
trial1_day16_plant7,trial1,16,7,2025-10-30,lodo,lin_phy,44,NestedSelect,40.78,27.9527530670166,12.8272469329834
trial1_day16_plant8,trial1,16,8,2025-10-30,lodo,lin_phy,44,NestedSelect,42.78,28.424591064453125,14.355408935546876
trial1_day16_plant9,trial1,16,9,2025-10-30,lodo,lin_phy,44,NestedSelect,41.78,29.701221466064453,12.078778533935548
trial1_day16_plant10,trial1,16,10,2025-10-30,lodo,lin_phy,44,NestedSelect,44.78,28.997955322265625,15.782044677734376
trial1_day20_plant1,trial1,20,1,2025-11-03,lodo,lin_phy,44,NestedSelect,78.78,56.34098434448242,22.43901565551758
trial1_day20_plant2,trial1,20,2,2025-11-03,lodo,lin_phy,44,NestedSelect,89.78,60.30051040649414,29.47948959350586
trial1_day20_plant3,trial1,20,3,2025-11-03,lodo,lin_phy,44,NestedSelect,93.78,61.23106384277344,32.548936157226564
trial1_day20_plant4,trial1,20,4,2025-11-03,lodo,lin_phy,44,NestedSelect,91.78,59.397727966308594,32.38227203369141
trial1_day20_plant5,trial1,20,5,2025-11-03,lodo,lin_phy,44,NestedSelect,65.78,52.45752716064453,13.32247283935547
trial1_day20_plant6,trial1,20,6,2025-11-03,lodo,lin_phy,44,NestedSelect,69.78,51.835205078125,17.944794921875
trial1_day20_plant7,trial1,20,7,2025-11-03,lodo,lin_phy,44,NestedSelect,76.78,52.880191802978516,23.899808197021486
trial1_day20_plant8,trial1,20,8,2025-11-03,lodo,lin_phy,44,NestedSelect,78.78,53.65849304199219,25.121506958007814
trial1_day20_plant9,trial1,20,9,2025-11-03,lodo,lin_phy,44,NestedSelect,83.78,53.41393280029297,30.366067199707032
trial1_day20_plant10,trial1,20,10,2025-11-03,lodo,lin_phy,44,NestedSelect,82.78,55.38250732421875,27.39749267578125
trial1_day24_plant1,trial1,24,1,2025-11-07,lodo,lin_phy,44,NestedSelect,135.78,78.04873657226562,57.731263427734376
trial1_day24_plant2,trial1,24,2,2025-11-07,lodo,lin_phy,44,NestedSelect,153.78,89.68659210205078,64.09340789794922
trial1_day24_plant3,trial1,24,3,2025-11-07,lodo,lin_phy,44,NestedSelect,157.78,80.37806701660156,77.40193298339844
trial1_day24_plant4,trial1,24,4,2025-11-07,lodo,lin_phy,44,NestedSelect,140.78,88.24375915527344,52.536240844726564
trial1_day24_plant5,trial1,24,5,2025-11-07,lodo,lin_phy,44,NestedSelect,123.78,89.86668395996094,33.913316040039064
trial1_day24_plant6,trial1,24,6,2025-11-07,lodo,lin_phy,44,NestedSelect,125.78,82.48304748535156,43.29695251464844
trial1_day24_plant7,trial1,24,7,2025-11-07,lodo,lin_phy,44,NestedSelect,135.78,92.76112365722656,43.01887634277344
trial1_day24_plant8,trial1,24,8,2025-11-07,lodo,lin_phy,44,NestedSelect,137.78,84.76696014404297,53.01303985595703
trial1_day24_plant9,trial1,24,9,2025-11-07,lodo,lin_phy,44,NestedSelect,152.78,87.43064880371094,65.34935119628906
trial1_day24_plant10,trial1,24,10,2025-11-07,lodo,lin_phy,44,NestedSelect,141.78,78.42495727539062,63.355042724609376
trial1_day28_plant1,trial1,28,1,2025-11-11,lodo,lin_phy,44,NestedSelect,213.78,127.3589096069336,86.42109039306641
trial1_day28_plant2,trial1,28,2,2025-11-11,lodo,lin_phy,44,NestedSelect,217.78,128.08204650878906,89.69795349121094
trial1_day28_plant3,trial1,28,3,2025-11-11,lodo,lin_phy,44,NestedSelect,232.78,127.60260772705078,105.17739227294922
trial1_day28_plant4,trial1,28,4,2025-11-11,lodo,lin_phy,44,NestedSelect,220.78,125.86602020263672,94.91397979736328
trial1_day28_plant5,trial1,28,5,2025-11-11,lodo,lin_phy,44,NestedSelect,185.78,122.19387817382812,63.586121826171876
trial1_day28_plant6,trial1,28,6,2025-11-11,lodo,lin_phy,44,NestedSelect,195.78,127.78137969970703,67.99862030029297
trial1_day28_plant7,trial1,28,7,2025-11-11,lodo,lin_phy,44,NestedSelect,218.78,121.29077911376953,97.48922088623047
trial1_day28_plant8,trial1,28,8,2025-11-11,lodo,lin_phy,44,NestedSelect,214.78,126.79741668701172,87.98258331298828
trial1_day28_plant9,trial1,28,9,2025-11-11,lodo,lin_phy,44,NestedSelect,222.78,133.70916748046875,89.07083251953125
trial1_day28_plant10,trial1,28,10,2025-11-11,lodo,lin_phy,44,NestedSelect,220.78,135.7915802001953,84.98841979980469
trial1_day0_plant1,trial1,0,1,2025-10-14,lodo,lin_phy,44,NestedSelect,4.48,7.153735326745475,2.673735326745475
trial1_day0_plant2,trial1,0,2,2025-10-14,lodo,lin_phy,44,NestedSelect,4.880000000000003,7.153735326745475,2.2737353267454727
trial1_day0_plant3,trial1,0,3,2025-10-14,lodo,lin_phy,44,NestedSelect,6.580000000000002,7.153735326745475,0.5737353267454735
trial1_day0_plant4,trial1,0,4,2025-10-14,lodo,lin_phy,44,NestedSelect,4.080000000000002,7.153735326745475,3.0737353267454735
trial1_day0_plant5,trial1,0,5,2025-10-14,lodo,lin_phy,44,NestedSelect,4.98,7.153735326745475,2.173735326745475
trial1_day0_plant6,trial1,0,6,2025-10-14,lodo,lin_phy,44,NestedSelect,3.8800000000000026,7.153735326745475,3.2737353267454727
trial1_day0_plant7,trial1,0,7,2025-10-14,lodo,lin_phy,44,NestedSelect,5.18,7.153735326745475,1.9737353267454756
trial1_day0_plant8,trial1,0,8,2025-10-14,lodo,lin_phy,44,NestedSelect,4.580000000000002,7.153735326745475,2.5737353267454735
trial1_day0_plant9,trial1,0,9,2025-10-14,lodo,lin_phy,44,NestedSelect,4.380000000000003,7.153735326745475,2.7737353267454727
trial1_day0_plant10,trial1,0,10,2025-10-14,lodo,lin_phy,44,NestedSelect,5.880000000000003,7.153735326745475,1.2737353267454727
trial1_day4_plant1,trial1,4,1,2025-10-18,lodo,lin_phy,44,NestedSelect,12.880000000000004,11.112207893445012,1.7677921065549924
trial1_day4_plant2,trial1,4,2,2025-10-18,lodo,lin_phy,44,NestedSelect,11.079999999999998,11.662366375646519,0.5823663756465205
trial1_day4_plant3,trial1,4,3,2025-10-18,lodo,lin_phy,44,NestedSelect,16.880000000000003,11.112207893445012,5.767792106554991
trial1_day4_plant4,trial1,4,4,2025-10-18,lodo,lin_phy,44,NestedSelect,13.980000000000004,11.112207893445012,2.867792106554992
trial1_day4_plant5,trial1,4,5,2025-10-18,lodo,lin_phy,44,NestedSelect,13.28,11.112207893445012,2.1677921065549874
trial1_day4_plant6,trial1,4,6,2025-10-18,lodo,lin_phy,44,NestedSelect,7.880000000000003,11.112207893445012,3.2322078934450094
trial1_day4_plant7,trial1,4,7,2025-10-18,lodo,lin_phy,44,NestedSelect,13.980000000000004,11.112207893445012,2.867792106554992
trial1_day4_plant8,trial1,4,8,2025-10-18,lodo,lin_phy,44,NestedSelect,11.28,11.494299171102252,0.21429917110225283
trial1_day4_plant9,trial1,4,9,2025-10-18,lodo,lin_phy,44,NestedSelect,11.68,11.112207893445012,0.5677921065549878
trial1_day4_plant10,trial1,4,10,2025-10-18,lodo,lin_phy,44,NestedSelect,14.68,11.112207893445012,3.567792106554988
trial1_day8_plant1,trial1,8,1,2025-10-22,lodo,lin_phy,44,NestedSelect,19.08,26.979175808585023,7.899175808585024
trial1_day8_plant2,trial1,8,2,2025-10-22,lodo,lin_phy,44,NestedSelect,18.18,26.995294314170284,8.815294314170284
trial1_day8_plant3,trial1,8,3,2025-10-22,lodo,lin_phy,44,NestedSelect,23.980000000000004,27.5870257787539,3.607025778753897
trial1_day8_plant4,trial1,8,4,2025-10-22,lodo,lin_phy,44,NestedSelect,20.78,27.5870257787539,6.8070257787539
trial1_day8_plant5,trial1,8,5,2025-10-22,lodo,lin_phy,44,NestedSelect,19.880000000000003,27.5870257787539,7.7070257787538985
trial1_day8_plant6,trial1,8,6,2025-10-22,lodo,lin_phy,44,NestedSelect,17.330000000000002,27.001650555562453,9.67165055556245
trial1_day8_plant7,trial1,8,7,2025-10-22,lodo,lin_phy,44,NestedSelect,20.980000000000004,26.966837120027204,5.9868371200272
trial1_day8_plant8,trial1,8,8,2025-10-22,lodo,lin_phy,44,NestedSelect,18.380000000000003,27.00968168299987,8.629681682999866
trial1_day8_plant9,trial1,8,9,2025-10-22,lodo,lin_phy,44,NestedSelect,21.58,26.954136493320256,5.374136493320258
trial1_day12_plant1,trial1,12,1,2025-10-26,lodo,lin_phy,44,NestedSelect,26.78,23.334780017301185,3.4452199826988164
trial1_day12_plant2,trial1,12,2,2025-10-26,lodo,lin_phy,44,NestedSelect,27.78,23.334780017301185,4.445219982698816
trial1_day12_plant3,trial1,12,3,2025-10-26,lodo,lin_phy,44,NestedSelect,32.78,23.334780017301185,9.445219982698816
trial1_day12_plant4,trial1,12,4,2025-10-26,lodo,lin_phy,44,NestedSelect,29.78,23.334780017301185,6.445219982698816
trial1_day12_plant5,trial1,12,5,2025-10-26,lodo,lin_phy,44,NestedSelect,25.78,23.334780017301185,2.4452199826988164
trial1_day12_plant6,trial1,12,6,2025-10-26,lodo,lin_phy,44,NestedSelect,21.78,23.334780017301185,1.5547800173011836
trial1_day12_plant7,trial1,12,7,2025-10-26,lodo,lin_phy,44,NestedSelect,26.78,22.45105608039085,4.328943919609152
trial1_day12_plant8,trial1,12,8,2025-10-26,lodo,lin_phy,44,NestedSelect,26.78,23.334780017301185,3.4452199826988164
trial1_day12_plant9,trial1,12,9,2025-10-26,lodo,lin_phy,44,NestedSelect,27.78,23.334780017301185,4.445219982698816
trial1_day12_plant10,trial1,12,10,2025-10-26,lodo,lin_phy,44,NestedSelect,29.78,23.334780017301185,6.445219982698816
trial1_day16_plant1,trial1,16,1,2025-10-30,lodo,lin_phy,44,NestedSelect,40.78,42.62096442928388,1.8409644292838792
trial1_day16_plant2,trial1,16,2,2025-10-30,lodo,lin_phy,44,NestedSelect,45.78,42.62096442928388,3.159035570716121
trial1_day16_plant3,trial1,16,3,2025-10-30,lodo,lin_phy,44,NestedSelect,49.78,42.62096442928388,7.159035570716121
trial1_day16_plant4,trial1,16,4,2025-10-30,lodo,lin_phy,44,NestedSelect,50.78,42.62096442928388,8.15903557071612
trial1_day16_plant5,trial1,16,5,2025-10-30,lodo,lin_phy,44,NestedSelect,36.78,42.62096442928388,5.840964429283879
trial1_day16_plant6,trial1,16,6,2025-10-30,lodo,lin_phy,44,NestedSelect,35.78,42.62096442928388,6.840964429283879
trial1_day16_plant7,trial1,16,7,2025-10-30,lodo,lin_phy,44,NestedSelect,40.78,42.06603065338992,1.286030653389922
trial1_day16_plant8,trial1,16,8,2025-10-30,lodo,lin_phy,44,NestedSelect,42.78,42.62096442928388,0.15903557071612084
trial1_day16_plant9,trial1,16,9,2025-10-30,lodo,lin_phy,44,NestedSelect,41.78,42.09596850424116,0.3159685042411624
trial1_day16_plant10,trial1,16,10,2025-10-30,lodo,lin_phy,44,NestedSelect,44.78,42.62096442928388,2.159035570716121
trial1_day20_plant1,trial1,20,1,2025-11-03,lodo,lin_phy,44,NestedSelect,78.78,92.62487109247931,13.844871092479309
trial1_day20_plant2,trial1,20,2,2025-11-03,lodo,lin_phy,44,NestedSelect,89.78,91.59858890654237,1.8185889065423737
trial1_day20_plant3,trial1,20,3,2025-11-03,lodo,lin_phy,44,NestedSelect,93.78,89.0255093393757,4.754490660624299
trial1_day20_plant4,trial1,20,4,2025-11-03,lodo,lin_phy,44,NestedSelect,91.78,92.47374578015769,0.6937457801576841
trial1_day20_plant5,trial1,20,5,2025-11-03,lodo,lin_phy,44,NestedSelect,65.78,92.46745418871497,26.687454188714966
trial1_day20_plant6,trial1,20,6,2025-11-03,lodo,lin_phy,44,NestedSelect,69.78,93.06546736515843,23.285467365158425
trial1_day20_plant7,trial1,20,7,2025-11-03,lodo,lin_phy,44,NestedSelect,76.78,95.08392084482645,18.30392084482645
trial1_day20_plant8,trial1,20,8,2025-11-03,lodo,lin_phy,44,NestedSelect,78.78,95.39697148070537,16.616971480705374
trial1_day20_plant9,trial1,20,9,2025-11-03,lodo,lin_phy,44,NestedSelect,83.78,95.02303788370814,11.24303788370814
trial1_day20_plant10,trial1,20,10,2025-11-03,lodo,lin_phy,44,NestedSelect,82.78,96.65338123683969,13.873381236839691
trial1_day24_plant1,trial1,24,1,2025-11-07,lodo,lin_phy,44,NestedSelect,135.78,155.34478907682018,19.564789076820176
trial1_day24_plant2,trial1,24,2,2025-11-07,lodo,lin_phy,44,NestedSelect,153.78,156.82303038968013,3.0430303896801263
trial1_day24_plant3,trial1,24,3,2025-11-07,lodo,lin_phy,44,NestedSelect,157.78,150.63149969057957,7.148500309420427
trial1_day24_plant4,trial1,24,4,2025-11-07,lodo,lin_phy,44,NestedSelect,140.78,157.06514867359925,16.285148673599252
trial1_day24_plant5,trial1,24,5,2025-11-07,lodo,lin_phy,44,NestedSelect,123.78,158.05700067602635,34.27700067602635
trial1_day24_plant6,trial1,24,6,2025-11-07,lodo,lin_phy,44,NestedSelect,125.78,155.89576224118812,30.115762241188122
trial1_day24_plant7,trial1,24,7,2025-11-07,lodo,lin_phy,44,NestedSelect,135.78,158.19937565744365,22.419375657443652
trial1_day24_plant8,trial1,24,8,2025-11-07,lodo,lin_phy,44,NestedSelect,137.78,156.18460084923865,18.404600849238648
trial1_day24_plant9,trial1,24,9,2025-11-07,lodo,lin_phy,44,NestedSelect,152.78,157.43564409311875,4.655644093118752
trial1_day24_plant10,trial1,24,10,2025-11-07,lodo,lin_phy,44,NestedSelect,141.78,150.63149969057957,8.851499690579573
trial1_day28_plant1,trial1,28,1,2025-11-11,lodo,lin_phy,44,NestedSelect,213.78,181.05093532631713,32.72906467368287
trial1_day28_plant2,trial1,28,2,2025-11-11,lodo,lin_phy,44,NestedSelect,217.78,180.45715513702112,37.32284486297888
trial1_day28_plant3,trial1,28,3,2025-11-11,lodo,lin_phy,44,NestedSelect,232.78,179.79204311943008,52.987956880569925
trial1_day28_plant4,trial1,28,4,2025-11-11,lodo,lin_phy,44,NestedSelect,220.78,181.42664442114267,39.35335557885733
trial1_day28_plant5,trial1,28,5,2025-11-11,lodo,lin_phy,44,NestedSelect,185.78,180.69558652233593,5.0844134776640715
trial1_day28_plant6,trial1,28,6,2025-11-11,lodo,lin_phy,44,NestedSelect,195.78,182.6317781937501,13.148221806249893
trial1_day28_plant7,trial1,28,7,2025-11-11,lodo,lin_phy,44,NestedSelect,218.78,183.68240491769808,35.09759508230192
trial1_day28_plant8,trial1,28,8,2025-11-11,lodo,lin_phy,44,NestedSelect,214.78,182.87920770052165,31.900792299478354
trial1_day28_plant9,trial1,28,9,2025-11-11,lodo,lin_phy,44,NestedSelect,222.78,181.84293288103194,40.93706711896806
trial1_day28_plant10,trial1,28,10,2025-11-11,lodo,lin_phy,44,NestedSelect,220.78,183.37158211651845,37.40841788348155
trial1_day0_plant1,trial1,0,1,2025-10-14,lodo,canopy,44,NestedSelect,4.48,12.633027076721191,8.153027076721191
trial1_day0_plant2,trial1,0,2,2025-10-14,lodo,canopy,44,NestedSelect,4.880000000000003,13.62376880645752,8.743768806457517
trial1_day0_plant3,trial1,0,3,2025-10-14,lodo,canopy,44,NestedSelect,6.580000000000002,17.5778751373291,10.9978751373291
trial1_day0_plant4,trial1,0,4,2025-10-14,lodo,canopy,44,NestedSelect,4.080000000000002,16.13803482055664,12.058034820556639
trial1_day0_plant5,trial1,0,5,2025-10-14,lodo,canopy,44,NestedSelect,4.98,11.408321380615234,6.428321380615234
trial1_day0_plant6,trial1,0,6,2025-10-14,lodo,canopy,44,NestedSelect,3.8800000000000026,10.376520156860352,6.496520156860349
trial1_day0_plant7,trial1,0,7,2025-10-14,lodo,canopy,44,NestedSelect,5.18,13.292702674865723,8.112702674865723
trial1_day0_plant8,trial1,0,8,2025-10-14,lodo,canopy,44,NestedSelect,4.580000000000002,13.292702674865723,8.71270267486572
trial1_day0_plant9,trial1,0,9,2025-10-14,lodo,canopy,44,NestedSelect,4.380000000000003,14.264639854431152,9.88463985443115
trial1_day0_plant10,trial1,0,10,2025-10-14,lodo,canopy,44,NestedSelect,5.880000000000003,14.904293060302734,9.024293060302732
trial1_day4_plant1,trial1,4,1,2025-10-18,lodo,canopy,44,NestedSelect,12.880000000000004,7.846107006072998,5.033892993927006
trial1_day4_plant2,trial1,4,2,2025-10-18,lodo,canopy,44,NestedSelect,11.079999999999998,12.595335006713867,1.515335006713869
trial1_day4_plant3,trial1,4,3,2025-10-18,lodo,canopy,44,NestedSelect,16.880000000000003,10.223015785217285,6.656984214782717
trial1_day4_plant4,trial1,4,4,2025-10-18,lodo,canopy,44,NestedSelect,13.980000000000004,8.694613456726074,5.28538654327393
trial1_day4_plant5,trial1,4,5,2025-10-18,lodo,canopy,44,NestedSelect,13.28,4.676720142364502,8.603279857635497
trial1_day4_plant6,trial1,4,6,2025-10-18,lodo,canopy,44,NestedSelect,7.880000000000003,4.676720142364502,3.2032798576355006
trial1_day4_plant7,trial1,4,7,2025-10-18,lodo,canopy,44,NestedSelect,13.980000000000004,5.753391265869141,8.226608734130863
trial1_day4_plant8,trial1,4,8,2025-10-18,lodo,canopy,44,NestedSelect,11.28,9.612401962280273,1.667598037719726
trial1_day4_plant9,trial1,4,9,2025-10-18,lodo,canopy,44,NestedSelect,11.68,6.923376560211182,4.756623439788818
trial1_day4_plant10,trial1,4,10,2025-10-18,lodo,canopy,44,NestedSelect,14.68,7.064981460571289,7.615018539428711
trial1_day8_plant1,trial1,8,1,2025-10-22,lodo,canopy,44,NestedSelect,19.08,14.600085258483887,4.479914741516112
trial1_day8_plant2,trial1,8,2,2025-10-22,lodo,canopy,44,NestedSelect,18.18,14.671791076660156,3.5082089233398435
trial1_day8_plant3,trial1,8,3,2025-10-22,lodo,canopy,44,NestedSelect,23.980000000000004,16.024742126464844,7.95525787353516
trial1_day8_plant4,trial1,8,4,2025-10-22,lodo,canopy,44,NestedSelect,20.78,15.386188507080078,5.393811492919923
trial1_day8_plant5,trial1,8,5,2025-10-22,lodo,canopy,44,NestedSelect,19.880000000000003,10.879780769348145,9.000219230651858
trial1_day8_plant6,trial1,8,6,2025-10-22,lodo,canopy,44,NestedSelect,17.330000000000002,9.355758666992188,7.974241333007814
trial1_day8_plant7,trial1,8,7,2025-10-22,lodo,canopy,44,NestedSelect,20.980000000000004,12.092791557312012,8.887208442687992
trial1_day8_plant8,trial1,8,8,2025-10-22,lodo,canopy,44,NestedSelect,18.380000000000003,12.42997932434082,5.950020675659182
trial1_day8_plant9,trial1,8,9,2025-10-22,lodo,canopy,44,NestedSelect,21.58,13.37321949005127,8.206780509948729
trial1_day12_plant1,trial1,12,1,2025-10-26,lodo,canopy,44,NestedSelect,26.78,18.94474983215332,7.835250167846681
trial1_day12_plant2,trial1,12,2,2025-10-26,lodo,canopy,44,NestedSelect,27.78,20.085651397705078,7.694348602294923
trial1_day12_plant3,trial1,12,3,2025-10-26,lodo,canopy,44,NestedSelect,32.78,22.79258155822754,9.987418441772462
trial1_day12_plant4,trial1,12,4,2025-10-26,lodo,canopy,44,NestedSelect,29.78,21.481510162353516,8.298489837646486
trial1_day12_plant5,trial1,12,5,2025-10-26,lodo,canopy,44,NestedSelect,25.78,17.86575698852539,7.9142430114746105
trial1_day12_plant6,trial1,12,6,2025-10-26,lodo,canopy,44,NestedSelect,21.78,17.122358322143555,4.6576416778564464
trial1_day12_plant7,trial1,12,7,2025-10-26,lodo,canopy,44,NestedSelect,26.78,18.98725128173828,7.79274871826172
trial1_day12_plant8,trial1,12,8,2025-10-26,lodo,canopy,44,NestedSelect,26.78,19.106670379638672,7.673329620361329
trial1_day12_plant9,trial1,12,9,2025-10-26,lodo,canopy,44,NestedSelect,27.78,19.752347946166992,8.027652053833009
trial1_day12_plant10,trial1,12,10,2025-10-26,lodo,canopy,44,NestedSelect,29.78,19.945039749145508,9.834960250854493
trial1_day16_plant1,trial1,16,1,2025-10-30,lodo,canopy,44,NestedSelect,40.78,29.00860595703125,11.771394042968751
trial1_day16_plant2,trial1,16,2,2025-10-30,lodo,canopy,44,NestedSelect,45.78,29.159648895263672,16.62035110473633
trial1_day16_plant3,trial1,16,3,2025-10-30,lodo,canopy,44,NestedSelect,49.78,30.3576717376709,19.422328262329103
trial1_day16_plant4,trial1,16,4,2025-10-30,lodo,canopy,44,NestedSelect,50.78,28.784263610839844,21.995736389160157
trial1_day16_plant5,trial1,16,5,2025-10-30,lodo,canopy,44,NestedSelect,36.78,25.60767936706543,11.172320632934571
trial1_day16_plant6,trial1,16,6,2025-10-30,lodo,canopy,44,NestedSelect,35.78,25.60767936706543,10.172320632934571
trial1_day16_plant7,trial1,16,7,2025-10-30,lodo,canopy,44,NestedSelect,40.78,26.19556999206543,14.584430007934571
trial1_day16_plant8,trial1,16,8,2025-10-30,lodo,canopy,44,NestedSelect,42.78,26.946998596191406,15.833001403808595
trial1_day16_plant9,trial1,16,9,2025-10-30,lodo,canopy,44,NestedSelect,41.78,27.521442413330078,14.258557586669923
trial1_day16_plant10,trial1,16,10,2025-10-30,lodo,canopy,44,NestedSelect,44.78,27.31102180480957,17.46897819519043
trial1_day20_plant1,trial1,20,1,2025-11-03,lodo,canopy,44,NestedSelect,78.78,43.21480178833008,35.56519821166992
trial1_day20_plant2,trial1,20,2,2025-11-03,lodo,canopy,44,NestedSelect,89.78,43.347312927246094,46.43268707275391
trial1_day20_plant3,trial1,20,3,2025-11-03,lodo,canopy,44,NestedSelect,93.78,45.07542419433594,48.704575805664064
trial1_day20_plant4,trial1,20,4,2025-11-03,lodo,canopy,44,NestedSelect,91.78,47.66967010498047,44.11032989501953
trial1_day20_plant5,trial1,20,5,2025-11-03,lodo,canopy,44,NestedSelect,65.78,42.717201232910156,23.062798767089845
trial1_day20_plant6,trial1,20,6,2025-11-03,lodo,canopy,44,NestedSelect,69.78,39.10578155517578,30.67421844482422
trial1_day20_plant7,trial1,20,7,2025-11-03,lodo,canopy,44,NestedSelect,76.78,42.20711898803711,34.57288101196289
trial1_day20_plant8,trial1,20,8,2025-11-03,lodo,canopy,44,NestedSelect,78.78,42.64754867553711,36.13245132446289
trial1_day20_plant9,trial1,20,9,2025-11-03,lodo,canopy,44,NestedSelect,83.78,42.45859146118164,41.32140853881836
trial1_day20_plant10,trial1,20,10,2025-11-03,lodo,canopy,44,NestedSelect,82.78,44.98291015625,37.79708984375
trial1_day24_plant1,trial1,24,1,2025-11-07,lodo,canopy,44,NestedSelect,135.78,77.89421081542969,57.885789184570314
trial1_day24_plant2,trial1,24,2,2025-11-07,lodo,canopy,44,NestedSelect,153.78,89.7359848022461,64.04401519775391
trial1_day24_plant3,trial1,24,3,2025-11-07,lodo,canopy,44,NestedSelect,157.78,80.22559356689453,77.55440643310547
trial1_day24_plant4,trial1,24,4,2025-11-07,lodo,canopy,44,NestedSelect,140.78,87.76477813720703,53.01522186279297
trial1_day24_plant5,trial1,24,5,2025-11-07,lodo,canopy,44,NestedSelect,123.78,90.58529663085938,33.194703369140626
trial1_day24_plant6,trial1,24,6,2025-11-07,lodo,canopy,44,NestedSelect,125.78,82.21869659423828,43.56130340576172
trial1_day24_plant7,trial1,24,7,2025-11-07,lodo,canopy,44,NestedSelect,135.78,92.73310089111328,43.04689910888672
trial1_day24_plant8,trial1,24,8,2025-11-07,lodo,canopy,44,NestedSelect,137.78,84.33181762695312,53.448182373046876
trial1_day24_plant9,trial1,24,9,2025-11-07,lodo,canopy,44,NestedSelect,152.78,88.52436065673828,64.25563934326172
trial1_day24_plant10,trial1,24,10,2025-11-07,lodo,canopy,44,NestedSelect,141.78,78.22981262207031,63.55018737792969
trial1_day28_plant1,trial1,28,1,2025-11-11,lodo,canopy,44,NestedSelect,213.78,137.78662109375,75.99337890625
trial1_day28_plant2,trial1,28,2,2025-11-11,lodo,canopy,44,NestedSelect,217.78,138.7301025390625,79.0498974609375
trial1_day28_plant3,trial1,28,3,2025-11-11,lodo,canopy,44,NestedSelect,232.78,138.7932586669922,93.98674133300781
trial1_day28_plant4,trial1,28,4,2025-11-11,lodo,canopy,44,NestedSelect,220.78,137.52064514160156,83.25935485839844
trial1_day28_plant5,trial1,28,5,2025-11-11,lodo,canopy,44,NestedSelect,185.78,133.1304168701172,52.649583129882814
trial1_day28_plant6,trial1,28,6,2025-11-11,lodo,canopy,44,NestedSelect,195.78,139.30096435546875,56.47903564453125
trial1_day28_plant7,trial1,28,7,2025-11-11,lodo,canopy,44,NestedSelect,218.78,132.00494384765625,86.77505615234375
trial1_day28_plant8,trial1,28,8,2025-11-11,lodo,canopy,44,NestedSelect,214.78,139.2611846923828,75.51881530761719
trial1_day28_plant9,trial1,28,9,2025-11-11,lodo,canopy,44,NestedSelect,222.78,145.1571502685547,77.62284973144531
trial1_day28_plant10,trial1,28,10,2025-11-11,lodo,canopy,44,NestedSelect,220.78,147.2235565185547,73.55644348144531
trial1_day0_plant1,trial1,0,1,2025-10-14,lodo,canopy,44,NestedSelect,4.48,5.989528685247487,1.5095286852474867
trial1_day0_plant2,trial1,0,2,2025-10-14,lodo,canopy,44,NestedSelect,4.880000000000003,5.989528685247487,1.1095286852474846
trial1_day0_plant3,trial1,0,3,2025-10-14,lodo,canopy,44,NestedSelect,6.580000000000002,5.989528685247487,0.5904713147525147
trial1_day0_plant4,trial1,0,4,2025-10-14,lodo,canopy,44,NestedSelect,4.080000000000002,5.989528685247487,1.9095286852474853
trial1_day0_plant5,trial1,0,5,2025-10-14,lodo,canopy,44,NestedSelect,4.98,5.989528685247487,1.0095286852474867
trial1_day0_plant6,trial1,0,6,2025-10-14,lodo,canopy,44,NestedSelect,3.8800000000000026,5.989528685247487,2.1095286852474846
trial1_day0_plant7,trial1,0,7,2025-10-14,lodo,canopy,44,NestedSelect,5.18,5.989528685247487,0.8095286852474874
trial1_day0_plant8,trial1,0,8,2025-10-14,lodo,canopy,44,NestedSelect,4.580000000000002,5.989528685247487,1.4095286852474853
trial1_day0_plant9,trial1,0,9,2025-10-14,lodo,canopy,44,NestedSelect,4.380000000000003,5.989528685247488,1.6095286852474855
trial1_day0_plant10,trial1,0,10,2025-10-14,lodo,canopy,44,NestedSelect,5.880000000000003,5.989528685247488,0.10952868524748549
trial1_day4_plant1,trial1,4,1,2025-10-18,lodo,canopy,44,NestedSelect,12.880000000000004,11.655227427252072,1.2247725727479324
trial1_day4_plant2,trial1,4,2,2025-10-18,lodo,canopy,44,NestedSelect,11.079999999999998,12.215057598435596,1.1350575984355977
trial1_day4_plant3,trial1,4,3,2025-10-18,lodo,canopy,44,NestedSelect,16.880000000000003,11.655227427252072,5.224772572747931
trial1_day4_plant4,trial1,4,4,2025-10-18,lodo,canopy,44,NestedSelect,13.980000000000004,11.655227427252072,2.324772572747932
trial1_day4_plant5,trial1,4,5,2025-10-18,lodo,canopy,44,NestedSelect,13.28,11.655227427252072,1.6247725727479274
trial1_day4_plant6,trial1,4,6,2025-10-18,lodo,canopy,44,NestedSelect,7.880000000000003,11.655227427252072,3.7752274272520694
trial1_day4_plant7,trial1,4,7,2025-10-18,lodo,canopy,44,NestedSelect,13.980000000000004,11.655227427252072,2.324772572747932
trial1_day4_plant8,trial1,4,8,2025-10-18,lodo,canopy,44,NestedSelect,11.28,12.019790350488936,0.7397903504889367
trial1_day4_plant9,trial1,4,9,2025-10-18,lodo,canopy,44,NestedSelect,11.68,11.655227427252072,0.024772572747927768
trial1_day4_plant10,trial1,4,10,2025-10-18,lodo,canopy,44,NestedSelect,14.68,11.655227427252072,3.0247725727479278
trial1_day8_plant1,trial1,8,1,2025-10-22,lodo,canopy,44,NestedSelect,19.08,47.214996416477476,28.134996416477478
trial1_day8_plant2,trial1,8,2,2025-10-22,lodo,canopy,44,NestedSelect,18.18,47.07958236013878,28.89958236013878
trial1_day8_plant3,trial1,8,3,2025-10-22,lodo,canopy,44,NestedSelect,23.980000000000004,48.246231272696825,24.26623127269682
trial1_day8_plant4,trial1,8,4,2025-10-22,lodo,canopy,44,NestedSelect,20.78,48.246231272696825,27.466231272696824
trial1_day8_plant5,trial1,8,5,2025-10-22,lodo,canopy,44,NestedSelect,19.880000000000003,48.246231272696825,28.366231272696822
trial1_day8_plant6,trial1,8,6,2025-10-22,lodo,canopy,44,NestedSelect,17.330000000000002,47.117972214527576,29.787972214527574
trial1_day8_plant7,trial1,8,7,2025-10-22,lodo,canopy,44,NestedSelect,20.980000000000004,47.238415587922795,26.25841558792279
trial1_day8_plant8,trial1,8,8,2025-10-22,lodo,canopy,44,NestedSelect,18.380000000000003,47.32322463387315,28.94322463387315
trial1_day8_plant9,trial1,8,9,2025-10-22,lodo,canopy,44,NestedSelect,21.58,47.29431535793512,25.71431535793512
trial1_day12_plant1,trial1,12,1,2025-10-26,lodo,canopy,44,NestedSelect,26.78,26.752846490154734,0.027153509845266655
trial1_day12_plant2,trial1,12,2,2025-10-26,lodo,canopy,44,NestedSelect,27.78,26.752846490154734,1.0271535098452667
trial1_day12_plant3,trial1,12,3,2025-10-26,lodo,canopy,44,NestedSelect,32.78,26.752846490154734,6.027153509845267
trial1_day12_plant4,trial1,12,4,2025-10-26,lodo,canopy,44,NestedSelect,29.78,26.752846490154734,3.0271535098452667
trial1_day12_plant5,trial1,12,5,2025-10-26,lodo,canopy,44,NestedSelect,25.78,26.752846490154734,0.9728464901547333
trial1_day12_plant6,trial1,12,6,2025-10-26,lodo,canopy,44,NestedSelect,21.78,26.752846490154734,4.972846490154733
trial1_day12_plant7,trial1,12,7,2025-10-26,lodo,canopy,44,NestedSelect,26.78,25.56577052351469,1.2142294764853112
trial1_day12_plant8,trial1,12,8,2025-10-26,lodo,canopy,44,NestedSelect,26.78,26.752846490154734,0.027153509845266655
trial1_day12_plant9,trial1,12,9,2025-10-26,lodo,canopy,44,NestedSelect,27.78,26.752846490154734,1.0271535098452667
trial1_day12_plant10,trial1,12,10,2025-10-26,lodo,canopy,44,NestedSelect,29.78,26.752846490154734,3.0271535098452667
trial1_day16_plant1,trial1,16,1,2025-10-30,lodo,canopy,44,NestedSelect,40.78,38.24688271828286,2.5331172817171392
trial1_day16_plant2,trial1,16,2,2025-10-30,lodo,canopy,44,NestedSelect,45.78,38.24688271828286,7.533117281717139
trial1_day16_plant3,trial1,16,3,2025-10-30,lodo,canopy,44,NestedSelect,49.78,38.24688271828286,11.53311728171714
trial1_day16_plant4,trial1,16,4,2025-10-30,lodo,canopy,44,NestedSelect,50.78,38.24688271828286,12.53311728171714
trial1_day16_plant5,trial1,16,5,2025-10-30,lodo,canopy,44,NestedSelect,36.78,38.24688271828286,1.4668827182828608
trial1_day16_plant6,trial1,16,6,2025-10-30,lodo,canopy,44,NestedSelect,35.78,38.24688271828286,2.4668827182828608
trial1_day16_plant7,trial1,16,7,2025-10-30,lodo,canopy,44,NestedSelect,40.78,37.708144699141094,3.071855300858907
trial1_day16_plant8,trial1,16,8,2025-10-30,lodo,canopy,44,NestedSelect,42.78,38.24688271828286,4.533117281717139
trial1_day16_plant9,trial1,16,9,2025-10-30,lodo,canopy,44,NestedSelect,41.78,37.74415488140463,4.035845118595368
trial1_day16_plant10,trial1,16,10,2025-10-30,lodo,canopy,44,NestedSelect,44.78,38.24688271828286,6.533117281717139
trial1_day20_plant1,trial1,20,1,2025-11-03,lodo,canopy,44,NestedSelect,78.78,114.42595192033679,35.645951920336785
trial1_day20_plant2,trial1,20,2,2025-11-03,lodo,canopy,44,NestedSelect,89.78,109.73577340316048,19.955773403160478
trial1_day20_plant3,trial1,20,3,2025-11-03,lodo,canopy,44,NestedSelect,93.78,103.0036984693618,9.223698469361793
trial1_day20_plant4,trial1,20,4,2025-11-03,lodo,canopy,44,NestedSelect,91.78,110.50986449736034,18.72986449736034
trial1_day20_plant5,trial1,20,5,2025-11-03,lodo,canopy,44,NestedSelect,65.78,111.17112360917838,45.39112360917838
trial1_day20_plant6,trial1,20,6,2025-11-03,lodo,canopy,44,NestedSelect,69.78,111.2959001494487,41.5159001494487
trial1_day20_plant7,trial1,20,7,2025-11-03,lodo,canopy,44,NestedSelect,76.78,114.38254510222032,37.60254510222032
trial1_day20_plant8,trial1,20,8,2025-11-03,lodo,canopy,44,NestedSelect,78.78,114.74737730710017,35.967377307100165
trial1_day20_plant9,trial1,20,9,2025-11-03,lodo,canopy,44,NestedSelect,83.78,113.5154763520828,29.7354763520828
trial1_day20_plant10,trial1,20,10,2025-11-03,lodo,canopy,44,NestedSelect,82.78,118.60212910216345,35.822129102163444
trial1_day24_plant1,trial1,24,1,2025-11-07,lodo,canopy,44,NestedSelect,135.78,96.10587936702635,39.674120632973654
trial1_day24_plant2,trial1,24,2,2025-11-07,lodo,canopy,44,NestedSelect,153.78,97.27568046393363,56.504319536066376
trial1_day24_plant3,trial1,24,3,2025-11-07,lodo,canopy,44,NestedSelect,157.78,92.3260677846055,65.4539322153945
trial1_day24_plant4,trial1,24,4,2025-11-07,lodo,canopy,44,NestedSelect,140.78,97.15385098700521,43.62614901299479
trial1_day24_plant5,trial1,24,5,2025-11-07,lodo,canopy,44,NestedSelect,123.78,98.04276440526256,25.73723559473744
trial1_day24_plant6,trial1,24,6,2025-11-07,lodo,canopy,44,NestedSelect,125.78,96.33635086290116,29.443649137098845
trial1_day24_plant7,trial1,24,7,2025-11-07,lodo,canopy,44,NestedSelect,135.78,98.15480239845766,37.62519760154234
trial1_day24_plant8,trial1,24,8,2025-11-07,lodo,canopy,44,NestedSelect,137.78,96.86628579122663,40.91371420877337
trial1_day24_plant9,trial1,24,9,2025-11-07,lodo,canopy,44,NestedSelect,152.78,97.90176622638178,54.87823377361822
trial1_day24_plant10,trial1,24,10,2025-11-07,lodo,canopy,44,NestedSelect,141.78,92.3260677846055,49.4539322153945
trial1_day28_plant1,trial1,28,1,2025-11-11,lodo,canopy,44,NestedSelect,213.78,278.2392923969894,64.45929239698941
trial1_day28_plant2,trial1,28,2,2025-11-11,lodo,canopy,44,NestedSelect,217.78,278.72945885020374,60.94945885020374
trial1_day28_plant3,trial1,28,3,2025-11-11,lodo,canopy,44,NestedSelect,232.78,259.72989500666966,26.949895006669664
trial1_day28_plant4,trial1,28,4,2025-11-11,lodo,canopy,44,NestedSelect,220.78,263.7421345471584,42.9621345471584
trial1_day28_plant5,trial1,28,5,2025-11-11,lodo,canopy,44,NestedSelect,185.78,271.4195625062892,85.6395625062892
trial1_day28_plant6,trial1,28,6,2025-11-11,lodo,canopy,44,NestedSelect,195.78,290.64441599914346,94.86441599914346
trial1_day28_plant7,trial1,28,7,2025-11-11,lodo,canopy,44,NestedSelect,218.78,271.0956414013539,52.31564140135387
trial1_day28_plant8,trial1,28,8,2025-11-11,lodo,canopy,44,NestedSelect,214.78,295.26639740149074,80.48639740149073
trial1_day28_plant9,trial1,28,9,2025-11-11,lodo,canopy,44,NestedSelect,222.78,270.56787661065624,47.78787661065624
trial1_day28_plant10,trial1,28,10,2025-11-11,lodo,canopy,44,NestedSelect,220.78,283.04861891021113,62.26861891021113
trial1_day0_plant1,trial1,0,1,2025-10-14,lodo,climate,44,NestedSelect,4.48,11.338667869567871,6.858667869567871
trial1_day0_plant2,trial1,0,2,2025-10-14,lodo,climate,44,NestedSelect,4.880000000000003,12.900190353393555,8.020190353393552
trial1_day0_plant3,trial1,0,3,2025-10-14,lodo,climate,44,NestedSelect,6.580000000000002,17.226913452148438,10.646913452148436
trial1_day0_plant4,trial1,0,4,2025-10-14,lodo,climate,44,NestedSelect,4.080000000000002,15.389472007751465,11.309472007751463
trial1_day0_plant5,trial1,0,5,2025-10-14,lodo,climate,44,NestedSelect,4.98,10.614182472229004,5.6341824722290035
trial1_day0_plant6,trial1,0,6,2025-10-14,lodo,climate,44,NestedSelect,3.8800000000000026,10.420156478881836,6.540156478881833
trial1_day0_plant7,trial1,0,7,2025-10-14,lodo,climate,44,NestedSelect,5.18,12.328167915344238,7.148167915344239
trial1_day0_plant8,trial1,0,8,2025-10-14,lodo,climate,44,NestedSelect,4.580000000000002,12.328167915344238,7.748167915344236
trial1_day0_plant9,trial1,0,9,2025-10-14,lodo,climate,44,NestedSelect,4.380000000000003,13.147665023803711,8.767665023803708
trial1_day0_plant10,trial1,0,10,2025-10-14,lodo,climate,44,NestedSelect,5.880000000000003,14.131093978881836,8.251093978881833
trial1_day4_plant1,trial1,4,1,2025-10-18,lodo,climate,44,NestedSelect,12.880000000000004,3.87368106842041,9.006318931579594
trial1_day4_plant2,trial1,4,2,2025-10-18,lodo,climate,44,NestedSelect,11.079999999999998,5.658315658569336,5.421684341430662
trial1_day4_plant3,trial1,4,3,2025-10-18,lodo,climate,44,NestedSelect,16.880000000000003,8.48558521270752,8.394414787292483
trial1_day4_plant4,trial1,4,4,2025-10-18,lodo,climate,44,NestedSelect,13.980000000000004,6.8406901359558105,7.139309864044193
trial1_day4_plant5,trial1,4,5,2025-10-18,lodo,climate,44,NestedSelect,13.28,3.0574536323547363,10.222546367645263
trial1_day4_plant6,trial1,4,6,2025-10-18,lodo,climate,44,NestedSelect,7.880000000000003,3.1347060203552246,4.745293979644778
trial1_day4_plant7,trial1,4,7,2025-10-18,lodo,climate,44,NestedSelect,13.980000000000004,4.8851118087768555,9.094888191223149
trial1_day4_plant8,trial1,4,8,2025-10-18,lodo,climate,44,NestedSelect,11.28,4.844639778137207,6.435360221862792
trial1_day4_plant9,trial1,4,9,2025-10-18,lodo,climate,44,NestedSelect,11.68,5.309623718261719,6.370376281738281
trial1_day4_plant10,trial1,4,10,2025-10-18,lodo,climate,44,NestedSelect,14.68,6.0250959396362305,8.65490406036377
trial1_day8_plant1,trial1,8,1,2025-10-22,lodo,climate,44,NestedSelect,19.08,57.99113215832953,38.91113215832953
trial1_day8_plant2,trial1,8,2,2025-10-22,lodo,climate,44,NestedSelect,18.18,57.77693635574524,39.59693635574524
trial1_day8_plant3,trial1,8,3,2025-10-22,lodo,climate,44,NestedSelect,23.980000000000004,57.562740553160964,33.58274055316096
trial1_day8_plant4,trial1,8,4,2025-10-22,lodo,climate,44,NestedSelect,20.78,57.34854475057668,36.56854475057668
trial1_day8_plant5,trial1,8,5,2025-10-22,lodo,climate,44,NestedSelect,19.880000000000003,57.13434894799239,37.25434894799239
trial1_day8_plant6,trial1,8,6,2025-10-22,lodo,climate,44,NestedSelect,17.330000000000002,56.92015314540811,39.59015314540811
trial1_day8_plant7,trial1,8,7,2025-10-22,lodo,climate,44,NestedSelect,20.980000000000004,56.70595734282382,35.72595734282382
trial1_day8_plant8,trial1,8,8,2025-10-22,lodo,climate,44,NestedSelect,18.380000000000003,56.49176154023954,38.111761540239534
trial1_day8_plant9,trial1,8,9,2025-10-22,lodo,climate,44,NestedSelect,21.58,56.27756573765525,34.69756573765525
trial1_day12_plant1,trial1,12,1,2025-10-26,lodo,climate,44,NestedSelect,26.78,18.203310012817383,8.576689987182618
trial1_day12_plant2,trial1,12,2,2025-10-26,lodo,climate,44,NestedSelect,27.78,19.883548736572266,7.8964512634277355
trial1_day12_plant3,trial1,12,3,2025-10-26,lodo,climate,44,NestedSelect,32.78,23.540586471557617,9.239413528442384
trial1_day12_plant4,trial1,12,4,2025-10-26,lodo,climate,44,NestedSelect,29.78,21.71140480041504,8.068595199584962
trial1_day12_plant5,trial1,12,5,2025-10-26,lodo,climate,44,NestedSelect,25.78,16.065221786499023,9.714778213500978
trial1_day12_plant6,trial1,12,6,2025-10-26,lodo,climate,44,NestedSelect,21.78,16.200162887573242,5.579837112426759
trial1_day12_plant7,trial1,12,7,2025-10-26,lodo,climate,44,NestedSelect,26.78,19.543411254882812,7.236588745117189
trial1_day12_plant8,trial1,12,8,2025-10-26,lodo,climate,44,NestedSelect,26.78,19.402996063232422,7.377003936767579
trial1_day12_plant9,trial1,12,9,2025-10-26,lodo,climate,44,NestedSelect,27.78,21.21595001220703,6.56404998779297
trial1_day12_plant10,trial1,12,10,2025-10-26,lodo,climate,44,NestedSelect,29.78,21.215404510498047,8.564595489501954
trial1_day16_plant1,trial1,16,1,2025-10-30,lodo,climate,44,NestedSelect,40.78,26.89319610595703,13.88680389404297
trial1_day16_plant2,trial1,16,2,2025-10-30,lodo,climate,44,NestedSelect,45.78,27.587657928466797,18.192342071533204
trial1_day16_plant3,trial1,16,3,2025-10-30,lodo,climate,44,NestedSelect,49.78,31.941049575805664,17.838950424194337
trial1_day16_plant4,trial1,16,4,2025-10-30,lodo,climate,44,NestedSelect,50.78,29.134532928466797,21.645467071533204
trial1_day16_plant5,trial1,16,5,2025-10-30,lodo,climate,44,NestedSelect,36.78,23.203065872192383,13.576934127807618
trial1_day16_plant6,trial1,16,6,2025-10-30,lodo,climate,44,NestedSelect,35.78,22.990367889404297,12.789632110595704
trial1_day16_plant7,trial1,16,7,2025-10-30,lodo,climate,44,NestedSelect,40.78,27.366092681884766,13.413907318115236
trial1_day16_plant8,trial1,16,8,2025-10-30,lodo,climate,44,NestedSelect,42.78,27.284778594970703,15.495221405029298
trial1_day16_plant9,trial1,16,9,2025-10-30,lodo,climate,44,NestedSelect,41.78,30.468547821044922,11.31145217895508
trial1_day16_plant10,trial1,16,10,2025-10-30,lodo,climate,44,NestedSelect,44.78,29.774961471557617,15.005038528442384
trial1_day20_plant1,trial1,20,1,2025-11-03,lodo,climate,44,NestedSelect,78.78,42.771183013916016,36.008816986083986
trial1_day20_plant2,trial1,20,2,2025-11-03,lodo,climate,44,NestedSelect,89.78,44.66303634643555,45.116963653564454
trial1_day20_plant3,trial1,20,3,2025-11-03,lodo,climate,44,NestedSelect,93.78,49.82538604736328,43.95461395263672
trial1_day20_plant4,trial1,20,4,2025-11-03,lodo,climate,44,NestedSelect,91.78,47.76833724975586,44.01166275024414
trial1_day20_plant5,trial1,20,5,2025-11-03,lodo,climate,44,NestedSelect,65.78,38.37774658203125,27.40225341796875
trial1_day20_plant6,trial1,20,6,2025-11-03,lodo,climate,44,NestedSelect,69.78,36.870426177978516,32.909573822021486
trial1_day20_plant7,trial1,20,7,2025-11-03,lodo,climate,44,NestedSelect,76.78,41.36338424682617,35.41661575317383
trial1_day20_plant8,trial1,20,8,2025-11-03,lodo,climate,44,NestedSelect,78.78,41.36968994140625,37.41031005859375
trial1_day20_plant9,trial1,20,9,2025-11-03,lodo,climate,44,NestedSelect,83.78,42.22072982788086,41.55927017211914
trial1_day20_plant10,trial1,20,10,2025-11-03,lodo,climate,44,NestedSelect,82.78,44.21022415161133,38.56977584838867
trial1_day24_plant1,trial1,24,1,2025-11-07,lodo,climate,44,NestedSelect,135.78,83.05970831873434,52.720291681265664
trial1_day24_plant2,trial1,24,2,2025-11-07,lodo,climate,44,NestedSelect,153.78,85.56594431510864,68.21405568489136
trial1_day24_plant3,trial1,24,3,2025-11-07,lodo,climate,44,NestedSelect,157.78,92.8044995299865,64.9755004700135
trial1_day24_plant4,trial1,24,4,2025-11-07,lodo,climate,44,NestedSelect,140.78,88.25046164880126,52.52953835119874
trial1_day24_plant5,trial1,24,5,2025-11-07,lodo,climate,44,NestedSelect,123.78,69.4717558921296,54.30824410787041
trial1_day24_plant6,trial1,24,6,2025-11-07,lodo,climate,44,NestedSelect,125.78,69.57020325721976,56.20979674278024
trial1_day24_plant7,trial1,24,7,2025-11-07,lodo,climate,44,NestedSelect,135.78,81.72399016648465,54.05600983351535
trial1_day24_plant8,trial1,24,8,2025-11-07,lodo,climate,44,NestedSelect,137.78,80.73954785655283,57.04045214344717
trial1_day24_plant9,trial1,24,9,2025-11-07,lodo,climate,44,NestedSelect,152.78,84.9172407115342,67.8627592884658
trial1_day24_plant10,trial1,24,10,2025-11-07,lodo,climate,44,NestedSelect,141.78,86.03827141794308,55.74172858205692
trial1_day28_plant1,trial1,28,1,2025-11-11,lodo,climate,44,NestedSelect,213.78,136.54737854003906,77.23262145996094
trial1_day28_plant2,trial1,28,2,2025-11-11,lodo,climate,44,NestedSelect,217.78,152.2124786376953,65.56752136230469
trial1_day28_plant3,trial1,28,3,2025-11-11,lodo,climate,44,NestedSelect,232.78,153.4707489013672,79.30925109863281
trial1_day28_plant4,trial1,28,4,2025-11-11,lodo,climate,44,NestedSelect,220.78,141.22152709960938,79.55847290039063
trial1_day28_plant5,trial1,28,5,2025-11-11,lodo,climate,44,NestedSelect,185.78,127.46849060058594,58.311509399414064
trial1_day28_plant6,trial1,28,6,2025-11-11,lodo,climate,44,NestedSelect,195.78,127.32939910888672,68.45060089111328
trial1_day28_plant7,trial1,28,7,2025-11-11,lodo,climate,44,NestedSelect,218.78,136.1446533203125,82.6353466796875
trial1_day28_plant8,trial1,28,8,2025-11-11,lodo,climate,44,NestedSelect,214.78,138.21949768066406,76.56050231933594
trial1_day28_plant9,trial1,28,9,2025-11-11,lodo,climate,44,NestedSelect,222.78,147.19606018066406,75.58393981933594
trial1_day28_plant10,trial1,28,10,2025-11-11,lodo,climate,44,NestedSelect,220.78,144.3048095703125,76.4751904296875
trial1_day0_plant1,trial1,0,1,2025-10-14,lodo,climate,44,NestedSelect,4.48,8.783690380771622,4.303690380771622
trial1_day0_plant2,trial1,0,2,2025-10-14,lodo,climate,44,NestedSelect,4.880000000000003,8.783690380771622,3.9036903807716197
trial1_day0_plant3,trial1,0,3,2025-10-14,lodo,climate,44,NestedSelect,6.580000000000002,8.783690380771622,2.2036903807716204
trial1_day0_plant4,trial1,0,4,2025-10-14,lodo,climate,44,NestedSelect,4.080000000000002,8.783690380771622,4.70369038077162
trial1_day0_plant5,trial1,0,5,2025-10-14,lodo,climate,44,NestedSelect,4.98,8.783690380771622,3.803690380771622
trial1_day0_plant6,trial1,0,6,2025-10-14,lodo,climate,44,NestedSelect,3.8800000000000026,8.783690380771622,4.90369038077162
trial1_day0_plant7,trial1,0,7,2025-10-14,lodo,climate,44,NestedSelect,5.18,8.783690380771622,3.6036903807716225
trial1_day0_plant8,trial1,0,8,2025-10-14,lodo,climate,44,NestedSelect,4.580000000000002,8.783690380771622,4.20369038077162
trial1_day0_plant9,trial1,0,9,2025-10-14,lodo,climate,44,NestedSelect,4.380000000000003,8.783690380771622,4.40369038077162
trial1_day0_plant10,trial1,0,10,2025-10-14,lodo,climate,44,NestedSelect,5.880000000000003,8.783690380771622,2.9036903807716197
trial1_day4_plant1,trial1,4,1,2025-10-18,lodo,climate,44,NestedSelect,12.880000000000004,9.46170338992109,3.418296610078915
trial1_day4_plant2,trial1,4,2,2025-10-18,lodo,climate,44,NestedSelect,11.079999999999998,9.439996663625736,1.6400033363742619
trial1_day4_plant3,trial1,4,3,2025-10-18,lodo,climate,44,NestedSelect,16.880000000000003,9.418334976073009,7.461665023926994
trial1_day4_plant4,trial1,4,4,2025-10-18,lodo,climate,44,NestedSelect,13.980000000000004,9.396718233813155,4.583281766186849
trial1_day4_plant5,trial1,4,5,2025-10-18,lodo,climate,44,NestedSelect,13.28,9.375146343590314,3.904853656409685
trial1_day4_plant6,trial1,4,6,2025-10-18,lodo,climate,44,NestedSelect,7.880000000000003,9.353619212342117,1.4736192123421148
trial1_day4_plant7,trial1,4,7,2025-10-18,lodo,climate,44,NestedSelect,13.980000000000004,9.33213674719928,4.6478632528007235
trial1_day4_plant8,trial1,4,8,2025-10-18,lodo,climate,44,NestedSelect,11.28,9.310698855485228,1.9693011445147715
trial1_day4_plant9,trial1,4,9,2025-10-18,lodo,climate,44,NestedSelect,11.68,9.289305444715673,2.390694555284327
trial1_day4_plant10,trial1,4,10,2025-10-18,lodo,climate,44,NestedSelect,14.68,9.267956422598212,5.412043577401787
trial1_day8_plant1,trial1,8,1,2025-10-22,lodo,climate,44,NestedSelect,19.08,31.9231536334305,12.8431536334305
trial1_day8_plant2,trial1,8,2,2025-10-22,lodo,climate,44,NestedSelect,18.18,31.821029041948417,13.641029041948418
trial1_day8_plant3,trial1,8,3,2025-10-22,lodo,climate,44,NestedSelect,23.980000000000004,31.719221231546943,7.739221231546939
trial1_day8_plant4,trial1,8,4,2025-10-22,lodo,climate,44,NestedSelect,20.78,31.61772921960034,10.837729219600337
trial1_day8_plant5,trial1,8,5,2025-10-22,lodo,climate,44,NestedSelect,19.880000000000003,31.51655202653089,11.636552026530886
trial1_day8_plant6,trial1,8,6,2025-10-22,lodo,climate,44,NestedSelect,17.330000000000002,31.415688675799387,14.085688675799386
trial1_day8_plant7,trial1,8,7,2025-10-22,lodo,climate,44,NestedSelect,20.980000000000004,31.31513819389583,10.335138193895826
trial1_day8_plant8,trial1,8,8,2025-10-22,lodo,climate,44,NestedSelect,18.380000000000003,31.214899610329887,12.834899610329884
trial1_day8_plant9,trial1,8,9,2025-10-22,lodo,climate,44,NestedSelect,21.58,31.114971957621655,9.534971957621657
trial1_day12_plant1,trial1,12,1,2025-10-26,lodo,climate,44,NestedSelect,26.78,19.041767120361328,7.738232879638673
trial1_day12_plant2,trial1,12,2,2025-10-26,lodo,climate,44,NestedSelect,27.78,19.262939453125,8.517060546875001
trial1_day12_plant3,trial1,12,3,2025-10-26,lodo,climate,44,NestedSelect,32.78,23.128488540649414,9.651511459350587
trial1_day12_plant4,trial1,12,4,2025-10-26,lodo,climate,44,NestedSelect,29.78,21.324325561523438,8.455674438476564
trial1_day12_plant5,trial1,12,5,2025-10-26,lodo,climate,44,NestedSelect,25.78,18.992753982543945,6.787246017456056
trial1_day12_plant6,trial1,12,6,2025-10-26,lodo,climate,44,NestedSelect,21.78,16.873397827148438,4.906602172851564
trial1_day12_plant7,trial1,12,7,2025-10-26,lodo,climate,44,NestedSelect,26.78,20.288738250732422,6.491261749267579
trial1_day12_plant8,trial1,12,8,2025-10-26,lodo,climate,44,NestedSelect,26.78,19.53431510925293,7.2456848907470714
trial1_day12_plant9,trial1,12,9,2025-10-26,lodo,climate,44,NestedSelect,27.78,20.626384735107422,7.153615264892579
trial1_day12_plant10,trial1,12,10,2025-10-26,lodo,climate,44,NestedSelect,29.78,21.204317092895508,8.575682907104493
trial1_day16_plant1,trial1,16,1,2025-10-30,lodo,climate,44,NestedSelect,40.78,27.61028289794922,13.169717102050782
trial1_day16_plant2,trial1,16,2,2025-10-30,lodo,climate,44,NestedSelect,45.78,27.733240127563477,18.046759872436525
trial1_day16_plant3,trial1,16,3,2025-10-30,lodo,climate,44,NestedSelect,49.78,32.421043395996094,17.358956604003907
trial1_day16_plant4,trial1,16,4,2025-10-30,lodo,climate,44,NestedSelect,50.78,29.27767562866211,21.50232437133789
trial1_day16_plant5,trial1,16,5,2025-10-30,lodo,climate,44,NestedSelect,36.78,25.497831344604492,11.282168655395509
trial1_day16_plant6,trial1,16,6,2025-10-30,lodo,climate,44,NestedSelect,35.78,22.641754150390625,13.138245849609376
trial1_day16_plant7,trial1,16,7,2025-10-30,lodo,climate,44,NestedSelect,40.78,27.116783142089844,13.663216857910157
trial1_day16_plant8,trial1,16,8,2025-10-30,lodo,climate,44,NestedSelect,42.78,26.448686599731445,16.331313400268556
trial1_day16_plant9,trial1,16,9,2025-10-30,lodo,climate,44,NestedSelect,41.78,28.130802154541016,13.649197845458986
trial1_day16_plant10,trial1,16,10,2025-10-30,lodo,climate,44,NestedSelect,44.78,29.45667839050293,15.323321609497071
trial1_day20_plant1,trial1,20,1,2025-11-03,lodo,climate,44,NestedSelect,78.78,42.7358512878418,36.044148712158204
trial1_day20_plant2,trial1,20,2,2025-11-03,lodo,climate,44,NestedSelect,89.78,44.40973663330078,45.37026336669922
trial1_day20_plant3,trial1,20,3,2025-11-03,lodo,climate,44,NestedSelect,93.78,50.074676513671875,43.705323486328126
trial1_day20_plant4,trial1,20,4,2025-11-03,lodo,climate,44,NestedSelect,91.78,48.01925277709961,43.76074722290039
trial1_day20_plant5,trial1,20,5,2025-11-03,lodo,climate,44,NestedSelect,65.78,38.745479583740234,27.034520416259767
trial1_day20_plant6,trial1,20,6,2025-11-03,lodo,climate,44,NestedSelect,69.78,34.89081954956055,34.889180450439454
trial1_day20_plant7,trial1,20,7,2025-11-03,lodo,climate,44,NestedSelect,76.78,42.07676696777344,34.703233032226564
trial1_day20_plant8,trial1,20,8,2025-11-03,lodo,climate,44,NestedSelect,78.78,41.64714813232422,37.13285186767578
trial1_day20_plant9,trial1,20,9,2025-11-03,lodo,climate,44,NestedSelect,83.78,43.348758697509766,40.431241302490236
trial1_day20_plant10,trial1,20,10,2025-11-03,lodo,climate,44,NestedSelect,82.78,44.08668899536133,38.69331100463867
trial1_day24_plant1,trial1,24,1,2025-11-07,lodo,climate,44,NestedSelect,135.78,255.08845137039836,119.30845137039836
trial1_day24_plant2,trial1,24,2,2025-11-07,lodo,climate,44,NestedSelect,153.78,255.08845137039836,101.30845137039836
trial1_day24_plant3,trial1,24,3,2025-11-07,lodo,climate,44,NestedSelect,157.78,255.08845137039836,97.30845137039836
trial1_day24_plant4,trial1,24,4,2025-11-07,lodo,climate,44,NestedSelect,140.78,255.08845137039836,114.30845137039836
trial1_day24_plant5,trial1,24,5,2025-11-07,lodo,climate,44,NestedSelect,123.78,255.08845137039836,131.30845137039836
trial1_day24_plant6,trial1,24,6,2025-11-07,lodo,climate,44,NestedSelect,125.78,255.08845137039836,129.30845137039836
trial1_day24_plant7,trial1,24,7,2025-11-07,lodo,climate,44,NestedSelect,135.78,255.08845137039836,119.30845137039836
trial1_day24_plant8,trial1,24,8,2025-11-07,lodo,climate,44,NestedSelect,137.78,255.08845137039836,117.30845137039836
trial1_day24_plant9,trial1,24,9,2025-11-07,lodo,climate,44,NestedSelect,152.78,255.08845137039836,102.30845137039836
trial1_day24_plant10,trial1,24,10,2025-11-07,lodo,climate,44,NestedSelect,141.78,255.08845137039836,113.30845137039836
trial1_day28_plant1,trial1,28,1,2025-11-11,lodo,climate,44,NestedSelect,213.78,142.5278368676039,71.2521631323961
trial1_day28_plant2,trial1,28,2,2025-11-11,lodo,climate,44,NestedSelect,217.78,142.5278368676039,75.2521631323961
trial1_day28_plant3,trial1,28,3,2025-11-11,lodo,climate,44,NestedSelect,232.78,142.5278368676039,90.2521631323961
trial1_day28_plant4,trial1,28,4,2025-11-11,lodo,climate,44,NestedSelect,220.78,142.5278368676039,78.2521631323961
trial1_day28_plant5,trial1,28,5,2025-11-11,lodo,climate,44,NestedSelect,185.78,142.5278368676039,43.252163132396106
trial1_day28_plant6,trial1,28,6,2025-11-11,lodo,climate,44,NestedSelect,195.78,142.5278368676039,53.252163132396106
trial1_day28_plant7,trial1,28,7,2025-11-11,lodo,climate,44,NestedSelect,218.78,142.5278368676039,76.2521631323961
trial1_day28_plant8,trial1,28,8,2025-11-11,lodo,climate,44,NestedSelect,214.78,142.5278368676039,72.2521631323961
trial1_day28_plant9,trial1,28,9,2025-11-11,lodo,climate,44,NestedSelect,222.78,142.5278368676039,80.2521631323961
trial1_day28_plant10,trial1,28,10,2025-11-11,lodo,climate,44,NestedSelect,220.78,142.5278368676039,78.2521631323961
trial1_day0_plant1,trial1,0,1,2025-10-14,lodo,compact,44,NestedSelect,4.48,16.56061553955078,12.08061553955078
trial1_day0_plant2,trial1,0,2,2025-10-14,lodo,compact,44,NestedSelect,4.880000000000003,17.855255126953125,12.975255126953122
trial1_day0_plant3,trial1,0,3,2025-10-14,lodo,compact,44,NestedSelect,6.580000000000002,18.79762077331543,12.217620773315428
trial1_day0_plant4,trial1,0,4,2025-10-14,lodo,compact,44,NestedSelect,4.080000000000002,17.970947265625,13.890947265624998
trial1_day0_plant5,trial1,0,5,2025-10-14,lodo,compact,44,NestedSelect,4.98,13.00023078918457,8.02023078918457
trial1_day0_plant6,trial1,0,6,2025-10-14,lodo,compact,44,NestedSelect,3.8800000000000026,13.00023078918457,9.120230789184568
trial1_day0_plant7,trial1,0,7,2025-10-14,lodo,compact,44,NestedSelect,5.18,14.703253746032715,9.523253746032715
trial1_day0_plant8,trial1,0,8,2025-10-14,lodo,compact,44,NestedSelect,4.580000000000002,15.083459854125977,10.503459854125975
trial1_day0_plant9,trial1,0,9,2025-10-14,lodo,compact,44,NestedSelect,4.380000000000003,15.612152099609375,11.232152099609372
trial1_day0_plant10,trial1,0,10,2025-10-14,lodo,compact,44,NestedSelect,5.880000000000003,15.848814964294434,9.968814964294431
trial1_day4_plant1,trial1,4,1,2025-10-18,lodo,compact,44,NestedSelect,12.880000000000004,11.800721168518066,1.079278831481938
trial1_day4_plant2,trial1,4,2,2025-10-18,lodo,compact,44,NestedSelect,11.079999999999998,16.62086296081543,5.540862960815431
trial1_day4_plant3,trial1,4,3,2025-10-18,lodo,compact,44,NestedSelect,16.880000000000003,14.480499267578125,2.3995007324218776
trial1_day4_plant4,trial1,4,4,2025-10-18,lodo,compact,44,NestedSelect,13.980000000000004,12.809173583984375,1.170826416015629
trial1_day4_plant5,trial1,4,5,2025-10-18,lodo,compact,44,NestedSelect,13.28,9.080045700073242,4.199954299926757
trial1_day4_plant6,trial1,4,6,2025-10-18,lodo,compact,44,NestedSelect,7.880000000000003,9.080045700073242,1.2000457000732396
trial1_day4_plant7,trial1,4,7,2025-10-18,lodo,compact,44,NestedSelect,13.980000000000004,10.283295631408691,3.6967043685913126
trial1_day4_plant8,trial1,4,8,2025-10-18,lodo,compact,44,NestedSelect,11.28,15.455398559570312,4.175398559570313
trial1_day4_plant9,trial1,4,9,2025-10-18,lodo,compact,44,NestedSelect,11.68,11.524458885192871,0.15554111480712862
trial1_day4_plant10,trial1,4,10,2025-10-18,lodo,compact,44,NestedSelect,14.68,11.726268768310547,2.953731231689453
trial1_day8_plant1,trial1,8,1,2025-10-22,lodo,compact,44,NestedSelect,19.08,20.351408004760742,1.271408004760744
trial1_day8_plant2,trial1,8,2,2025-10-22,lodo,compact,44,NestedSelect,18.18,20.192758560180664,2.0127585601806643
trial1_day8_plant3,trial1,8,3,2025-10-22,lodo,compact,44,NestedSelect,23.980000000000004,23.0320987701416,0.9479012298584024
trial1_day8_plant4,trial1,8,4,2025-10-22,lodo,compact,44,NestedSelect,20.78,21.806068420410156,1.0260684204101551
trial1_day8_plant5,trial1,8,5,2025-10-22,lodo,compact,44,NestedSelect,19.880000000000003,17.078947067260742,2.8010529327392604
trial1_day8_plant6,trial1,8,6,2025-10-22,lodo,compact,44,NestedSelect,17.330000000000002,15.225547790527344,2.104452209472658
trial1_day8_plant7,trial1,8,7,2025-10-22,lodo,compact,44,NestedSelect,20.980000000000004,19.14052963256836,1.8394703674316446
trial1_day8_plant8,trial1,8,8,2025-10-22,lodo,compact,44,NestedSelect,18.380000000000003,19.231420516967773,0.8514205169677709
trial1_day8_plant9,trial1,8,9,2025-10-22,lodo,compact,44,NestedSelect,21.58,19.997190475463867,1.582809524536131
trial1_day12_plant1,trial1,12,1,2025-10-26,lodo,compact,44,NestedSelect,26.78,25.135540008544922,1.6444599914550793
trial1_day12_plant2,trial1,12,2,2025-10-26,lodo,compact,44,NestedSelect,27.78,26.227602005004883,1.5523979949951183
trial1_day12_plant3,trial1,12,3,2025-10-26,lodo,compact,44,NestedSelect,32.78,26.725000381469727,6.054999618530275
trial1_day12_plant4,trial1,12,4,2025-10-26,lodo,compact,44,NestedSelect,29.78,25.88567352294922,3.8943264770507824
trial1_day12_plant5,trial1,12,5,2025-10-26,lodo,compact,44,NestedSelect,25.78,20.96676254272461,4.813237457275392
trial1_day12_plant6,trial1,12,6,2025-10-26,lodo,compact,44,NestedSelect,21.78,20.96676254272461,0.8132374572753918
trial1_day12_plant7,trial1,12,7,2025-10-26,lodo,compact,44,NestedSelect,26.78,22.24636459350586,4.533635406494142
trial1_day12_plant8,trial1,12,8,2025-10-26,lodo,compact,44,NestedSelect,26.78,23.0225887298584,3.7574112701416027
trial1_day12_plant9,trial1,12,9,2025-10-26,lodo,compact,44,NestedSelect,27.78,23.089183807373047,4.690816192626954
trial1_day12_plant10,trial1,12,10,2025-10-26,lodo,compact,44,NestedSelect,29.78,23.089183807373047,6.690816192626954
trial1_day16_plant1,trial1,16,1,2025-10-30,lodo,compact,44,NestedSelect,40.78,42.54633712768555,1.7663371276855457
trial1_day16_plant2,trial1,16,2,2025-10-30,lodo,compact,44,NestedSelect,45.78,42.54633712768555,3.2336628723144543
trial1_day16_plant3,trial1,16,3,2025-10-30,lodo,compact,44,NestedSelect,49.78,44.04493713378906,5.735062866210939
trial1_day16_plant4,trial1,16,4,2025-10-30,lodo,compact,44,NestedSelect,50.78,42.31698989868164,8.46301010131836
trial1_day16_plant5,trial1,16,5,2025-10-30,lodo,compact,44,NestedSelect,36.78,38.942962646484375,2.162962646484374
trial1_day16_plant6,trial1,16,6,2025-10-30,lodo,compact,44,NestedSelect,35.78,38.942962646484375,3.162962646484374
trial1_day16_plant7,trial1,16,7,2025-10-30,lodo,compact,44,NestedSelect,40.78,38.064292907714844,2.7157070922851574
trial1_day16_plant8,trial1,16,8,2025-10-30,lodo,compact,44,NestedSelect,42.78,40.57854461669922,2.2014553833007824
trial1_day16_plant9,trial1,16,9,2025-10-30,lodo,compact,44,NestedSelect,41.78,41.14460372924805,0.6353962707519543
trial1_day16_plant10,trial1,16,10,2025-10-30,lodo,compact,44,NestedSelect,44.78,40.7933349609375,3.986665039062501
trial1_day20_plant1,trial1,20,1,2025-11-03,lodo,compact,44,NestedSelect,78.78,43.14008712768555,35.639912872314454
trial1_day20_plant2,trial1,20,2,2025-11-03,lodo,compact,44,NestedSelect,89.78,42.58235168457031,47.19764831542969
trial1_day20_plant3,trial1,20,3,2025-11-03,lodo,compact,44,NestedSelect,93.78,44.94561767578125,48.83438232421875
trial1_day20_plant4,trial1,20,4,2025-11-03,lodo,compact,44,NestedSelect,91.78,47.128074645996094,44.65192535400391
trial1_day20_plant5,trial1,20,5,2025-11-03,lodo,compact,44,NestedSelect,65.78,42.09495544433594,23.685044555664064
trial1_day20_plant6,trial1,20,6,2025-11-03,lodo,compact,44,NestedSelect,69.78,38.18644332885742,31.59355667114258
trial1_day20_plant7,trial1,20,7,2025-11-03,lodo,compact,44,NestedSelect,76.78,41.73843002319336,35.04156997680664
trial1_day20_plant8,trial1,20,8,2025-11-03,lodo,compact,44,NestedSelect,78.78,42.598358154296875,36.181641845703126
trial1_day20_plant9,trial1,20,9,2025-11-03,lodo,compact,44,NestedSelect,83.78,42.435142517089844,41.34485748291016
trial1_day20_plant10,trial1,20,10,2025-11-03,lodo,compact,44,NestedSelect,82.78,44.76612091064453,38.01387908935547
trial1_day24_plant1,trial1,24,1,2025-11-07,lodo,compact,44,NestedSelect,135.78,87.68895721435547,48.09104278564453
trial1_day24_plant2,trial1,24,2,2025-11-07,lodo,compact,44,NestedSelect,153.78,93.17662811279297,60.60337188720703
trial1_day24_plant3,trial1,24,3,2025-11-07,lodo,compact,44,NestedSelect,157.78,92.99400329589844,64.78599670410156
trial1_day24_plant4,trial1,24,4,2025-11-07,lodo,compact,44,NestedSelect,140.78,94.63775634765625,46.14224365234375
trial1_day24_plant5,trial1,24,5,2025-11-07,lodo,compact,44,NestedSelect,123.78,90.26447296142578,33.51552703857422
trial1_day24_plant6,trial1,24,6,2025-11-07,lodo,compact,44,NestedSelect,125.78,87.6558837890625,38.1241162109375
trial1_day24_plant7,trial1,24,7,2025-11-07,lodo,compact,44,NestedSelect,135.78,92.11334991455078,43.66665008544922
trial1_day24_plant8,trial1,24,8,2025-11-07,lodo,compact,44,NestedSelect,137.78,91.05335998535156,46.72664001464844
trial1_day24_plant9,trial1,24,9,2025-11-07,lodo,compact,44,NestedSelect,152.78,92.86138916015625,59.91861083984375
trial1_day24_plant10,trial1,24,10,2025-11-07,lodo,compact,44,NestedSelect,141.78,89.3936538696289,52.386346130371095
trial1_day28_plant1,trial1,28,1,2025-11-11,lodo,compact,44,NestedSelect,213.78,136.19932556152344,77.58067443847656
trial1_day28_plant2,trial1,28,2,2025-11-11,lodo,compact,44,NestedSelect,217.78,137.4445037841797,80.33549621582031
trial1_day28_plant3,trial1,28,3,2025-11-11,lodo,compact,44,NestedSelect,232.78,136.49339294433594,96.28660705566406
trial1_day28_plant4,trial1,28,4,2025-11-11,lodo,compact,44,NestedSelect,220.78,135.20355224609375,85.57644775390625
trial1_day28_plant5,trial1,28,5,2025-11-11,lodo,compact,44,NestedSelect,185.78,130.92935180664062,54.850648193359376
trial1_day28_plant6,trial1,28,6,2025-11-11,lodo,compact,44,NestedSelect,195.78,138.00253295898438,57.777467041015626
trial1_day28_plant7,trial1,28,7,2025-11-11,lodo,compact,44,NestedSelect,218.78,129.4908447265625,89.2891552734375
trial1_day28_plant8,trial1,28,8,2025-11-11,lodo,compact,44,NestedSelect,214.78,136.6971435546875,78.0828564453125
trial1_day28_plant9,trial1,28,9,2025-11-11,lodo,compact,44,NestedSelect,222.78,142.7929229736328,79.98707702636719
trial1_day28_plant10,trial1,28,10,2025-11-11,lodo,compact,44,NestedSelect,220.78,145.04757690429688,75.73242309570313
trial1_day0_plant1,trial1,0,1,2025-10-14,lodo,compact,44,NestedSelect,4.48,13.22407341003418,8.74407341003418
trial1_day0_plant2,trial1,0,2,2025-10-14,lodo,compact,44,NestedSelect,4.880000000000003,13.289753913879395,8.409753913879392
trial1_day0_plant3,trial1,0,3,2025-10-14,lodo,compact,44,NestedSelect,6.580000000000002,14.363750457763672,7.78375045776367
trial1_day0_plant4,trial1,0,4,2025-10-14,lodo,compact,44,NestedSelect,4.080000000000002,13.9593505859375,9.879350585937498
trial1_day0_plant5,trial1,0,5,2025-10-14,lodo,compact,44,NestedSelect,4.98,12.173069953918457,7.193069953918457
trial1_day0_plant6,trial1,0,6,2025-10-14,lodo,compact,44,NestedSelect,3.8800000000000026,11.441047668457031,7.561047668457029
trial1_day0_plant7,trial1,0,7,2025-10-14,lodo,compact,44,NestedSelect,5.18,12.68906307220459,7.50906307220459
trial1_day0_plant8,trial1,0,8,2025-10-14,lodo,compact,44,NestedSelect,4.580000000000002,12.68906307220459,8.109063072204588
trial1_day0_plant9,trial1,0,9,2025-10-14,lodo,compact,44,NestedSelect,4.380000000000003,12.988096237182617,8.608096237182615
trial1_day0_plant10,trial1,0,10,2025-10-14,lodo,compact,44,NestedSelect,5.880000000000003,13.715034484863281,7.835034484863279
trial1_day4_plant1,trial1,4,1,2025-10-18,lodo,compact,44,NestedSelect,12.880000000000004,6.301692962646484,6.57830703735352
trial1_day4_plant2,trial1,4,2,2025-10-18,lodo,compact,44,NestedSelect,11.079999999999998,6.415484428405762,4.664515571594237
trial1_day4_plant3,trial1,4,3,2025-10-18,lodo,compact,44,NestedSelect,16.880000000000003,6.928534507751465,9.951465492248538
trial1_day4_plant4,trial1,4,4,2025-10-18,lodo,compact,44,NestedSelect,13.980000000000004,6.45216703414917,7.527832965850834
trial1_day4_plant5,trial1,4,5,2025-10-18,lodo,compact,44,NestedSelect,13.28,5.820534706115723,7.459465293884277
trial1_day4_plant6,trial1,4,6,2025-10-18,lodo,compact,44,NestedSelect,7.880000000000003,5.75709867477417,2.1229013252258326
trial1_day4_plant7,trial1,4,7,2025-10-18,lodo,compact,44,NestedSelect,13.980000000000004,6.143074989318848,7.836925010681156
trial1_day4_plant8,trial1,4,8,2025-10-18,lodo,compact,44,NestedSelect,11.28,6.091407775878906,5.188592224121093
trial1_day4_plant9,trial1,4,9,2025-10-18,lodo,compact,44,NestedSelect,11.68,6.297298908233643,5.382701091766357
trial1_day4_plant10,trial1,4,10,2025-10-18,lodo,compact,44,NestedSelect,14.68,6.681612968444824,7.9983870315551755
trial1_day8_plant1,trial1,8,1,2025-10-22,lodo,compact,44,NestedSelect,19.08,27.804823604879434,8.724823604879436
trial1_day8_plant2,trial1,8,2,2025-10-22,lodo,compact,44,NestedSelect,18.18,27.86045769980153,9.68045769980153
trial1_day8_plant3,trial1,8,3,2025-10-22,lodo,compact,44,NestedSelect,23.980000000000004,28.346575513608727,4.366575513608723
trial1_day8_plant4,trial1,8,4,2025-10-22,lodo,compact,44,NestedSelect,20.78,28.346575513608727,7.566575513608726
trial1_day8_plant5,trial1,8,5,2025-10-22,lodo,compact,44,NestedSelect,19.880000000000003,28.346575513608727,8.466575513608724
trial1_day8_plant6,trial1,8,6,2025-10-22,lodo,compact,44,NestedSelect,17.330000000000002,27.859119785903772,10.52911978590377
trial1_day8_plant7,trial1,8,7,2025-10-22,lodo,compact,44,NestedSelect,20.980000000000004,27.782602744285683,6.802602744285679
trial1_day8_plant8,trial1,8,8,2025-10-22,lodo,compact,44,NestedSelect,18.380000000000003,27.817786580707367,9.437786580707364
trial1_day8_plant9,trial1,8,9,2025-10-22,lodo,compact,44,NestedSelect,21.58,27.75172924471142,6.171729244711422
trial1_day12_plant1,trial1,12,1,2025-10-26,lodo,compact,44,NestedSelect,26.78,24.616205184523604,2.163794815476397
trial1_day12_plant2,trial1,12,2,2025-10-26,lodo,compact,44,NestedSelect,27.78,24.616205184523604,3.163794815476397
trial1_day12_plant3,trial1,12,3,2025-10-26,lodo,compact,44,NestedSelect,32.78,24.616205184523604,8.163794815476397
trial1_day12_plant4,trial1,12,4,2025-10-26,lodo,compact,44,NestedSelect,29.78,24.616205184523604,5.163794815476397
trial1_day12_plant5,trial1,12,5,2025-10-26,lodo,compact,44,NestedSelect,25.78,24.616205184523604,1.1637948154763968
trial1_day12_plant6,trial1,12,6,2025-10-26,lodo,compact,44,NestedSelect,21.78,24.616205184523604,2.836205184523603
trial1_day12_plant7,trial1,12,7,2025-10-26,lodo,compact,44,NestedSelect,26.78,23.96954881691066,2.8104511830893415
trial1_day12_plant8,trial1,12,8,2025-10-26,lodo,compact,44,NestedSelect,26.78,24.616205184523604,2.163794815476397
trial1_day12_plant9,trial1,12,9,2025-10-26,lodo,compact,44,NestedSelect,27.78,24.616205184523604,3.163794815476397
trial1_day12_plant10,trial1,12,10,2025-10-26,lodo,compact,44,NestedSelect,29.78,24.616205184523604,5.163794815476397
trial1_day16_plant1,trial1,16,1,2025-10-30,lodo,compact,44,NestedSelect,40.78,34.15672302246094,6.623276977539064
trial1_day16_plant2,trial1,16,2,2025-10-30,lodo,compact,44,NestedSelect,45.78,34.15672302246094,11.623276977539064
trial1_day16_plant3,trial1,16,3,2025-10-30,lodo,compact,44,NestedSelect,49.78,37.10884475708008,12.671155242919923
trial1_day16_plant4,trial1,16,4,2025-10-30,lodo,compact,44,NestedSelect,50.78,34.69214630126953,16.08785369873047
trial1_day16_plant5,trial1,16,5,2025-10-30,lodo,compact,44,NestedSelect,36.78,32.14094161987305,4.639058380126954
trial1_day16_plant6,trial1,16,6,2025-10-30,lodo,compact,44,NestedSelect,35.78,29.933691024780273,5.846308975219728
trial1_day16_plant7,trial1,16,7,2025-10-30,lodo,compact,44,NestedSelect,40.78,32.748802185058594,8.031197814941407
trial1_day16_plant8,trial1,16,8,2025-10-30,lodo,compact,44,NestedSelect,42.78,33.03497314453125,9.745026855468751
trial1_day16_plant9,trial1,16,9,2025-10-30,lodo,compact,44,NestedSelect,41.78,32.94895935058594,8.831040649414064
trial1_day16_plant10,trial1,16,10,2025-10-30,lodo,compact,44,NestedSelect,44.78,33.92859649658203,10.85140350341797
trial1_day20_plant1,trial1,20,1,2025-11-03,lodo,compact,44,NestedSelect,78.78,43.017093658447266,35.762906341552736
trial1_day20_plant2,trial1,20,2,2025-11-03,lodo,compact,44,NestedSelect,89.78,44.83089065551758,44.94910934448242
trial1_day20_plant3,trial1,20,3,2025-11-03,lodo,compact,44,NestedSelect,93.78,48.59158706665039,45.18841293334961
trial1_day20_plant4,trial1,20,4,2025-11-03,lodo,compact,44,NestedSelect,91.78,46.6098518371582,45.1701481628418
trial1_day20_plant5,trial1,20,5,2025-11-03,lodo,compact,44,NestedSelect,65.78,39.04280471801758,26.737195281982423
trial1_day20_plant6,trial1,20,6,2025-11-03,lodo,compact,44,NestedSelect,69.78,35.73580551147461,34.04419448852539
trial1_day20_plant7,trial1,20,7,2025-11-03,lodo,compact,44,NestedSelect,76.78,41.92334747314453,34.85665252685547
trial1_day20_plant8,trial1,20,8,2025-11-03,lodo,compact,44,NestedSelect,78.78,41.83448791503906,36.94551208496094
trial1_day20_plant9,trial1,20,9,2025-11-03,lodo,compact,44,NestedSelect,83.78,42.186458587646484,41.59354141235352
trial1_day20_plant10,trial1,20,10,2025-11-03,lodo,compact,44,NestedSelect,82.78,43.740962982177734,39.03903701782227
trial1_day24_plant1,trial1,24,1,2025-11-07,lodo,compact,44,NestedSelect,135.78,269.6400369627192,133.8600369627192
trial1_day24_plant2,trial1,24,2,2025-11-07,lodo,compact,44,NestedSelect,153.78,272.01412724807034,118.23412724807034
trial1_day24_plant3,trial1,24,3,2025-11-07,lodo,compact,44,NestedSelect,157.78,262.38398330626967,104.60398330626967
trial1_day24_plant4,trial1,24,4,2025-11-07,lodo,compact,44,NestedSelect,140.78,271.72437996677235,130.94437996677235
trial1_day24_plant5,trial1,24,5,2025-11-07,lodo,compact,44,NestedSelect,123.78,272.5938560248323,148.8138560248323
trial1_day24_plant6,trial1,24,6,2025-11-07,lodo,compact,44,NestedSelect,125.78,270.8534090495291,145.0734090495291
trial1_day24_plant7,trial1,24,7,2025-11-07,lodo,compact,44,NestedSelect,135.78,273.60809900449925,137.82809900449925
trial1_day24_plant8,trial1,24,8,2025-11-07,lodo,compact,44,NestedSelect,137.78,271.00071185944654,133.22071185944654
trial1_day24_plant9,trial1,24,9,2025-11-07,lodo,compact,44,NestedSelect,152.78,272.39353590968574,119.61353590968574
trial1_day24_plant10,trial1,24,10,2025-11-07,lodo,compact,44,NestedSelect,141.78,262.38398330626967,120.60398330626967
trial1_day28_plant1,trial1,28,1,2025-11-11,lodo,compact,44,NestedSelect,213.78,135.09772367675083,78.68227632324917
trial1_day28_plant2,trial1,28,2,2025-11-11,lodo,compact,44,NestedSelect,217.78,134.93203730854097,82.84796269145903
trial1_day28_plant3,trial1,28,3,2025-11-11,lodo,compact,44,NestedSelect,232.78,134.9667108790006,97.8132891209994
trial1_day28_plant4,trial1,28,4,2025-11-11,lodo,compact,44,NestedSelect,220.78,135.40691657401743,85.37308342598257
trial1_day28_plant5,trial1,28,5,2025-11-11,lodo,compact,44,NestedSelect,185.78,135.59105247138626,50.18894752861374
trial1_day28_plant6,trial1,28,6,2025-11-11,lodo,compact,44,NestedSelect,195.78,135.67759020890261,60.10240979109739
trial1_day28_plant7,trial1,28,7,2025-11-11,lodo,compact,44,NestedSelect,218.78,136.0790673785628,82.7009326214372
trial1_day28_plant8,trial1,28,8,2025-11-11,lodo,compact,44,NestedSelect,214.78,135.77719953979135,79.00280046020865
trial1_day28_plant9,trial1,28,9,2025-11-11,lodo,compact,44,NestedSelect,222.78,135.1677789507334,87.6122210492666
trial1_day28_plant10,trial1,28,10,2025-11-11,lodo,compact,44,NestedSelect,220.78,135.63157869615887,85.14842130384113
trial1_day0_plant1,trial1,0,1,2025-10-14,lodo,lin_phy,45,NestedSelect,4.48,29.309535685684203,24.829535685684203
trial1_day0_plant2,trial1,0,2,2025-10-14,lodo,lin_phy,45,NestedSelect,4.880000000000003,29.078497291619307,24.198497291619304
trial1_day0_plant3,trial1,0,3,2025-10-14,lodo,lin_phy,45,NestedSelect,6.580000000000002,28.847458897554418,22.267458897554416
trial1_day0_plant4,trial1,0,4,2025-10-14,lodo,lin_phy,45,NestedSelect,4.080000000000002,28.616420503489522,24.53642050348952
trial1_day0_plant5,trial1,0,5,2025-10-14,lodo,lin_phy,45,NestedSelect,4.98,28.385382109424633,23.405382109424632
trial1_day0_plant6,trial1,0,6,2025-10-14,lodo,lin_phy,45,NestedSelect,3.8800000000000026,28.154343715359744,24.27434371535974
trial1_day0_plant7,trial1,0,7,2025-10-14,lodo,lin_phy,45,NestedSelect,5.18,27.923305321294848,22.743305321294848
trial1_day0_plant8,trial1,0,8,2025-10-14,lodo,lin_phy,45,NestedSelect,4.580000000000002,27.69226692722995,23.11226692722995
trial1_day0_plant9,trial1,0,9,2025-10-14,lodo,lin_phy,45,NestedSelect,4.380000000000003,27.461228533165063,23.08122853316506
trial1_day0_plant10,trial1,0,10,2025-10-14,lodo,lin_phy,45,NestedSelect,5.880000000000003,27.23019013910018,21.350190139100178
trial1_day4_plant1,trial1,4,1,2025-10-18,lodo,lin_phy,45,NestedSelect,12.880000000000004,54.59496933790291,41.71496933790291
trial1_day4_plant2,trial1,4,2,2025-10-18,lodo,lin_phy,45,NestedSelect,11.079999999999998,55.62970855760217,44.54970855760217
trial1_day4_plant3,trial1,4,3,2025-10-18,lodo,lin_phy,45,NestedSelect,16.880000000000003,54.13855998749512,37.25855998749512
trial1_day4_plant4,trial1,4,4,2025-10-18,lodo,lin_phy,45,NestedSelect,13.980000000000004,53.91035531229123,39.930355312291226
trial1_day4_plant5,trial1,4,5,2025-10-18,lodo,lin_phy,45,NestedSelect,13.28,53.68215063708733,40.40215063708733
trial1_day4_plant6,trial1,4,6,2025-10-18,lodo,lin_phy,45,NestedSelect,7.880000000000003,53.453945961883434,45.57394596188343
trial1_day4_plant7,trial1,4,7,2025-10-18,lodo,lin_phy,45,NestedSelect,13.980000000000004,53.225741286679536,39.24574128667953
trial1_day4_plant8,trial1,4,8,2025-10-18,lodo,lin_phy,45,NestedSelect,11.28,56.262718949130445,44.982718949130444
trial1_day4_plant9,trial1,4,9,2025-10-18,lodo,lin_phy,45,NestedSelect,11.68,52.76933193627175,41.08933193627175
trial1_day4_plant10,trial1,4,10,2025-10-18,lodo,lin_phy,45,NestedSelect,14.68,52.54112726106786,37.86112726106786
trial1_day8_plant1,trial1,8,1,2025-10-22,lodo,lin_phy,45,NestedSelect,19.08,27.77680778503418,8.696807785034181
trial1_day8_plant2,trial1,8,2,2025-10-22,lodo,lin_phy,45,NestedSelect,18.18,26.338890075683594,8.158890075683594
trial1_day8_plant3,trial1,8,3,2025-10-22,lodo,lin_phy,45,NestedSelect,23.980000000000004,27.89706039428711,3.9170603942871054
trial1_day8_plant4,trial1,8,4,2025-10-22,lodo,lin_phy,45,NestedSelect,20.78,27.487289428710938,6.707289428710936
trial1_day8_plant5,trial1,8,5,2025-10-22,lodo,lin_phy,45,NestedSelect,19.880000000000003,21.683631896972656,1.8036318969726537
trial1_day8_plant6,trial1,8,6,2025-10-22,lodo,lin_phy,45,NestedSelect,17.330000000000002,20.40385627746582,3.0738562774658185
trial1_day8_plant7,trial1,8,7,2025-10-22,lodo,lin_phy,45,NestedSelect,20.980000000000004,24.061429977416992,3.081429977416988
trial1_day8_plant8,trial1,8,8,2025-10-22,lodo,lin_phy,45,NestedSelect,18.380000000000003,23.463294982910156,5.083294982910154
trial1_day8_plant9,trial1,8,9,2025-10-22,lodo,lin_phy,45,NestedSelect,21.58,24.987377166748047,3.4073771667480486
trial1_day12_plant1,trial1,12,1,2025-10-26,lodo,lin_phy,45,NestedSelect,26.78,18.745370864868164,8.034629135131837
trial1_day12_plant2,trial1,12,2,2025-10-26,lodo,lin_phy,45,NestedSelect,27.78,19.820423126220703,7.959576873779298
trial1_day12_plant3,trial1,12,3,2025-10-26,lodo,lin_phy,45,NestedSelect,32.78,23.55137062072754,9.228629379272462
trial1_day12_plant4,trial1,12,4,2025-10-26,lodo,lin_phy,45,NestedSelect,29.78,21.84733009338379,7.932669906616212
trial1_day12_plant5,trial1,12,5,2025-10-26,lodo,lin_phy,45,NestedSelect,25.78,18.209938049316406,7.570061950683595
trial1_day12_plant6,trial1,12,6,2025-10-26,lodo,lin_phy,45,NestedSelect,21.78,17.045265197753906,4.734734802246095
trial1_day12_plant7,trial1,12,7,2025-10-26,lodo,lin_phy,45,NestedSelect,26.78,19.679351806640625,7.100648193359376
trial1_day12_plant8,trial1,12,8,2025-10-26,lodo,lin_phy,45,NestedSelect,26.78,19.849708557128906,6.930291442871095
trial1_day12_plant9,trial1,12,9,2025-10-26,lodo,lin_phy,45,NestedSelect,27.78,19.849708557128906,7.930291442871095
trial1_day12_plant10,trial1,12,10,2025-10-26,lodo,lin_phy,45,NestedSelect,29.78,20.66010284423828,9.11989715576172
trial1_day16_plant1,trial1,16,1,2025-10-30,lodo,lin_phy,45,NestedSelect,40.78,27.150663375854492,13.629336624145509
trial1_day16_plant2,trial1,16,2,2025-10-30,lodo,lin_phy,45,NestedSelect,45.78,27.474037170410156,18.305962829589845
trial1_day16_plant3,trial1,16,3,2025-10-30,lodo,lin_phy,45,NestedSelect,49.78,30.347320556640625,19.432679443359376
trial1_day16_plant4,trial1,16,4,2025-10-30,lodo,lin_phy,45,NestedSelect,50.78,27.314273834228516,23.465726165771486
trial1_day16_plant5,trial1,16,5,2025-10-30,lodo,lin_phy,45,NestedSelect,36.78,24.71025848388672,12.069741516113282
trial1_day16_plant6,trial1,16,6,2025-10-30,lodo,lin_phy,45,NestedSelect,35.78,23.821754455566406,11.958245544433595
trial1_day16_plant7,trial1,16,7,2025-10-30,lodo,lin_phy,45,NestedSelect,40.78,25.537187576293945,15.242812423706056
trial1_day16_plant8,trial1,16,8,2025-10-30,lodo,lin_phy,45,NestedSelect,42.78,25.755125045776367,17.024874954223634
trial1_day16_plant9,trial1,16,9,2025-10-30,lodo,lin_phy,45,NestedSelect,41.78,28.496875762939453,13.283124237060548
trial1_day16_plant10,trial1,16,10,2025-10-30,lodo,lin_phy,45,NestedSelect,44.78,26.69545555114746,18.08454444885254
trial1_day20_plant1,trial1,20,1,2025-11-03,lodo,lin_phy,45,NestedSelect,78.78,75.57238006591797,3.2076199340820324
trial1_day20_plant2,trial1,20,2,2025-11-03,lodo,lin_phy,45,NestedSelect,89.78,82.98675537109375,6.793244628906251
trial1_day20_plant3,trial1,20,3,2025-11-03,lodo,lin_phy,45,NestedSelect,93.78,82.27438354492188,11.505616455078126
trial1_day20_plant4,trial1,20,4,2025-11-03,lodo,lin_phy,45,NestedSelect,91.78,84.78751373291016,6.992486267089845
trial1_day20_plant5,trial1,20,5,2025-11-03,lodo,lin_phy,45,NestedSelect,65.78,75.87911987304688,10.099119873046874
trial1_day20_plant6,trial1,20,6,2025-11-03,lodo,lin_phy,45,NestedSelect,69.78,72.71148681640625,2.931486816406249
trial1_day20_plant7,trial1,20,7,2025-11-03,lodo,lin_phy,45,NestedSelect,76.78,74.36188507080078,2.41811492919922
trial1_day20_plant8,trial1,20,8,2025-11-03,lodo,lin_phy,45,NestedSelect,78.78,80.11769104003906,1.3376910400390614
trial1_day20_plant9,trial1,20,9,2025-11-03,lodo,lin_phy,45,NestedSelect,83.78,74.41793823242188,9.362061767578126
trial1_day20_plant10,trial1,20,10,2025-11-03,lodo,lin_phy,45,NestedSelect,82.78,78.594482421875,4.185517578125001
trial1_day24_plant1,trial1,24,1,2025-11-07,lodo,lin_phy,45,NestedSelect,135.78,68.55419158935547,67.22580841064453
trial1_day24_plant2,trial1,24,2,2025-11-07,lodo,lin_phy,45,NestedSelect,153.78,84.15364074707031,69.62635925292969
trial1_day24_plant3,trial1,24,3,2025-11-07,lodo,lin_phy,45,NestedSelect,157.78,74.82194519042969,82.95805480957031
trial1_day24_plant4,trial1,24,4,2025-11-07,lodo,lin_phy,45,NestedSelect,140.78,81.82001495361328,58.95998504638672
trial1_day24_plant5,trial1,24,5,2025-11-07,lodo,lin_phy,45,NestedSelect,123.78,82.96443939208984,40.81556060791016
trial1_day24_plant6,trial1,24,6,2025-11-07,lodo,lin_phy,45,NestedSelect,125.78,74.74134063720703,51.03865936279297
trial1_day24_plant7,trial1,24,7,2025-11-07,lodo,lin_phy,45,NestedSelect,135.78,85.67669677734375,50.10330322265625
trial1_day24_plant8,trial1,24,8,2025-11-07,lodo,lin_phy,45,NestedSelect,137.78,75.82261657714844,61.957383422851564
trial1_day24_plant9,trial1,24,9,2025-11-07,lodo,lin_phy,45,NestedSelect,152.78,81.35314178466797,71.42685821533203
trial1_day24_plant10,trial1,24,10,2025-11-07,lodo,lin_phy,45,NestedSelect,141.78,72.47016143798828,69.30983856201172
trial1_day28_plant1,trial1,28,1,2025-11-11,lodo,lin_phy,45,NestedSelect,213.78,120.52046203613281,93.25953796386719
trial1_day28_plant2,trial1,28,2,2025-11-11,lodo,lin_phy,45,NestedSelect,217.78,121.27430725097656,96.50569274902344
trial1_day28_plant3,trial1,28,3,2025-11-11,lodo,lin_phy,45,NestedSelect,232.78,120.12395477294922,112.65604522705078
trial1_day28_plant4,trial1,28,4,2025-11-11,lodo,lin_phy,45,NestedSelect,220.78,119.23080444335938,101.54919555664063
trial1_day28_plant5,trial1,28,5,2025-11-11,lodo,lin_phy,45,NestedSelect,185.78,114.91313171386719,70.86686828613281
trial1_day28_plant6,trial1,28,6,2025-11-11,lodo,lin_phy,45,NestedSelect,195.78,120.07006072998047,75.70993927001953
trial1_day28_plant7,trial1,28,7,2025-11-11,lodo,lin_phy,45,NestedSelect,218.78,113.40018463134766,105.37981536865234
trial1_day28_plant8,trial1,28,8,2025-11-11,lodo,lin_phy,45,NestedSelect,214.78,120.29590606689453,94.48409393310547
trial1_day28_plant9,trial1,28,9,2025-11-11,lodo,lin_phy,45,NestedSelect,222.78,124.98783874511719,97.79216125488281
trial1_day28_plant10,trial1,28,10,2025-11-11,lodo,lin_phy,45,NestedSelect,220.78,127.81464385986328,92.96535614013672
trial1_day0_plant1,trial1,0,1,2025-10-14,lodo,lin_phy,45,NestedSelect,4.48,7.153735326745475,2.673735326745475
trial1_day0_plant2,trial1,0,2,2025-10-14,lodo,lin_phy,45,NestedSelect,4.880000000000003,7.153735326745475,2.2737353267454727
trial1_day0_plant3,trial1,0,3,2025-10-14,lodo,lin_phy,45,NestedSelect,6.580000000000002,7.153735326745475,0.5737353267454735
trial1_day0_plant4,trial1,0,4,2025-10-14,lodo,lin_phy,45,NestedSelect,4.080000000000002,7.153735326745475,3.0737353267454735
trial1_day0_plant5,trial1,0,5,2025-10-14,lodo,lin_phy,45,NestedSelect,4.98,7.153735326745475,2.173735326745475
trial1_day0_plant6,trial1,0,6,2025-10-14,lodo,lin_phy,45,NestedSelect,3.8800000000000026,7.153735326745475,3.2737353267454727
trial1_day0_plant7,trial1,0,7,2025-10-14,lodo,lin_phy,45,NestedSelect,5.18,7.153735326745475,1.9737353267454756
trial1_day0_plant8,trial1,0,8,2025-10-14,lodo,lin_phy,45,NestedSelect,4.580000000000002,7.153735326745475,2.5737353267454735
trial1_day0_plant9,trial1,0,9,2025-10-14,lodo,lin_phy,45,NestedSelect,4.380000000000003,7.153735326745475,2.7737353267454727
trial1_day0_plant10,trial1,0,10,2025-10-14,lodo,lin_phy,45,NestedSelect,5.880000000000003,7.153735326745475,1.2737353267454727
trial1_day4_plant1,trial1,4,1,2025-10-18,lodo,lin_phy,45,NestedSelect,12.880000000000004,11.112207893445012,1.7677921065549924
trial1_day4_plant2,trial1,4,2,2025-10-18,lodo,lin_phy,45,NestedSelect,11.079999999999998,11.662366375646519,0.5823663756465205
trial1_day4_plant3,trial1,4,3,2025-10-18,lodo,lin_phy,45,NestedSelect,16.880000000000003,11.112207893445012,5.767792106554991
trial1_day4_plant4,trial1,4,4,2025-10-18,lodo,lin_phy,45,NestedSelect,13.980000000000004,11.112207893445012,2.867792106554992
trial1_day4_plant5,trial1,4,5,2025-10-18,lodo,lin_phy,45,NestedSelect,13.28,11.112207893445012,2.1677921065549874
trial1_day4_plant6,trial1,4,6,2025-10-18,lodo,lin_phy,45,NestedSelect,7.880000000000003,11.112207893445012,3.2322078934450094
trial1_day4_plant7,trial1,4,7,2025-10-18,lodo,lin_phy,45,NestedSelect,13.980000000000004,11.112207893445012,2.867792106554992
trial1_day4_plant8,trial1,4,8,2025-10-18,lodo,lin_phy,45,NestedSelect,11.28,11.494299171102252,0.21429917110225283
trial1_day4_plant9,trial1,4,9,2025-10-18,lodo,lin_phy,45,NestedSelect,11.68,11.112207893445012,0.5677921065549878
trial1_day4_plant10,trial1,4,10,2025-10-18,lodo,lin_phy,45,NestedSelect,14.68,11.112207893445012,3.567792106554988
trial1_day8_plant1,trial1,8,1,2025-10-22,lodo,lin_phy,45,NestedSelect,19.08,26.979175808585023,7.899175808585024
trial1_day8_plant2,trial1,8,2,2025-10-22,lodo,lin_phy,45,NestedSelect,18.18,26.995294314170284,8.815294314170284
trial1_day8_plant3,trial1,8,3,2025-10-22,lodo,lin_phy,45,NestedSelect,23.980000000000004,27.5870257787539,3.607025778753897
trial1_day8_plant4,trial1,8,4,2025-10-22,lodo,lin_phy,45,NestedSelect,20.78,27.5870257787539,6.8070257787539
trial1_day8_plant5,trial1,8,5,2025-10-22,lodo,lin_phy,45,NestedSelect,19.880000000000003,27.5870257787539,7.7070257787538985
trial1_day8_plant6,trial1,8,6,2025-10-22,lodo,lin_phy,45,NestedSelect,17.330000000000002,27.001650555562453,9.67165055556245
trial1_day8_plant7,trial1,8,7,2025-10-22,lodo,lin_phy,45,NestedSelect,20.980000000000004,26.966837120027204,5.9868371200272
trial1_day8_plant8,trial1,8,8,2025-10-22,lodo,lin_phy,45,NestedSelect,18.380000000000003,27.00968168299987,8.629681682999866
trial1_day8_plant9,trial1,8,9,2025-10-22,lodo,lin_phy,45,NestedSelect,21.58,26.954136493320256,5.374136493320258
trial1_day12_plant1,trial1,12,1,2025-10-26,lodo,lin_phy,45,NestedSelect,26.78,23.334780017301185,3.4452199826988164
trial1_day12_plant2,trial1,12,2,2025-10-26,lodo,lin_phy,45,NestedSelect,27.78,23.334780017301185,4.445219982698816
trial1_day12_plant3,trial1,12,3,2025-10-26,lodo,lin_phy,45,NestedSelect,32.78,23.334780017301185,9.445219982698816
trial1_day12_plant4,trial1,12,4,2025-10-26,lodo,lin_phy,45,NestedSelect,29.78,23.334780017301185,6.445219982698816
trial1_day12_plant5,trial1,12,5,2025-10-26,lodo,lin_phy,45,NestedSelect,25.78,23.334780017301185,2.4452199826988164
trial1_day12_plant6,trial1,12,6,2025-10-26,lodo,lin_phy,45,NestedSelect,21.78,23.334780017301185,1.5547800173011836
trial1_day12_plant7,trial1,12,7,2025-10-26,lodo,lin_phy,45,NestedSelect,26.78,22.45105608039085,4.328943919609152
trial1_day12_plant8,trial1,12,8,2025-10-26,lodo,lin_phy,45,NestedSelect,26.78,23.334780017301185,3.4452199826988164
trial1_day12_plant9,trial1,12,9,2025-10-26,lodo,lin_phy,45,NestedSelect,27.78,23.334780017301185,4.445219982698816
trial1_day12_plant10,trial1,12,10,2025-10-26,lodo,lin_phy,45,NestedSelect,29.78,23.334780017301185,6.445219982698816
trial1_day16_plant1,trial1,16,1,2025-10-30,lodo,lin_phy,45,NestedSelect,40.78,42.62096442928388,1.8409644292838792
trial1_day16_plant2,trial1,16,2,2025-10-30,lodo,lin_phy,45,NestedSelect,45.78,42.62096442928388,3.159035570716121
trial1_day16_plant3,trial1,16,3,2025-10-30,lodo,lin_phy,45,NestedSelect,49.78,42.62096442928388,7.159035570716121
trial1_day16_plant4,trial1,16,4,2025-10-30,lodo,lin_phy,45,NestedSelect,50.78,42.62096442928388,8.15903557071612
trial1_day16_plant5,trial1,16,5,2025-10-30,lodo,lin_phy,45,NestedSelect,36.78,42.62096442928388,5.840964429283879
trial1_day16_plant6,trial1,16,6,2025-10-30,lodo,lin_phy,45,NestedSelect,35.78,42.62096442928388,6.840964429283879
trial1_day16_plant7,trial1,16,7,2025-10-30,lodo,lin_phy,45,NestedSelect,40.78,42.06603065338992,1.286030653389922
trial1_day16_plant8,trial1,16,8,2025-10-30,lodo,lin_phy,45,NestedSelect,42.78,42.62096442928388,0.15903557071612084
trial1_day16_plant9,trial1,16,9,2025-10-30,lodo,lin_phy,45,NestedSelect,41.78,42.09596850424116,0.3159685042411624
trial1_day16_plant10,trial1,16,10,2025-10-30,lodo,lin_phy,45,NestedSelect,44.78,42.62096442928388,2.159035570716121
trial1_day20_plant1,trial1,20,1,2025-11-03,lodo,lin_phy,45,NestedSelect,78.78,92.62487109247931,13.844871092479309
trial1_day20_plant2,trial1,20,2,2025-11-03,lodo,lin_phy,45,NestedSelect,89.78,91.59858890654237,1.8185889065423737
trial1_day20_plant3,trial1,20,3,2025-11-03,lodo,lin_phy,45,NestedSelect,93.78,89.0255093393757,4.754490660624299
trial1_day20_plant4,trial1,20,4,2025-11-03,lodo,lin_phy,45,NestedSelect,91.78,92.47374578015769,0.6937457801576841
trial1_day20_plant5,trial1,20,5,2025-11-03,lodo,lin_phy,45,NestedSelect,65.78,92.46745418871497,26.687454188714966
trial1_day20_plant6,trial1,20,6,2025-11-03,lodo,lin_phy,45,NestedSelect,69.78,93.06546736515843,23.285467365158425
trial1_day20_plant7,trial1,20,7,2025-11-03,lodo,lin_phy,45,NestedSelect,76.78,95.08392084482645,18.30392084482645
trial1_day20_plant8,trial1,20,8,2025-11-03,lodo,lin_phy,45,NestedSelect,78.78,95.39697148070537,16.616971480705374
trial1_day20_plant9,trial1,20,9,2025-11-03,lodo,lin_phy,45,NestedSelect,83.78,95.02303788370814,11.24303788370814
trial1_day20_plant10,trial1,20,10,2025-11-03,lodo,lin_phy,45,NestedSelect,82.78,96.65338123683969,13.873381236839691
trial1_day24_plant1,trial1,24,1,2025-11-07,lodo,lin_phy,45,NestedSelect,135.78,155.34478907682018,19.564789076820176
trial1_day24_plant2,trial1,24,2,2025-11-07,lodo,lin_phy,45,NestedSelect,153.78,156.82303038968013,3.0430303896801263
trial1_day24_plant3,trial1,24,3,2025-11-07,lodo,lin_phy,45,NestedSelect,157.78,150.63149969057957,7.148500309420427
trial1_day24_plant4,trial1,24,4,2025-11-07,lodo,lin_phy,45,NestedSelect,140.78,157.06514867359925,16.285148673599252
trial1_day24_plant5,trial1,24,5,2025-11-07,lodo,lin_phy,45,NestedSelect,123.78,158.05700067602635,34.27700067602635
trial1_day24_plant6,trial1,24,6,2025-11-07,lodo,lin_phy,45,NestedSelect,125.78,155.89576224118812,30.115762241188122
trial1_day24_plant7,trial1,24,7,2025-11-07,lodo,lin_phy,45,NestedSelect,135.78,158.19937565744365,22.419375657443652
trial1_day24_plant8,trial1,24,8,2025-11-07,lodo,lin_phy,45,NestedSelect,137.78,156.18460084923865,18.404600849238648
trial1_day24_plant9,trial1,24,9,2025-11-07,lodo,lin_phy,45,NestedSelect,152.78,157.43564409311875,4.655644093118752
trial1_day24_plant10,trial1,24,10,2025-11-07,lodo,lin_phy,45,NestedSelect,141.78,150.63149969057957,8.851499690579573
trial1_day28_plant1,trial1,28,1,2025-11-11,lodo,lin_phy,45,NestedSelect,213.78,181.05093532631713,32.72906467368287
trial1_day28_plant2,trial1,28,2,2025-11-11,lodo,lin_phy,45,NestedSelect,217.78,180.45715513702112,37.32284486297888
trial1_day28_plant3,trial1,28,3,2025-11-11,lodo,lin_phy,45,NestedSelect,232.78,179.79204311943008,52.987956880569925
trial1_day28_plant4,trial1,28,4,2025-11-11,lodo,lin_phy,45,NestedSelect,220.78,181.42664442114267,39.35335557885733
trial1_day28_plant5,trial1,28,5,2025-11-11,lodo,lin_phy,45,NestedSelect,185.78,180.69558652233593,5.0844134776640715
trial1_day28_plant6,trial1,28,6,2025-11-11,lodo,lin_phy,45,NestedSelect,195.78,182.6317781937501,13.148221806249893
trial1_day28_plant7,trial1,28,7,2025-11-11,lodo,lin_phy,45,NestedSelect,218.78,183.68240491769808,35.09759508230192
trial1_day28_plant8,trial1,28,8,2025-11-11,lodo,lin_phy,45,NestedSelect,214.78,182.87920770052165,31.900792299478354
trial1_day28_plant9,trial1,28,9,2025-11-11,lodo,lin_phy,45,NestedSelect,222.78,181.84293288103194,40.93706711896806
trial1_day28_plant10,trial1,28,10,2025-11-11,lodo,lin_phy,45,NestedSelect,220.78,183.37158211651845,37.40841788348155
trial1_day0_plant1,trial1,0,1,2025-10-14,lodo,canopy,45,NestedSelect,4.48,15.698883056640625,11.218883056640625
trial1_day0_plant2,trial1,0,2,2025-10-14,lodo,canopy,45,NestedSelect,4.880000000000003,16.889020919799805,12.009020919799802
trial1_day0_plant3,trial1,0,3,2025-10-14,lodo,canopy,45,NestedSelect,6.580000000000002,17.19359016418457,10.613590164184568
trial1_day0_plant4,trial1,0,4,2025-10-14,lodo,canopy,45,NestedSelect,4.080000000000002,16.513887405395508,12.433887405395506
trial1_day0_plant5,trial1,0,5,2025-10-14,lodo,canopy,45,NestedSelect,4.98,11.93904972076416,6.95904972076416
trial1_day0_plant6,trial1,0,6,2025-10-14,lodo,canopy,45,NestedSelect,3.8800000000000026,11.93904972076416,8.059049720764158
trial1_day0_plant7,trial1,0,7,2025-10-14,lodo,canopy,45,NestedSelect,5.18,13.679183006286621,8.499183006286621
trial1_day0_plant8,trial1,0,8,2025-10-14,lodo,canopy,45,NestedSelect,4.580000000000002,14.272469520568848,9.692469520568846
trial1_day0_plant9,trial1,0,9,2025-10-14,lodo,canopy,45,NestedSelect,4.380000000000003,14.556478500366211,10.176478500366208
trial1_day0_plant10,trial1,0,10,2025-10-14,lodo,canopy,45,NestedSelect,5.880000000000003,14.88911247253418,9.009112472534177
trial1_day4_plant1,trial1,4,1,2025-10-18,lodo,canopy,45,NestedSelect,12.880000000000004,6.058780670166016,6.821219329833989
trial1_day4_plant2,trial1,4,2,2025-10-18,lodo,canopy,45,NestedSelect,11.079999999999998,8.573478698730469,2.5065213012695295
trial1_day4_plant3,trial1,4,3,2025-10-18,lodo,canopy,45,NestedSelect,16.880000000000003,9.356467247009277,7.523532752990725
trial1_day4_plant4,trial1,4,4,2025-10-18,lodo,canopy,45,NestedSelect,13.980000000000004,8.331547737121582,5.648452262878422
trial1_day4_plant5,trial1,4,5,2025-10-18,lodo,canopy,45,NestedSelect,13.28,4.9955735206604,8.284426479339599
trial1_day4_plant6,trial1,4,6,2025-10-18,lodo,canopy,45,NestedSelect,7.880000000000003,4.636743068695068,3.243256931304934
trial1_day4_plant7,trial1,4,7,2025-10-18,lodo,canopy,45,NestedSelect,13.980000000000004,6.1464362144470215,7.8335637855529825
trial1_day4_plant8,trial1,4,8,2025-10-18,lodo,canopy,45,NestedSelect,11.28,8.157278060913086,3.1227219390869134
trial1_day4_plant9,trial1,4,9,2025-10-18,lodo,canopy,45,NestedSelect,11.68,6.881021022796631,4.798978977203369
trial1_day4_plant10,trial1,4,10,2025-10-18,lodo,canopy,45,NestedSelect,14.68,7.175950527191162,7.504049472808838
trial1_day8_plant1,trial1,8,1,2025-10-22,lodo,canopy,45,NestedSelect,19.08,19.895416259765625,0.8154162597656267
trial1_day8_plant2,trial1,8,2,2025-10-22,lodo,canopy,45,NestedSelect,18.18,18.92966079711914,0.7496607971191409
trial1_day8_plant3,trial1,8,3,2025-10-22,lodo,canopy,45,NestedSelect,23.980000000000004,20.14606285095215,3.8339371490478555
trial1_day8_plant4,trial1,8,4,2025-10-22,lodo,canopy,45,NestedSelect,20.78,19.760225296020508,1.0197747039794933
trial1_day8_plant5,trial1,8,5,2025-10-22,lodo,canopy,45,NestedSelect,19.880000000000003,14.303752899169922,5.576247100830081
trial1_day8_plant6,trial1,8,6,2025-10-22,lodo,canopy,45,NestedSelect,17.330000000000002,13.419461250305176,3.910538749694826
trial1_day8_plant7,trial1,8,7,2025-10-22,lodo,canopy,45,NestedSelect,20.980000000000004,16.943620681762695,4.036379318237309
trial1_day8_plant8,trial1,8,8,2025-10-22,lodo,canopy,45,NestedSelect,18.380000000000003,16.453073501586914,1.9269264984130885
trial1_day8_plant9,trial1,8,9,2025-10-22,lodo,canopy,45,NestedSelect,21.58,17.609859466552734,3.970140533447264
trial1_day12_plant1,trial1,12,1,2025-10-26,lodo,canopy,45,NestedSelect,26.78,20.098432540893555,6.6815674591064464
trial1_day12_plant2,trial1,12,2,2025-10-26,lodo,canopy,45,NestedSelect,27.78,20.637313842773438,7.142686157226564
trial1_day12_plant3,trial1,12,3,2025-10-26,lodo,canopy,45,NestedSelect,32.78,21.256513595581055,11.523486404418946
trial1_day12_plant4,trial1,12,4,2025-10-26,lodo,canopy,45,NestedSelect,29.78,20.734224319458008,9.045775680541993
trial1_day12_plant5,trial1,12,5,2025-10-26,lodo,canopy,45,NestedSelect,25.78,16.838459014892578,8.941540985107423
trial1_day12_plant6,trial1,12,6,2025-10-26,lodo,canopy,45,NestedSelect,21.78,16.838459014892578,4.941540985107423
trial1_day12_plant7,trial1,12,7,2025-10-26,lodo,canopy,45,NestedSelect,26.78,18.30768585205078,8.47231414794922
trial1_day12_plant8,trial1,12,8,2025-10-26,lodo,canopy,45,NestedSelect,26.78,18.6948299407959,8.085170059204103
trial1_day12_plant9,trial1,12,9,2025-10-26,lodo,canopy,45,NestedSelect,27.78,18.841768264770508,8.938231735229493
trial1_day12_plant10,trial1,12,10,2025-10-26,lodo,canopy,45,NestedSelect,29.78,18.841768264770508,10.938231735229493
trial1_day16_plant1,trial1,16,1,2025-10-30,lodo,canopy,45,NestedSelect,40.78,28.52772331237793,12.252276687622071
trial1_day16_plant2,trial1,16,2,2025-10-30,lodo,canopy,45,NestedSelect,45.78,28.69523048400879,17.084769515991212
trial1_day16_plant3,trial1,16,3,2025-10-30,lodo,canopy,45,NestedSelect,49.78,29.690181732177734,20.089818267822267
trial1_day16_plant4,trial1,16,4,2025-10-30,lodo,canopy,45,NestedSelect,50.78,28.053903579711914,22.726096420288087
trial1_day16_plant5,trial1,16,5,2025-10-30,lodo,canopy,45,NestedSelect,36.78,24.909461975097656,11.870538024902345
trial1_day16_plant6,trial1,16,6,2025-10-30,lodo,canopy,45,NestedSelect,35.78,24.909461975097656,10.870538024902345
trial1_day16_plant7,trial1,16,7,2025-10-30,lodo,canopy,45,NestedSelect,40.78,25.933164596557617,14.846835403442384
trial1_day16_plant8,trial1,16,8,2025-10-30,lodo,canopy,45,NestedSelect,42.78,26.491031646728516,16.288968353271486
trial1_day16_plant9,trial1,16,9,2025-10-30,lodo,canopy,45,NestedSelect,41.78,26.866239547729492,14.913760452270509
trial1_day16_plant10,trial1,16,10,2025-10-30,lodo,canopy,45,NestedSelect,44.78,26.650611877441406,18.129388122558595
trial1_day20_plant1,trial1,20,1,2025-11-03,lodo,canopy,45,NestedSelect,78.78,43.00355911254883,35.77644088745117
trial1_day20_plant2,trial1,20,2,2025-11-03,lodo,canopy,45,NestedSelect,89.78,43.21907424926758,46.56092575073242
trial1_day20_plant3,trial1,20,3,2025-11-03,lodo,canopy,45,NestedSelect,93.78,43.23516082763672,50.54483917236328
trial1_day20_plant4,trial1,20,4,2025-11-03,lodo,canopy,45,NestedSelect,91.78,47.59941864013672,44.18058135986328
trial1_day20_plant5,trial1,20,5,2025-11-03,lodo,canopy,45,NestedSelect,65.78,43.726646423339844,22.053353576660157
trial1_day20_plant6,trial1,20,6,2025-11-03,lodo,canopy,45,NestedSelect,69.78,39.322418212890625,30.457581787109376
trial1_day20_plant7,trial1,20,7,2025-11-03,lodo,canopy,45,NestedSelect,76.78,41.5971565246582,35.1828434753418
trial1_day20_plant8,trial1,20,8,2025-11-03,lodo,canopy,45,NestedSelect,78.78,42.51398468017578,36.26601531982422
trial1_day20_plant9,trial1,20,9,2025-11-03,lodo,canopy,45,NestedSelect,83.78,42.096153259277344,41.68384674072266
trial1_day20_plant10,trial1,20,10,2025-11-03,lodo,canopy,45,NestedSelect,82.78,44.32378005981445,38.45621994018555
trial1_day24_plant1,trial1,24,1,2025-11-07,lodo,canopy,45,NestedSelect,135.78,77.0814208984375,58.6985791015625
trial1_day24_plant2,trial1,24,2,2025-11-07,lodo,canopy,45,NestedSelect,153.78,91.75738525390625,62.02261474609375
trial1_day24_plant3,trial1,24,3,2025-11-07,lodo,canopy,45,NestedSelect,157.78,82.38410949707031,75.39589050292969
trial1_day24_plant4,trial1,24,4,2025-11-07,lodo,canopy,45,NestedSelect,140.78,89.04353332519531,51.73646667480469
trial1_day24_plant5,trial1,24,5,2025-11-07,lodo,canopy,45,NestedSelect,123.78,90.43315124511719,33.346848754882814
trial1_day24_plant6,trial1,24,6,2025-11-07,lodo,canopy,45,NestedSelect,125.78,81.75424194335938,44.025758056640626
trial1_day24_plant7,trial1,24,7,2025-11-07,lodo,canopy,45,NestedSelect,135.78,92.28900909423828,43.49099090576172
trial1_day24_plant8,trial1,24,8,2025-11-07,lodo,canopy,45,NestedSelect,137.78,83.72643280029297,54.05356719970703
trial1_day24_plant9,trial1,24,9,2025-11-07,lodo,canopy,45,NestedSelect,152.78,88.4394302368164,64.3405697631836
trial1_day24_plant10,trial1,24,10,2025-11-07,lodo,canopy,45,NestedSelect,141.78,79.91148376464844,61.868516235351564
trial1_day28_plant1,trial1,28,1,2025-11-11,lodo,canopy,45,NestedSelect,213.78,130.3944854736328,83.38551452636719
trial1_day28_plant2,trial1,28,2,2025-11-11,lodo,canopy,45,NestedSelect,217.78,131.24757385253906,86.53242614746094
trial1_day28_plant3,trial1,28,3,2025-11-11,lodo,canopy,45,NestedSelect,232.78,130.6268310546875,102.1531689453125
trial1_day28_plant4,trial1,28,4,2025-11-11,lodo,canopy,45,NestedSelect,220.78,129.67214965820312,91.10785034179688
trial1_day28_plant5,trial1,28,5,2025-11-11,lodo,canopy,45,NestedSelect,185.78,123.25901794433594,62.520982055664064
trial1_day28_plant6,trial1,28,6,2025-11-11,lodo,canopy,45,NestedSelect,195.78,131.27777099609375,64.50222900390625
trial1_day28_plant7,trial1,28,7,2025-11-11,lodo,canopy,45,NestedSelect,218.78,124.9992904663086,93.78070953369141
trial1_day28_plant8,trial1,28,8,2025-11-11,lodo,canopy,45,NestedSelect,214.78,131.9214630126953,82.85853698730469
trial1_day28_plant9,trial1,28,9,2025-11-11,lodo,canopy,45,NestedSelect,222.78,137.0897216796875,85.6902783203125
trial1_day28_plant10,trial1,28,10,2025-11-11,lodo,canopy,45,NestedSelect,220.78,139.06687927246094,81.71312072753906
trial1_day0_plant1,trial1,0,1,2025-10-14,lodo,canopy,45,NestedSelect,4.48,5.989528685247487,1.5095286852474867
trial1_day0_plant2,trial1,0,2,2025-10-14,lodo,canopy,45,NestedSelect,4.880000000000003,5.989528685247487,1.1095286852474846
trial1_day0_plant3,trial1,0,3,2025-10-14,lodo,canopy,45,NestedSelect,6.580000000000002,5.989528685247487,0.5904713147525147
trial1_day0_plant4,trial1,0,4,2025-10-14,lodo,canopy,45,NestedSelect,4.080000000000002,5.989528685247487,1.9095286852474853
trial1_day0_plant5,trial1,0,5,2025-10-14,lodo,canopy,45,NestedSelect,4.98,5.989528685247487,1.0095286852474867
trial1_day0_plant6,trial1,0,6,2025-10-14,lodo,canopy,45,NestedSelect,3.8800000000000026,5.989528685247487,2.1095286852474846
trial1_day0_plant7,trial1,0,7,2025-10-14,lodo,canopy,45,NestedSelect,5.18,5.989528685247487,0.8095286852474874
trial1_day0_plant8,trial1,0,8,2025-10-14,lodo,canopy,45,NestedSelect,4.580000000000002,5.989528685247487,1.4095286852474853
trial1_day0_plant9,trial1,0,9,2025-10-14,lodo,canopy,45,NestedSelect,4.380000000000003,5.989528685247488,1.6095286852474855
trial1_day0_plant10,trial1,0,10,2025-10-14,lodo,canopy,45,NestedSelect,5.880000000000003,5.989528685247488,0.10952868524748549
trial1_day4_plant1,trial1,4,1,2025-10-18,lodo,canopy,45,NestedSelect,12.880000000000004,11.655227427252072,1.2247725727479324
trial1_day4_plant2,trial1,4,2,2025-10-18,lodo,canopy,45,NestedSelect,11.079999999999998,12.215057598435596,1.1350575984355977
trial1_day4_plant3,trial1,4,3,2025-10-18,lodo,canopy,45,NestedSelect,16.880000000000003,11.655227427252072,5.224772572747931
trial1_day4_plant4,trial1,4,4,2025-10-18,lodo,canopy,45,NestedSelect,13.980000000000004,11.655227427252072,2.324772572747932
trial1_day4_plant5,trial1,4,5,2025-10-18,lodo,canopy,45,NestedSelect,13.28,11.655227427252072,1.6247725727479274
trial1_day4_plant6,trial1,4,6,2025-10-18,lodo,canopy,45,NestedSelect,7.880000000000003,11.655227427252072,3.7752274272520694
trial1_day4_plant7,trial1,4,7,2025-10-18,lodo,canopy,45,NestedSelect,13.980000000000004,11.655227427252072,2.324772572747932
trial1_day4_plant8,trial1,4,8,2025-10-18,lodo,canopy,45,NestedSelect,11.28,12.019790350488936,0.7397903504889367
trial1_day4_plant9,trial1,4,9,2025-10-18,lodo,canopy,45,NestedSelect,11.68,11.655227427252072,0.024772572747927768
trial1_day4_plant10,trial1,4,10,2025-10-18,lodo,canopy,45,NestedSelect,14.68,11.655227427252072,3.0247725727479278
trial1_day8_plant1,trial1,8,1,2025-10-22,lodo,canopy,45,NestedSelect,19.08,47.214996416477476,28.134996416477478
trial1_day8_plant2,trial1,8,2,2025-10-22,lodo,canopy,45,NestedSelect,18.18,47.07958236013878,28.89958236013878
trial1_day8_plant3,trial1,8,3,2025-10-22,lodo,canopy,45,NestedSelect,23.980000000000004,48.246231272696825,24.26623127269682
trial1_day8_plant4,trial1,8,4,2025-10-22,lodo,canopy,45,NestedSelect,20.78,48.246231272696825,27.466231272696824
trial1_day8_plant5,trial1,8,5,2025-10-22,lodo,canopy,45,NestedSelect,19.880000000000003,48.246231272696825,28.366231272696822
trial1_day8_plant6,trial1,8,6,2025-10-22,lodo,canopy,45,NestedSelect,17.330000000000002,47.117972214527576,29.787972214527574
trial1_day8_plant7,trial1,8,7,2025-10-22,lodo,canopy,45,NestedSelect,20.980000000000004,47.238415587922795,26.25841558792279
trial1_day8_plant8,trial1,8,8,2025-10-22,lodo,canopy,45,NestedSelect,18.380000000000003,47.32322463387315,28.94322463387315
trial1_day8_plant9,trial1,8,9,2025-10-22,lodo,canopy,45,NestedSelect,21.58,47.29431535793512,25.71431535793512
trial1_day12_plant1,trial1,12,1,2025-10-26,lodo,canopy,45,NestedSelect,26.78,26.752846490154734,0.027153509845266655
trial1_day12_plant2,trial1,12,2,2025-10-26,lodo,canopy,45,NestedSelect,27.78,26.752846490154734,1.0271535098452667
trial1_day12_plant3,trial1,12,3,2025-10-26,lodo,canopy,45,NestedSelect,32.78,26.752846490154734,6.027153509845267
trial1_day12_plant4,trial1,12,4,2025-10-26,lodo,canopy,45,NestedSelect,29.78,26.752846490154734,3.0271535098452667
trial1_day12_plant5,trial1,12,5,2025-10-26,lodo,canopy,45,NestedSelect,25.78,26.752846490154734,0.9728464901547333
trial1_day12_plant6,trial1,12,6,2025-10-26,lodo,canopy,45,NestedSelect,21.78,26.752846490154734,4.972846490154733
trial1_day12_plant7,trial1,12,7,2025-10-26,lodo,canopy,45,NestedSelect,26.78,25.56577052351469,1.2142294764853112
trial1_day12_plant8,trial1,12,8,2025-10-26,lodo,canopy,45,NestedSelect,26.78,26.752846490154734,0.027153509845266655
trial1_day12_plant9,trial1,12,9,2025-10-26,lodo,canopy,45,NestedSelect,27.78,26.752846490154734,1.0271535098452667
trial1_day12_plant10,trial1,12,10,2025-10-26,lodo,canopy,45,NestedSelect,29.78,26.752846490154734,3.0271535098452667
trial1_day16_plant1,trial1,16,1,2025-10-30,lodo,canopy,45,NestedSelect,40.78,38.24688271828286,2.5331172817171392
trial1_day16_plant2,trial1,16,2,2025-10-30,lodo,canopy,45,NestedSelect,45.78,38.24688271828286,7.533117281717139
trial1_day16_plant3,trial1,16,3,2025-10-30,lodo,canopy,45,NestedSelect,49.78,38.24688271828286,11.53311728171714
trial1_day16_plant4,trial1,16,4,2025-10-30,lodo,canopy,45,NestedSelect,50.78,38.24688271828286,12.53311728171714
trial1_day16_plant5,trial1,16,5,2025-10-30,lodo,canopy,45,NestedSelect,36.78,38.24688271828286,1.4668827182828608
trial1_day16_plant6,trial1,16,6,2025-10-30,lodo,canopy,45,NestedSelect,35.78,38.24688271828286,2.4668827182828608
trial1_day16_plant7,trial1,16,7,2025-10-30,lodo,canopy,45,NestedSelect,40.78,37.708144699141094,3.071855300858907
trial1_day16_plant8,trial1,16,8,2025-10-30,lodo,canopy,45,NestedSelect,42.78,38.24688271828286,4.533117281717139
trial1_day16_plant9,trial1,16,9,2025-10-30,lodo,canopy,45,NestedSelect,41.78,37.74415488140463,4.035845118595368
trial1_day16_plant10,trial1,16,10,2025-10-30,lodo,canopy,45,NestedSelect,44.78,38.24688271828286,6.533117281717139
trial1_day20_plant1,trial1,20,1,2025-11-03,lodo,canopy,45,NestedSelect,78.78,114.42595192033679,35.645951920336785
trial1_day20_plant2,trial1,20,2,2025-11-03,lodo,canopy,45,NestedSelect,89.78,109.73577340316048,19.955773403160478
trial1_day20_plant3,trial1,20,3,2025-11-03,lodo,canopy,45,NestedSelect,93.78,103.0036984693618,9.223698469361793
trial1_day20_plant4,trial1,20,4,2025-11-03,lodo,canopy,45,NestedSelect,91.78,110.50986449736034,18.72986449736034
trial1_day20_plant5,trial1,20,5,2025-11-03,lodo,canopy,45,NestedSelect,65.78,111.17112360917838,45.39112360917838
trial1_day20_plant6,trial1,20,6,2025-11-03,lodo,canopy,45,NestedSelect,69.78,111.2959001494487,41.5159001494487
trial1_day20_plant7,trial1,20,7,2025-11-03,lodo,canopy,45,NestedSelect,76.78,114.38254510222032,37.60254510222032
trial1_day20_plant8,trial1,20,8,2025-11-03,lodo,canopy,45,NestedSelect,78.78,114.74737730710017,35.967377307100165
trial1_day20_plant9,trial1,20,9,2025-11-03,lodo,canopy,45,NestedSelect,83.78,113.5154763520828,29.7354763520828
trial1_day20_plant10,trial1,20,10,2025-11-03,lodo,canopy,45,NestedSelect,82.78,118.60212910216345,35.822129102163444
trial1_day24_plant1,trial1,24,1,2025-11-07,lodo,canopy,45,NestedSelect,135.78,96.10587936702635,39.674120632973654
trial1_day24_plant2,trial1,24,2,2025-11-07,lodo,canopy,45,NestedSelect,153.78,97.27568046393363,56.504319536066376
trial1_day24_plant3,trial1,24,3,2025-11-07,lodo,canopy,45,NestedSelect,157.78,92.3260677846055,65.4539322153945
trial1_day24_plant4,trial1,24,4,2025-11-07,lodo,canopy,45,NestedSelect,140.78,97.15385098700521,43.62614901299479
trial1_day24_plant5,trial1,24,5,2025-11-07,lodo,canopy,45,NestedSelect,123.78,98.04276440526256,25.73723559473744
trial1_day24_plant6,trial1,24,6,2025-11-07,lodo,canopy,45,NestedSelect,125.78,96.33635086290116,29.443649137098845
trial1_day24_plant7,trial1,24,7,2025-11-07,lodo,canopy,45,NestedSelect,135.78,98.15480239845766,37.62519760154234
trial1_day24_plant8,trial1,24,8,2025-11-07,lodo,canopy,45,NestedSelect,137.78,96.86628579122663,40.91371420877337
trial1_day24_plant9,trial1,24,9,2025-11-07,lodo,canopy,45,NestedSelect,152.78,97.90176622638178,54.87823377361822
trial1_day24_plant10,trial1,24,10,2025-11-07,lodo,canopy,45,NestedSelect,141.78,92.3260677846055,49.4539322153945
trial1_day28_plant1,trial1,28,1,2025-11-11,lodo,canopy,45,NestedSelect,213.78,278.2392923969894,64.45929239698941
trial1_day28_plant2,trial1,28,2,2025-11-11,lodo,canopy,45,NestedSelect,217.78,278.72945885020374,60.94945885020374
trial1_day28_plant3,trial1,28,3,2025-11-11,lodo,canopy,45,NestedSelect,232.78,259.72989500666966,26.949895006669664
trial1_day28_plant4,trial1,28,4,2025-11-11,lodo,canopy,45,NestedSelect,220.78,263.7421345471584,42.9621345471584
trial1_day28_plant5,trial1,28,5,2025-11-11,lodo,canopy,45,NestedSelect,185.78,271.4195625062892,85.6395625062892
trial1_day28_plant6,trial1,28,6,2025-11-11,lodo,canopy,45,NestedSelect,195.78,290.64441599914346,94.86441599914346
trial1_day28_plant7,trial1,28,7,2025-11-11,lodo,canopy,45,NestedSelect,218.78,271.0956414013539,52.31564140135387
trial1_day28_plant8,trial1,28,8,2025-11-11,lodo,canopy,45,NestedSelect,214.78,295.26639740149074,80.48639740149073
trial1_day28_plant9,trial1,28,9,2025-11-11,lodo,canopy,45,NestedSelect,222.78,270.56787661065624,47.78787661065624
trial1_day28_plant10,trial1,28,10,2025-11-11,lodo,canopy,45,NestedSelect,220.78,283.04861891021113,62.26861891021113
trial1_day0_plant1,trial1,0,1,2025-10-14,lodo,climate,45,NestedSelect,4.48,11.890329360961914,7.410329360961914
trial1_day0_plant2,trial1,0,2,2025-10-14,lodo,climate,45,NestedSelect,4.880000000000003,12.999406814575195,8.119406814575193
trial1_day0_plant3,trial1,0,3,2025-10-14,lodo,climate,45,NestedSelect,6.580000000000002,17.299654006958008,10.719654006958006
trial1_day0_plant4,trial1,0,4,2025-10-14,lodo,climate,45,NestedSelect,4.080000000000002,15.60861587524414,11.528615875244139
trial1_day0_plant5,trial1,0,5,2025-10-14,lodo,climate,45,NestedSelect,4.98,10.38000774383545,5.400007743835449
trial1_day0_plant6,trial1,0,6,2025-10-14,lodo,climate,45,NestedSelect,3.8800000000000026,10.2138090133667,6.333809013366697
trial1_day0_plant7,trial1,0,7,2025-10-14,lodo,climate,45,NestedSelect,5.18,12.860732078552246,7.680732078552246
trial1_day0_plant8,trial1,0,8,2025-10-14,lodo,climate,45,NestedSelect,4.580000000000002,12.724189758300781,8.14418975830078
trial1_day0_plant9,trial1,0,9,2025-10-14,lodo,climate,45,NestedSelect,4.380000000000003,13.603835105895996,9.223835105895994
trial1_day0_plant10,trial1,0,10,2025-10-14,lodo,climate,45,NestedSelect,5.880000000000003,14.648301124572754,8.768301124572751
trial1_day4_plant1,trial1,4,1,2025-10-18,lodo,climate,45,NestedSelect,12.880000000000004,3.8964121341705322,8.983587865829472
trial1_day4_plant2,trial1,4,2,2025-10-18,lodo,climate,45,NestedSelect,11.079999999999998,5.663265228271484,5.416734771728514
trial1_day4_plant3,trial1,4,3,2025-10-18,lodo,climate,45,NestedSelect,16.880000000000003,8.740556716918945,8.139443283081057
trial1_day4_plant4,trial1,4,4,2025-10-18,lodo,climate,45,NestedSelect,13.980000000000004,6.578446865081787,7.401553134918217
trial1_day4_plant5,trial1,4,5,2025-10-18,lodo,climate,45,NestedSelect,13.28,2.4626452922821045,10.817354707717895
trial1_day4_plant6,trial1,4,6,2025-10-18,lodo,climate,45,NestedSelect,7.880000000000003,2.5924386978149414,5.287561302185061
trial1_day4_plant7,trial1,4,7,2025-10-18,lodo,climate,45,NestedSelect,13.980000000000004,5.394844055175781,8.585155944824223
trial1_day4_plant8,trial1,4,8,2025-10-18,lodo,climate,45,NestedSelect,11.28,5.361454963684082,5.918545036315917
trial1_day4_plant9,trial1,4,9,2025-10-18,lodo,climate,45,NestedSelect,11.68,5.773616790771484,5.906383209228515
trial1_day4_plant10,trial1,4,10,2025-10-18,lodo,climate,45,NestedSelect,14.68,6.505957126617432,8.174042873382568
trial1_day8_plant1,trial1,8,1,2025-10-22,lodo,climate,45,NestedSelect,19.08,57.99113215832953,38.91113215832953
trial1_day8_plant2,trial1,8,2,2025-10-22,lodo,climate,45,NestedSelect,18.18,57.77693635574524,39.59693635574524
trial1_day8_plant3,trial1,8,3,2025-10-22,lodo,climate,45,NestedSelect,23.980000000000004,57.562740553160964,33.58274055316096
trial1_day8_plant4,trial1,8,4,2025-10-22,lodo,climate,45,NestedSelect,20.78,57.34854475057668,36.56854475057668
trial1_day8_plant5,trial1,8,5,2025-10-22,lodo,climate,45,NestedSelect,19.880000000000003,57.13434894799239,37.25434894799239
trial1_day8_plant6,trial1,8,6,2025-10-22,lodo,climate,45,NestedSelect,17.330000000000002,56.92015314540811,39.59015314540811
trial1_day8_plant7,trial1,8,7,2025-10-22,lodo,climate,45,NestedSelect,20.980000000000004,56.70595734282382,35.72595734282382
trial1_day8_plant8,trial1,8,8,2025-10-22,lodo,climate,45,NestedSelect,18.380000000000003,56.49176154023954,38.111761540239534
trial1_day8_plant9,trial1,8,9,2025-10-22,lodo,climate,45,NestedSelect,21.58,56.27756573765525,34.69756573765525
trial1_day12_plant1,trial1,12,1,2025-10-26,lodo,climate,45,NestedSelect,26.78,19.212791442871094,7.567208557128907
trial1_day12_plant2,trial1,12,2,2025-10-26,lodo,climate,45,NestedSelect,27.78,21.610706329345703,6.169293670654298
trial1_day12_plant3,trial1,12,3,2025-10-26,lodo,climate,45,NestedSelect,32.78,25.38311767578125,7.396882324218751
trial1_day12_plant4,trial1,12,4,2025-10-26,lodo,climate,45,NestedSelect,29.78,22.572656631469727,7.207343368530275
trial1_day12_plant5,trial1,12,5,2025-10-26,lodo,climate,45,NestedSelect,25.78,16.594356536865234,9.185643463134767
trial1_day12_plant6,trial1,12,6,2025-10-26,lodo,climate,45,NestedSelect,21.78,16.30913734436035,5.47086265563965
trial1_day12_plant7,trial1,12,7,2025-10-26,lodo,climate,45,NestedSelect,26.78,20.25680923461914,6.5231907653808605
trial1_day12_plant8,trial1,12,8,2025-10-26,lodo,climate,45,NestedSelect,26.78,20.25680923461914,6.5231907653808605
trial1_day12_plant9,trial1,12,9,2025-10-26,lodo,climate,45,NestedSelect,27.78,21.778087615966797,6.001912384033204
trial1_day12_plant10,trial1,12,10,2025-10-26,lodo,climate,45,NestedSelect,29.78,21.651222229003906,8.128777770996095
trial1_day16_plant1,trial1,16,1,2025-10-30,lodo,climate,45,NestedSelect,40.78,26.606826782226562,14.173173217773439
trial1_day16_plant2,trial1,16,2,2025-10-30,lodo,climate,45,NestedSelect,45.78,28.48868179321289,17.29131820678711
trial1_day16_plant3,trial1,16,3,2025-10-30,lodo,climate,45,NestedSelect,49.78,32.62527084350586,17.15472915649414
trial1_day16_plant4,trial1,16,4,2025-10-30,lodo,climate,45,NestedSelect,50.78,29.778701782226562,21.00129821777344
trial1_day16_plant5,trial1,16,5,2025-10-30,lodo,climate,45,NestedSelect,36.78,23.665685653686523,13.114314346313478
trial1_day16_plant6,trial1,16,6,2025-10-30,lodo,climate,45,NestedSelect,35.78,23.556913375854492,12.223086624145509
trial1_day16_plant7,trial1,16,7,2025-10-30,lodo,climate,45,NestedSelect,40.78,28.028953552246094,12.751046447753907
trial1_day16_plant8,trial1,16,8,2025-10-30,lodo,climate,45,NestedSelect,42.78,27.917192459106445,14.862807540893556
trial1_day16_plant9,trial1,16,9,2025-10-30,lodo,climate,45,NestedSelect,41.78,30.007577896118164,11.772422103881837
trial1_day16_plant10,trial1,16,10,2025-10-30,lodo,climate,45,NestedSelect,44.78,29.7384090423584,15.041590957641603
trial1_day20_plant1,trial1,20,1,2025-11-03,lodo,climate,45,NestedSelect,78.78,42.535526275634766,36.244473724365236
trial1_day20_plant2,trial1,20,2,2025-11-03,lodo,climate,45,NestedSelect,89.78,44.93520736694336,44.84479263305664
trial1_day20_plant3,trial1,20,3,2025-11-03,lodo,climate,45,NestedSelect,93.78,50.076622009277344,43.70337799072266
trial1_day20_plant4,trial1,20,4,2025-11-03,lodo,climate,45,NestedSelect,91.78,47.650814056396484,44.12918594360352
trial1_day20_plant5,trial1,20,5,2025-11-03,lodo,climate,45,NestedSelect,65.78,38.05306625366211,27.72693374633789
trial1_day20_plant6,trial1,20,6,2025-11-03,lodo,climate,45,NestedSelect,69.78,37.24475860595703,32.53524139404297
trial1_day20_plant7,trial1,20,7,2025-11-03,lodo,climate,45,NestedSelect,76.78,40.693084716796875,36.086915283203126
trial1_day20_plant8,trial1,20,8,2025-11-03,lodo,climate,45,NestedSelect,78.78,41.07942581176758,37.70057418823242
trial1_day20_plant9,trial1,20,9,2025-11-03,lodo,climate,45,NestedSelect,83.78,42.4814338684082,41.2985661315918
trial1_day20_plant10,trial1,20,10,2025-11-03,lodo,climate,45,NestedSelect,82.78,44.30181121826172,38.47818878173828
trial1_day24_plant1,trial1,24,1,2025-11-07,lodo,climate,45,NestedSelect,135.78,82.21504974365234,53.56495025634766
trial1_day24_plant2,trial1,24,2,2025-11-07,lodo,climate,45,NestedSelect,153.78,88.48329162597656,65.29670837402344
trial1_day24_plant3,trial1,24,3,2025-11-07,lodo,climate,45,NestedSelect,157.78,93.8367691040039,63.943230895996095
trial1_day24_plant4,trial1,24,4,2025-11-07,lodo,climate,45,NestedSelect,140.78,90.38068389892578,50.39931610107422
trial1_day24_plant5,trial1,24,5,2025-11-07,lodo,climate,45,NestedSelect,123.78,68.74022674560547,55.03977325439453
trial1_day24_plant6,trial1,24,6,2025-11-07,lodo,climate,45,NestedSelect,125.78,68.93888854980469,56.841111450195314
trial1_day24_plant7,trial1,24,7,2025-11-07,lodo,climate,45,NestedSelect,135.78,78.30638885498047,57.47361114501953
trial1_day24_plant8,trial1,24,8,2025-11-07,lodo,climate,45,NestedSelect,137.78,78.43980407714844,59.340195922851564
trial1_day24_plant9,trial1,24,9,2025-11-07,lodo,climate,45,NestedSelect,152.78,82.84801483154297,69.93198516845703
trial1_day24_plant10,trial1,24,10,2025-11-07,lodo,climate,45,NestedSelect,141.78,82.86685943603516,58.913140563964845
trial1_day28_plant1,trial1,28,1,2025-11-11,lodo,climate,45,NestedSelect,213.78,135.8151092529297,77.96489074707031
trial1_day28_plant2,trial1,28,2,2025-11-11,lodo,climate,45,NestedSelect,217.78,152.03424072265625,65.74575927734375
trial1_day28_plant3,trial1,28,3,2025-11-11,lodo,climate,45,NestedSelect,232.78,153.957275390625,78.822724609375
trial1_day28_plant4,trial1,28,4,2025-11-11,lodo,climate,45,NestedSelect,220.78,141.70278930664062,79.07721069335938
trial1_day28_plant5,trial1,28,5,2025-11-11,lodo,climate,45,NestedSelect,185.78,127.32536315917969,58.454636840820314
trial1_day28_plant6,trial1,28,6,2025-11-11,lodo,climate,45,NestedSelect,195.78,127.1171875,68.6628125
trial1_day28_plant7,trial1,28,7,2025-11-11,lodo,climate,45,NestedSelect,218.78,135.72120666503906,83.05879333496094
trial1_day28_plant8,trial1,28,8,2025-11-11,lodo,climate,45,NestedSelect,214.78,138.18177795410156,76.59822204589844
trial1_day28_plant9,trial1,28,9,2025-11-11,lodo,climate,45,NestedSelect,222.78,146.8700408935547,75.90995910644531
trial1_day28_plant10,trial1,28,10,2025-11-11,lodo,climate,45,NestedSelect,220.78,143.88616943359375,76.89383056640625
trial1_day0_plant1,trial1,0,1,2025-10-14,lodo,climate,45,NestedSelect,4.48,8.783690380771622,4.303690380771622
trial1_day0_plant2,trial1,0,2,2025-10-14,lodo,climate,45,NestedSelect,4.880000000000003,8.783690380771622,3.9036903807716197
trial1_day0_plant3,trial1,0,3,2025-10-14,lodo,climate,45,NestedSelect,6.580000000000002,8.783690380771622,2.2036903807716204
trial1_day0_plant4,trial1,0,4,2025-10-14,lodo,climate,45,NestedSelect,4.080000000000002,8.783690380771622,4.70369038077162
trial1_day0_plant5,trial1,0,5,2025-10-14,lodo,climate,45,NestedSelect,4.98,8.783690380771622,3.803690380771622
trial1_day0_plant6,trial1,0,6,2025-10-14,lodo,climate,45,NestedSelect,3.8800000000000026,8.783690380771622,4.90369038077162
trial1_day0_plant7,trial1,0,7,2025-10-14,lodo,climate,45,NestedSelect,5.18,8.783690380771622,3.6036903807716225
trial1_day0_plant8,trial1,0,8,2025-10-14,lodo,climate,45,NestedSelect,4.580000000000002,8.783690380771622,4.20369038077162
trial1_day0_plant9,trial1,0,9,2025-10-14,lodo,climate,45,NestedSelect,4.380000000000003,8.783690380771622,4.40369038077162
trial1_day0_plant10,trial1,0,10,2025-10-14,lodo,climate,45,NestedSelect,5.880000000000003,8.783690380771622,2.9036903807716197
trial1_day4_plant1,trial1,4,1,2025-10-18,lodo,climate,45,NestedSelect,12.880000000000004,9.46170338992109,3.418296610078915
trial1_day4_plant2,trial1,4,2,2025-10-18,lodo,climate,45,NestedSelect,11.079999999999998,9.439996663625736,1.6400033363742619
trial1_day4_plant3,trial1,4,3,2025-10-18,lodo,climate,45,NestedSelect,16.880000000000003,9.418334976073009,7.461665023926994
trial1_day4_plant4,trial1,4,4,2025-10-18,lodo,climate,45,NestedSelect,13.980000000000004,9.396718233813155,4.583281766186849
trial1_day4_plant5,trial1,4,5,2025-10-18,lodo,climate,45,NestedSelect,13.28,9.375146343590314,3.904853656409685
trial1_day4_plant6,trial1,4,6,2025-10-18,lodo,climate,45,NestedSelect,7.880000000000003,9.353619212342117,1.4736192123421148
trial1_day4_plant7,trial1,4,7,2025-10-18,lodo,climate,45,NestedSelect,13.980000000000004,9.33213674719928,4.6478632528007235
trial1_day4_plant8,trial1,4,8,2025-10-18,lodo,climate,45,NestedSelect,11.28,9.310698855485228,1.9693011445147715
trial1_day4_plant9,trial1,4,9,2025-10-18,lodo,climate,45,NestedSelect,11.68,9.289305444715673,2.390694555284327
trial1_day4_plant10,trial1,4,10,2025-10-18,lodo,climate,45,NestedSelect,14.68,9.267956422598212,5.412043577401787
trial1_day8_plant1,trial1,8,1,2025-10-22,lodo,climate,45,NestedSelect,19.08,31.9231536334305,12.8431536334305
trial1_day8_plant2,trial1,8,2,2025-10-22,lodo,climate,45,NestedSelect,18.18,31.821029041948417,13.641029041948418
trial1_day8_plant3,trial1,8,3,2025-10-22,lodo,climate,45,NestedSelect,23.980000000000004,31.719221231546943,7.739221231546939
trial1_day8_plant4,trial1,8,4,2025-10-22,lodo,climate,45,NestedSelect,20.78,31.61772921960034,10.837729219600337
trial1_day8_plant5,trial1,8,5,2025-10-22,lodo,climate,45,NestedSelect,19.880000000000003,31.51655202653089,11.636552026530886
trial1_day8_plant6,trial1,8,6,2025-10-22,lodo,climate,45,NestedSelect,17.330000000000002,31.415688675799387,14.085688675799386
trial1_day8_plant7,trial1,8,7,2025-10-22,lodo,climate,45,NestedSelect,20.980000000000004,31.31513819389583,10.335138193895826
trial1_day8_plant8,trial1,8,8,2025-10-22,lodo,climate,45,NestedSelect,18.380000000000003,31.214899610329887,12.834899610329884
trial1_day8_plant9,trial1,8,9,2025-10-22,lodo,climate,45,NestedSelect,21.58,31.114971957621655,9.534971957621657
trial1_day12_plant1,trial1,12,1,2025-10-26,lodo,climate,45,NestedSelect,26.78,19.01336669921875,7.766633300781251
trial1_day12_plant2,trial1,12,2,2025-10-26,lodo,climate,45,NestedSelect,27.78,19.41295623779297,8.367043762207032
trial1_day12_plant3,trial1,12,3,2025-10-26,lodo,climate,45,NestedSelect,32.78,23.24041175842285,9.53958824157715
trial1_day12_plant4,trial1,12,4,2025-10-26,lodo,climate,45,NestedSelect,29.78,21.167062759399414,8.612937240600587
trial1_day12_plant5,trial1,12,5,2025-10-26,lodo,climate,45,NestedSelect,25.78,18.906322479248047,6.873677520751954
trial1_day12_plant6,trial1,12,6,2025-10-26,lodo,climate,45,NestedSelect,21.78,17.090824127197266,4.6891758728027355
trial1_day12_plant7,trial1,12,7,2025-10-26,lodo,climate,45,NestedSelect,26.78,20.43581771850586,6.344182281494142
trial1_day12_plant8,trial1,12,8,2025-10-26,lodo,climate,45,NestedSelect,26.78,19.68192481994629,7.098075180053712
trial1_day12_plant9,trial1,12,9,2025-10-26,lodo,climate,45,NestedSelect,27.78,20.825117111206055,6.9548828887939464
trial1_day12_plant10,trial1,12,10,2025-10-26,lodo,climate,45,NestedSelect,29.78,21.584203720092773,8.195796279907228
trial1_day16_plant1,trial1,16,1,2025-10-30,lodo,climate,45,NestedSelect,40.78,36.444336459412916,4.335663540587085
trial1_day16_plant2,trial1,16,2,2025-10-30,lodo,climate,45,NestedSelect,45.78,37.80654649275068,7.9734535072493244
trial1_day16_plant3,trial1,16,3,2025-10-30,lodo,climate,45,NestedSelect,49.78,44.40580337116887,5.374196628831129
trial1_day16_plant4,trial1,16,4,2025-10-30,lodo,climate,45,NestedSelect,50.78,38.715070136949016,12.064929863050985
trial1_day16_plant5,trial1,16,5,2025-10-30,lodo,climate,45,NestedSelect,36.78,32.79823712411582,3.981762875884179
trial1_day16_plant6,trial1,16,6,2025-10-30,lodo,climate,45,NestedSelect,35.78,28.891737652074426,6.888262347925576
trial1_day16_plant7,trial1,16,7,2025-10-30,lodo,climate,45,NestedSelect,40.78,35.73341977399342,5.046580226006583
trial1_day16_plant8,trial1,16,8,2025-10-30,lodo,climate,45,NestedSelect,42.78,34.67079871361159,8.109201286388412
trial1_day16_plant9,trial1,16,9,2025-10-30,lodo,climate,45,NestedSelect,41.78,36.43650328865153,5.343496711348472
trial1_day16_plant10,trial1,16,10,2025-10-30,lodo,climate,45,NestedSelect,44.78,39.62663360890161,5.153366391098395
trial1_day20_plant1,trial1,20,1,2025-11-03,lodo,climate,45,NestedSelect,78.78,41.5484733581543,37.231526641845704
trial1_day20_plant2,trial1,20,2,2025-11-03,lodo,climate,45,NestedSelect,89.78,45.411170959472656,44.368829040527345
trial1_day20_plant3,trial1,20,3,2025-11-03,lodo,climate,45,NestedSelect,93.78,50.86101531982422,42.91898468017578
trial1_day20_plant4,trial1,20,4,2025-11-03,lodo,climate,45,NestedSelect,91.78,49.25957489013672,42.52042510986328
trial1_day20_plant5,trial1,20,5,2025-11-03,lodo,climate,45,NestedSelect,65.78,37.035003662109375,28.744996337890626
trial1_day20_plant6,trial1,20,6,2025-11-03,lodo,climate,45,NestedSelect,69.78,35.53464126586914,34.24535873413086
trial1_day20_plant7,trial1,20,7,2025-11-03,lodo,climate,45,NestedSelect,76.78,41.40580749511719,35.374192504882814
trial1_day20_plant8,trial1,20,8,2025-11-03,lodo,climate,45,NestedSelect,78.78,42.039573669433594,36.74042633056641
trial1_day20_plant9,trial1,20,9,2025-11-03,lodo,climate,45,NestedSelect,83.78,42.905723571777344,40.87427642822266
trial1_day20_plant10,trial1,20,10,2025-11-03,lodo,climate,45,NestedSelect,82.78,44.074188232421875,38.705811767578126
trial1_day24_plant1,trial1,24,1,2025-11-07,lodo,climate,45,NestedSelect,135.78,255.08845137039836,119.30845137039836
trial1_day24_plant2,trial1,24,2,2025-11-07,lodo,climate,45,NestedSelect,153.78,255.08845137039836,101.30845137039836
trial1_day24_plant3,trial1,24,3,2025-11-07,lodo,climate,45,NestedSelect,157.78,255.08845137039836,97.30845137039836
trial1_day24_plant4,trial1,24,4,2025-11-07,lodo,climate,45,NestedSelect,140.78,255.08845137039836,114.30845137039836
trial1_day24_plant5,trial1,24,5,2025-11-07,lodo,climate,45,NestedSelect,123.78,255.08845137039836,131.30845137039836
trial1_day24_plant6,trial1,24,6,2025-11-07,lodo,climate,45,NestedSelect,125.78,255.08845137039836,129.30845137039836
trial1_day24_plant7,trial1,24,7,2025-11-07,lodo,climate,45,NestedSelect,135.78,255.08845137039836,119.30845137039836
trial1_day24_plant8,trial1,24,8,2025-11-07,lodo,climate,45,NestedSelect,137.78,255.08845137039836,117.30845137039836
trial1_day24_plant9,trial1,24,9,2025-11-07,lodo,climate,45,NestedSelect,152.78,255.08845137039836,102.30845137039836
trial1_day24_plant10,trial1,24,10,2025-11-07,lodo,climate,45,NestedSelect,141.78,255.08845137039836,113.30845137039836
trial1_day28_plant1,trial1,28,1,2025-11-11,lodo,climate,45,NestedSelect,213.78,142.5278368676039,71.2521631323961
trial1_day28_plant2,trial1,28,2,2025-11-11,lodo,climate,45,NestedSelect,217.78,142.5278368676039,75.2521631323961
trial1_day28_plant3,trial1,28,3,2025-11-11,lodo,climate,45,NestedSelect,232.78,142.5278368676039,90.2521631323961
trial1_day28_plant4,trial1,28,4,2025-11-11,lodo,climate,45,NestedSelect,220.78,142.5278368676039,78.2521631323961
trial1_day28_plant5,trial1,28,5,2025-11-11,lodo,climate,45,NestedSelect,185.78,142.5278368676039,43.252163132396106
trial1_day28_plant6,trial1,28,6,2025-11-11,lodo,climate,45,NestedSelect,195.78,142.5278368676039,53.252163132396106
trial1_day28_plant7,trial1,28,7,2025-11-11,lodo,climate,45,NestedSelect,218.78,142.5278368676039,76.2521631323961
trial1_day28_plant8,trial1,28,8,2025-11-11,lodo,climate,45,NestedSelect,214.78,142.5278368676039,72.2521631323961
trial1_day28_plant9,trial1,28,9,2025-11-11,lodo,climate,45,NestedSelect,222.78,142.5278368676039,80.2521631323961
trial1_day28_plant10,trial1,28,10,2025-11-11,lodo,climate,45,NestedSelect,220.78,142.5278368676039,78.2521631323961
trial1_day0_plant1,trial1,0,1,2025-10-14,lodo,compact,45,NestedSelect,4.48,18.054176330566406,13.574176330566406
trial1_day0_plant2,trial1,0,2,2025-10-14,lodo,compact,45,NestedSelect,4.880000000000003,18.54666519165039,13.666665191650388
trial1_day0_plant3,trial1,0,3,2025-10-14,lodo,compact,45,NestedSelect,6.580000000000002,19.444013595581055,12.864013595581053
trial1_day0_plant4,trial1,0,4,2025-10-14,lodo,compact,45,NestedSelect,4.080000000000002,18.370155334472656,14.290155334472654
trial1_day0_plant5,trial1,0,5,2025-10-14,lodo,compact,45,NestedSelect,4.98,13.541969299316406,8.561969299316406
trial1_day0_plant6,trial1,0,6,2025-10-14,lodo,compact,45,NestedSelect,3.8800000000000026,13.541969299316406,9.661969299316404
trial1_day0_plant7,trial1,0,7,2025-10-14,lodo,compact,45,NestedSelect,5.18,15.828117370605469,10.648117370605469
trial1_day0_plant8,trial1,0,8,2025-10-14,lodo,compact,45,NestedSelect,4.580000000000002,16.18013572692871,11.600135726928709
trial1_day0_plant9,trial1,0,9,2025-10-14,lodo,compact,45,NestedSelect,4.380000000000003,16.44259262084961,12.062592620849607
trial1_day0_plant10,trial1,0,10,2025-10-14,lodo,compact,45,NestedSelect,5.880000000000003,16.70775032043457,10.827750320434568
trial1_day4_plant1,trial1,4,1,2025-10-18,lodo,compact,45,NestedSelect,12.880000000000004,9.43241024017334,3.4475897598266645
trial1_day4_plant2,trial1,4,2,2025-10-18,lodo,compact,45,NestedSelect,11.079999999999998,12.137683868408203,1.0576838684082048
trial1_day4_plant3,trial1,4,3,2025-10-18,lodo,compact,45,NestedSelect,16.880000000000003,13.074424743652344,3.805575256347659
trial1_day4_plant4,trial1,4,4,2025-10-18,lodo,compact,45,NestedSelect,13.980000000000004,12.062173843383789,1.917826156616215
trial1_day4_plant5,trial1,4,5,2025-10-18,lodo,compact,45,NestedSelect,13.28,9.326057434082031,3.953942565917968
trial1_day4_plant6,trial1,4,6,2025-10-18,lodo,compact,45,NestedSelect,7.880000000000003,9.081342697143555,1.2013426971435521
trial1_day4_plant7,trial1,4,7,2025-10-18,lodo,compact,45,NestedSelect,13.980000000000004,10.297774314880371,3.682225685119633
trial1_day4_plant8,trial1,4,8,2025-10-18,lodo,compact,45,NestedSelect,11.28,12.190508842468262,0.9105088424682624
trial1_day4_plant9,trial1,4,9,2025-10-18,lodo,compact,45,NestedSelect,11.68,10.998621940612793,0.6813780593872067
trial1_day4_plant10,trial1,4,10,2025-10-18,lodo,compact,45,NestedSelect,14.68,11.551198959350586,3.128801040649414
trial1_day8_plant1,trial1,8,1,2025-10-22,lodo,compact,45,NestedSelect,19.08,30.229703903198242,11.149703903198244
trial1_day8_plant2,trial1,8,2,2025-10-22,lodo,compact,45,NestedSelect,18.18,28.524930953979492,10.344930953979492
trial1_day8_plant3,trial1,8,3,2025-10-22,lodo,compact,45,NestedSelect,23.980000000000004,29.79954719543457,5.819547195434566
trial1_day8_plant4,trial1,8,4,2025-10-22,lodo,compact,45,NestedSelect,20.78,29.27192497253418,8.491924972534179
trial1_day8_plant5,trial1,8,5,2025-10-22,lodo,compact,45,NestedSelect,19.880000000000003,24.055622100830078,4.175622100830076
trial1_day8_plant6,trial1,8,6,2025-10-22,lodo,compact,45,NestedSelect,17.330000000000002,23.749862670898438,6.419862670898436
trial1_day8_plant7,trial1,8,7,2025-10-22,lodo,compact,45,NestedSelect,20.980000000000004,27.790250778198242,6.810250778198238
trial1_day8_plant8,trial1,8,8,2025-10-22,lodo,compact,45,NestedSelect,18.380000000000003,26.7077579498291,8.327757949829099
trial1_day8_plant9,trial1,8,9,2025-10-22,lodo,compact,45,NestedSelect,21.58,28.71257209777832,7.132572097778322
trial1_day12_plant1,trial1,12,1,2025-10-26,lodo,compact,45,NestedSelect,26.78,33.74428176879883,6.964281768798827
trial1_day12_plant2,trial1,12,2,2025-10-26,lodo,compact,45,NestedSelect,27.78,34.0289306640625,6.248930664062499
trial1_day12_plant3,trial1,12,3,2025-10-26,lodo,compact,45,NestedSelect,32.78,34.66679000854492,1.8867900085449207
trial1_day12_plant4,trial1,12,4,2025-10-26,lodo,compact,45,NestedSelect,29.78,33.74530029296875,3.965300292968749
trial1_day12_plant5,trial1,12,5,2025-10-26,lodo,compact,45,NestedSelect,25.78,29.193279266357422,3.4132792663574207
trial1_day12_plant6,trial1,12,6,2025-10-26,lodo,compact,45,NestedSelect,21.78,29.193279266357422,7.413279266357421
trial1_day12_plant7,trial1,12,7,2025-10-26,lodo,compact,45,NestedSelect,26.78,30.869226455688477,4.089226455688475
trial1_day12_plant8,trial1,12,8,2025-10-26,lodo,compact,45,NestedSelect,26.78,30.89746856689453,4.11746856689453
trial1_day12_plant9,trial1,12,9,2025-10-26,lodo,compact,45,NestedSelect,27.78,31.221521377563477,3.4415213775634754
trial1_day12_plant10,trial1,12,10,2025-10-26,lodo,compact,45,NestedSelect,29.78,31.221521377563477,1.4415213775634754
trial1_day16_plant1,trial1,16,1,2025-10-30,lodo,compact,45,NestedSelect,40.78,86.34752655029297,45.56752655029297
trial1_day16_plant2,trial1,16,2,2025-10-30,lodo,compact,45,NestedSelect,45.78,86.6915283203125,40.9115283203125
trial1_day16_plant3,trial1,16,3,2025-10-30,lodo,compact,45,NestedSelect,49.78,89.69307708740234,39.91307708740234
trial1_day16_plant4,trial1,16,4,2025-10-30,lodo,compact,45,NestedSelect,50.78,87.28819274902344,36.508192749023436
trial1_day16_plant5,trial1,16,5,2025-10-30,lodo,compact,45,NestedSelect,36.78,84.12533569335938,47.345335693359374
trial1_day16_plant6,trial1,16,6,2025-10-30,lodo,compact,45,NestedSelect,35.78,83.32423400878906,47.54423400878906
trial1_day16_plant7,trial1,16,7,2025-10-30,lodo,compact,45,NestedSelect,40.78,81.61415100097656,40.83415100097656
trial1_day16_plant8,trial1,16,8,2025-10-30,lodo,compact,45,NestedSelect,42.78,85.03186798095703,42.25186798095703
trial1_day16_plant9,trial1,16,9,2025-10-30,lodo,compact,45,NestedSelect,41.78,82.69505310058594,40.915053100585936
trial1_day16_plant10,trial1,16,10,2025-10-30,lodo,compact,45,NestedSelect,44.78,86.32992553710938,41.549925537109374
trial1_day20_plant1,trial1,20,1,2025-11-03,lodo,compact,45,NestedSelect,78.78,43.95938491821289,34.82061508178711
trial1_day20_plant2,trial1,20,2,2025-11-03,lodo,compact,45,NestedSelect,89.78,44.83840560913086,44.94159439086914
trial1_day20_plant3,trial1,20,3,2025-11-03,lodo,compact,45,NestedSelect,93.78,49.04775619506836,44.73224380493164
trial1_day20_plant4,trial1,20,4,2025-11-03,lodo,compact,45,NestedSelect,91.78,47.76523208618164,44.01476791381836
trial1_day20_plant5,trial1,20,5,2025-11-03,lodo,compact,45,NestedSelect,65.78,39.742942810058594,26.037057189941407
trial1_day20_plant6,trial1,20,6,2025-11-03,lodo,compact,45,NestedSelect,69.78,40.28547668457031,29.49452331542969
trial1_day20_plant7,trial1,20,7,2025-11-03,lodo,compact,45,NestedSelect,76.78,41.22254180908203,35.55745819091797
trial1_day20_plant8,trial1,20,8,2025-11-03,lodo,compact,45,NestedSelect,78.78,41.55669403076172,37.22330596923828
trial1_day20_plant9,trial1,20,9,2025-11-03,lodo,compact,45,NestedSelect,83.78,41.7015495300293,42.078450469970704
trial1_day20_plant10,trial1,20,10,2025-11-03,lodo,compact,45,NestedSelect,82.78,43.934757232666016,38.845242767333986
trial1_day24_plant1,trial1,24,1,2025-11-07,lodo,compact,45,NestedSelect,135.78,117.10560607910156,18.67439392089844
trial1_day24_plant2,trial1,24,2,2025-11-07,lodo,compact,45,NestedSelect,153.78,133.3790283203125,20.4009716796875
trial1_day24_plant3,trial1,24,3,2025-11-07,lodo,compact,45,NestedSelect,157.78,122.72380828857422,35.05619171142578
trial1_day24_plant4,trial1,24,4,2025-11-07,lodo,compact,45,NestedSelect,140.78,129.40464782714844,11.375352172851564
trial1_day24_plant5,trial1,24,5,2025-11-07,lodo,compact,45,NestedSelect,123.78,132.00225830078125,8.222258300781249
trial1_day24_plant6,trial1,24,6,2025-11-07,lodo,compact,45,NestedSelect,125.78,123.79009246826172,1.9899075317382824
trial1_day24_plant7,trial1,24,7,2025-11-07,lodo,compact,45,NestedSelect,135.78,134.42832946777344,1.3516705322265636
trial1_day24_plant8,trial1,24,8,2025-11-07,lodo,compact,45,NestedSelect,137.78,124.21223449707031,13.567765502929689
trial1_day24_plant9,trial1,24,9,2025-11-07,lodo,compact,45,NestedSelect,152.78,128.71665954589844,24.063340454101564
trial1_day24_plant10,trial1,24,10,2025-11-07,lodo,compact,45,NestedSelect,141.78,120.72259521484375,21.05740478515625
trial1_day28_plant1,trial1,28,1,2025-11-11,lodo,compact,45,NestedSelect,213.78,134.9634246826172,78.81657531738281
trial1_day28_plant2,trial1,28,2,2025-11-11,lodo,compact,45,NestedSelect,217.78,136.11961364746094,81.66038635253906
trial1_day28_plant3,trial1,28,3,2025-11-11,lodo,compact,45,NestedSelect,232.78,134.86831665039062,97.91168334960938
trial1_day28_plant4,trial1,28,4,2025-11-11,lodo,compact,45,NestedSelect,220.78,134.1634979248047,86.61650207519531
trial1_day28_plant5,trial1,28,5,2025-11-11,lodo,compact,45,NestedSelect,185.78,128.7837677001953,56.99623229980469
trial1_day28_plant6,trial1,28,6,2025-11-11,lodo,compact,45,NestedSelect,195.78,134.63902282714844,61.140977172851564
trial1_day28_plant7,trial1,28,7,2025-11-11,lodo,compact,45,NestedSelect,218.78,127.99661254882812,90.78338745117188
trial1_day28_plant8,trial1,28,8,2025-11-11,lodo,compact,45,NestedSelect,214.78,134.59628295898438,80.18371704101563
trial1_day28_plant9,trial1,28,9,2025-11-11,lodo,compact,45,NestedSelect,222.78,140.71823120117188,82.06176879882813
trial1_day28_plant10,trial1,28,10,2025-11-11,lodo,compact,45,NestedSelect,220.78,143.42164611816406,77.35835388183594
trial1_day0_plant1,trial1,0,1,2025-10-14,lodo,compact,45,NestedSelect,4.48,13.411894798278809,8.931894798278808
trial1_day0_plant2,trial1,0,2,2025-10-14,lodo,compact,45,NestedSelect,4.880000000000003,13.411894798278809,8.531894798278806
trial1_day0_plant3,trial1,0,3,2025-10-14,lodo,compact,45,NestedSelect,6.580000000000002,14.322907447814941,7.74290744781494
trial1_day0_plant4,trial1,0,4,2025-10-14,lodo,compact,45,NestedSelect,4.080000000000002,13.982291221618652,9.90229122161865
trial1_day0_plant5,trial1,0,5,2025-10-14,lodo,compact,45,NestedSelect,4.98,12.172294616699219,7.192294616699218
trial1_day0_plant6,trial1,0,6,2025-10-14,lodo,compact,45,NestedSelect,3.8800000000000026,11.387578964233398,7.507578964233396
trial1_day0_plant7,trial1,0,7,2025-10-14,lodo,compact,45,NestedSelect,5.18,12.747238159179688,7.567238159179688
trial1_day0_plant8,trial1,0,8,2025-10-14,lodo,compact,45,NestedSelect,4.580000000000002,12.747238159179688,8.167238159179686
trial1_day0_plant9,trial1,0,9,2025-10-14,lodo,compact,45,NestedSelect,4.380000000000003,12.973806381225586,8.593806381225583
trial1_day0_plant10,trial1,0,10,2025-10-14,lodo,compact,45,NestedSelect,5.880000000000003,13.788805961608887,7.908805961608884
trial1_day4_plant1,trial1,4,1,2025-10-18,lodo,compact,45,NestedSelect,12.880000000000004,9.823498725891113,3.056501274108891
trial1_day4_plant2,trial1,4,2,2025-10-18,lodo,compact,45,NestedSelect,11.079999999999998,10.263538360595703,0.8164616394042952
trial1_day4_plant3,trial1,4,3,2025-10-18,lodo,compact,45,NestedSelect,16.880000000000003,10.670367240905762,6.209632759094241
trial1_day4_plant4,trial1,4,4,2025-10-18,lodo,compact,45,NestedSelect,13.980000000000004,10.11481761932373,3.8651823806762735
trial1_day4_plant5,trial1,4,5,2025-10-18,lodo,compact,45,NestedSelect,13.28,9.028460502624512,4.251539497375488
trial1_day4_plant6,trial1,4,6,2025-10-18,lodo,compact,45,NestedSelect,7.880000000000003,8.931994438171387,1.0519944381713842
trial1_day4_plant7,trial1,4,7,2025-10-18,lodo,compact,45,NestedSelect,13.980000000000004,9.539335250854492,4.440664749145512
trial1_day4_plant8,trial1,4,8,2025-10-18,lodo,compact,45,NestedSelect,11.28,9.619030952453613,1.660969047546386
trial1_day4_plant9,trial1,4,9,2025-10-18,lodo,compact,45,NestedSelect,11.68,9.777156829833984,1.9028431701660153
trial1_day4_plant10,trial1,4,10,2025-10-18,lodo,compact,45,NestedSelect,14.68,10.293961524963379,4.386038475036621
trial1_day8_plant1,trial1,8,1,2025-10-22,lodo,compact,45,NestedSelect,19.08,18.89808464050293,0.1819153594970686
trial1_day8_plant2,trial1,8,2,2025-10-22,lodo,compact,45,NestedSelect,18.18,18.264707565307617,0.08470756530761747
trial1_day8_plant3,trial1,8,3,2025-10-22,lodo,compact,45,NestedSelect,23.980000000000004,20.704206466674805,3.2757935333251993
trial1_day8_plant4,trial1,8,4,2025-10-22,lodo,compact,45,NestedSelect,20.78,19.847864151000977,0.9321358489990246
trial1_day8_plant5,trial1,8,5,2025-10-22,lodo,compact,45,NestedSelect,19.880000000000003,17.23602867126465,2.643971328735354
trial1_day8_plant6,trial1,8,6,2025-10-22,lodo,compact,45,NestedSelect,17.330000000000002,15.739052772521973,1.5909472274780292
trial1_day8_plant7,trial1,8,7,2025-10-22,lodo,compact,45,NestedSelect,20.980000000000004,17.79698944091797,3.1830105590820352
trial1_day8_plant8,trial1,8,8,2025-10-22,lodo,compact,45,NestedSelect,18.380000000000003,17.57211685180664,0.8078831481933619
trial1_day8_plant9,trial1,8,9,2025-10-22,lodo,compact,45,NestedSelect,21.58,17.848880767822266,3.7311192321777327
trial1_day12_plant1,trial1,12,1,2025-10-26,lodo,compact,45,NestedSelect,26.78,24.616205184523604,2.163794815476397
trial1_day12_plant2,trial1,12,2,2025-10-26,lodo,compact,45,NestedSelect,27.78,24.616205184523604,3.163794815476397
trial1_day12_plant3,trial1,12,3,2025-10-26,lodo,compact,45,NestedSelect,32.78,24.616205184523604,8.163794815476397
trial1_day12_plant4,trial1,12,4,2025-10-26,lodo,compact,45,NestedSelect,29.78,24.616205184523604,5.163794815476397
trial1_day12_plant5,trial1,12,5,2025-10-26,lodo,compact,45,NestedSelect,25.78,24.616205184523604,1.1637948154763968
trial1_day12_plant6,trial1,12,6,2025-10-26,lodo,compact,45,NestedSelect,21.78,24.616205184523604,2.836205184523603
trial1_day12_plant7,trial1,12,7,2025-10-26,lodo,compact,45,NestedSelect,26.78,23.96954881691066,2.8104511830893415
trial1_day12_plant8,trial1,12,8,2025-10-26,lodo,compact,45,NestedSelect,26.78,24.616205184523604,2.163794815476397
trial1_day12_plant9,trial1,12,9,2025-10-26,lodo,compact,45,NestedSelect,27.78,24.616205184523604,3.163794815476397
trial1_day12_plant10,trial1,12,10,2025-10-26,lodo,compact,45,NestedSelect,29.78,24.616205184523604,5.163794815476397
trial1_day16_plant1,trial1,16,1,2025-10-30,lodo,compact,45,NestedSelect,40.78,56.09716796875,15.317167968749999
trial1_day16_plant2,trial1,16,2,2025-10-30,lodo,compact,45,NestedSelect,45.78,56.486595153808594,10.706595153808593
trial1_day16_plant3,trial1,16,3,2025-10-30,lodo,compact,45,NestedSelect,49.78,62.931800842285156,13.151800842285155
trial1_day16_plant4,trial1,16,4,2025-10-30,lodo,compact,45,NestedSelect,50.78,58.753204345703125,7.973204345703124
trial1_day16_plant5,trial1,16,5,2025-10-30,lodo,compact,45,NestedSelect,36.78,53.76076889038086,16.98076889038086
trial1_day16_plant6,trial1,16,6,2025-10-30,lodo,compact,45,NestedSelect,35.78,46.88124465942383,11.101244659423827
trial1_day16_plant7,trial1,16,7,2025-10-30,lodo,compact,45,NestedSelect,40.78,53.78955078125,13.009550781249999
trial1_day16_plant8,trial1,16,8,2025-10-30,lodo,compact,45,NestedSelect,42.78,53.721248626708984,10.941248626708983
trial1_day16_plant9,trial1,16,9,2025-10-30,lodo,compact,45,NestedSelect,41.78,52.45293045043945,10.672930450439452
trial1_day16_plant10,trial1,16,10,2025-10-30,lodo,compact,45,NestedSelect,44.78,58.67180252075195,13.891802520751952
trial1_day20_plant1,trial1,20,1,2025-11-03,lodo,compact,45,NestedSelect,78.78,41.68431091308594,37.095689086914064
trial1_day20_plant2,trial1,20,2,2025-11-03,lodo,compact,45,NestedSelect,89.78,46.317691802978516,43.462308197021486
trial1_day20_plant3,trial1,20,3,2025-11-03,lodo,compact,45,NestedSelect,93.78,49.17072677612305,44.609273223876954
trial1_day20_plant4,trial1,20,4,2025-11-03,lodo,compact,45,NestedSelect,91.78,48.594818115234375,43.185181884765626
trial1_day20_plant5,trial1,20,5,2025-11-03,lodo,compact,45,NestedSelect,65.78,37.31804656982422,28.461953430175782
trial1_day20_plant6,trial1,20,6,2025-11-03,lodo,compact,45,NestedSelect,69.78,36.2911491394043,33.488850860595704
trial1_day20_plant7,trial1,20,7,2025-11-03,lodo,compact,45,NestedSelect,76.78,40.42266845703125,36.35733154296875
trial1_day20_plant8,trial1,20,8,2025-11-03,lodo,compact,45,NestedSelect,78.78,41.953033447265625,36.826966552734376
trial1_day20_plant9,trial1,20,9,2025-11-03,lodo,compact,45,NestedSelect,83.78,41.45718002319336,42.32281997680664
trial1_day20_plant10,trial1,20,10,2025-11-03,lodo,compact,45,NestedSelect,82.78,43.61294937133789,39.16705062866211
trial1_day24_plant1,trial1,24,1,2025-11-07,lodo,compact,45,NestedSelect,135.78,269.6400369627192,133.8600369627192
trial1_day24_plant2,trial1,24,2,2025-11-07,lodo,compact,45,NestedSelect,153.78,272.01412724807034,118.23412724807034
trial1_day24_plant3,trial1,24,3,2025-11-07,lodo,compact,45,NestedSelect,157.78,262.38398330626967,104.60398330626967
trial1_day24_plant4,trial1,24,4,2025-11-07,lodo,compact,45,NestedSelect,140.78,271.72437996677235,130.94437996677235
trial1_day24_plant5,trial1,24,5,2025-11-07,lodo,compact,45,NestedSelect,123.78,272.5938560248323,148.8138560248323
trial1_day24_plant6,trial1,24,6,2025-11-07,lodo,compact,45,NestedSelect,125.78,270.8534090495291,145.0734090495291
trial1_day24_plant7,trial1,24,7,2025-11-07,lodo,compact,45,NestedSelect,135.78,273.60809900449925,137.82809900449925
trial1_day24_plant8,trial1,24,8,2025-11-07,lodo,compact,45,NestedSelect,137.78,271.00071185944654,133.22071185944654
trial1_day24_plant9,trial1,24,9,2025-11-07,lodo,compact,45,NestedSelect,152.78,272.39353590968574,119.61353590968574
trial1_day24_plant10,trial1,24,10,2025-11-07,lodo,compact,45,NestedSelect,141.78,262.38398330626967,120.60398330626967
trial1_day28_plant1,trial1,28,1,2025-11-11,lodo,compact,45,NestedSelect,213.78,135.09772367675083,78.68227632324917
trial1_day28_plant2,trial1,28,2,2025-11-11,lodo,compact,45,NestedSelect,217.78,134.93203730854097,82.84796269145903
trial1_day28_plant3,trial1,28,3,2025-11-11,lodo,compact,45,NestedSelect,232.78,134.9667108790006,97.8132891209994
trial1_day28_plant4,trial1,28,4,2025-11-11,lodo,compact,45,NestedSelect,220.78,135.40691657401743,85.37308342598257
trial1_day28_plant5,trial1,28,5,2025-11-11,lodo,compact,45,NestedSelect,185.78,135.59105247138626,50.18894752861374
trial1_day28_plant6,trial1,28,6,2025-11-11,lodo,compact,45,NestedSelect,195.78,135.67759020890261,60.10240979109739
trial1_day28_plant7,trial1,28,7,2025-11-11,lodo,compact,45,NestedSelect,218.78,136.0790673785628,82.7009326214372
trial1_day28_plant8,trial1,28,8,2025-11-11,lodo,compact,45,NestedSelect,214.78,135.77719953979135,79.00280046020865
trial1_day28_plant9,trial1,28,9,2025-11-11,lodo,compact,45,NestedSelect,222.78,135.1677789507334,87.6122210492666
trial1_day28_plant10,trial1,28,10,2025-11-11,lodo,compact,45,NestedSelect,220.78,135.63157869615887,85.14842130384113
trial1_day0_plant1,trial1,0,1,2025-10-14,lodo,lin_phy,46,NestedSelect,4.48,29.309535685684203,24.829535685684203
trial1_day0_plant2,trial1,0,2,2025-10-14,lodo,lin_phy,46,NestedSelect,4.880000000000003,29.078497291619307,24.198497291619304
trial1_day0_plant3,trial1,0,3,2025-10-14,lodo,lin_phy,46,NestedSelect,6.580000000000002,28.847458897554418,22.267458897554416
trial1_day0_plant4,trial1,0,4,2025-10-14,lodo,lin_phy,46,NestedSelect,4.080000000000002,28.616420503489522,24.53642050348952
trial1_day0_plant5,trial1,0,5,2025-10-14,lodo,lin_phy,46,NestedSelect,4.98,28.385382109424633,23.405382109424632
trial1_day0_plant6,trial1,0,6,2025-10-14,lodo,lin_phy,46,NestedSelect,3.8800000000000026,28.154343715359744,24.27434371535974
trial1_day0_plant7,trial1,0,7,2025-10-14,lodo,lin_phy,46,NestedSelect,5.18,27.923305321294848,22.743305321294848
trial1_day0_plant8,trial1,0,8,2025-10-14,lodo,lin_phy,46,NestedSelect,4.580000000000002,27.69226692722995,23.11226692722995
trial1_day0_plant9,trial1,0,9,2025-10-14,lodo,lin_phy,46,NestedSelect,4.380000000000003,27.461228533165063,23.08122853316506
trial1_day0_plant10,trial1,0,10,2025-10-14,lodo,lin_phy,46,NestedSelect,5.880000000000003,27.23019013910018,21.350190139100178
trial1_day4_plant1,trial1,4,1,2025-10-18,lodo,lin_phy,46,NestedSelect,12.880000000000004,54.59496933790291,41.71496933790291
trial1_day4_plant2,trial1,4,2,2025-10-18,lodo,lin_phy,46,NestedSelect,11.079999999999998,55.62970855760217,44.54970855760217
trial1_day4_plant3,trial1,4,3,2025-10-18,lodo,lin_phy,46,NestedSelect,16.880000000000003,54.13855998749512,37.25855998749512
trial1_day4_plant4,trial1,4,4,2025-10-18,lodo,lin_phy,46,NestedSelect,13.980000000000004,53.91035531229123,39.930355312291226
trial1_day4_plant5,trial1,4,5,2025-10-18,lodo,lin_phy,46,NestedSelect,13.28,53.68215063708733,40.40215063708733
trial1_day4_plant6,trial1,4,6,2025-10-18,lodo,lin_phy,46,NestedSelect,7.880000000000003,53.453945961883434,45.57394596188343
trial1_day4_plant7,trial1,4,7,2025-10-18,lodo,lin_phy,46,NestedSelect,13.980000000000004,53.225741286679536,39.24574128667953
trial1_day4_plant8,trial1,4,8,2025-10-18,lodo,lin_phy,46,NestedSelect,11.28,56.262718949130445,44.982718949130444
trial1_day4_plant9,trial1,4,9,2025-10-18,lodo,lin_phy,46,NestedSelect,11.68,52.76933193627175,41.08933193627175
trial1_day4_plant10,trial1,4,10,2025-10-18,lodo,lin_phy,46,NestedSelect,14.68,52.54112726106786,37.86112726106786
trial1_day8_plant1,trial1,8,1,2025-10-22,lodo,lin_phy,46,NestedSelect,19.08,21.388986587524414,2.3089865875244158
trial1_day8_plant2,trial1,8,2,2025-10-22,lodo,lin_phy,46,NestedSelect,18.18,21.003578186035156,2.8235781860351565
trial1_day8_plant3,trial1,8,3,2025-10-22,lodo,lin_phy,46,NestedSelect,23.980000000000004,22.13070297241211,1.8492970275878946
trial1_day8_plant4,trial1,8,4,2025-10-22,lodo,lin_phy,46,NestedSelect,20.78,21.45333480834961,0.6733348083496082
trial1_day8_plant5,trial1,8,5,2025-10-22,lodo,lin_phy,46,NestedSelect,19.880000000000003,16.46320152282715,3.416798477172854
trial1_day8_plant6,trial1,8,6,2025-10-22,lodo,lin_phy,46,NestedSelect,17.330000000000002,15.320927619934082,2.00907238006592
trial1_day8_plant7,trial1,8,7,2025-10-22,lodo,lin_phy,46,NestedSelect,20.980000000000004,18.9460391998291,2.0339608001709024
trial1_day8_plant8,trial1,8,8,2025-10-22,lodo,lin_phy,46,NestedSelect,18.380000000000003,19.0946102142334,0.7146102142333959
trial1_day8_plant9,trial1,8,9,2025-10-22,lodo,lin_phy,46,NestedSelect,21.58,19.849702835083008,1.7302971649169905
trial1_day12_plant1,trial1,12,1,2025-10-26,lodo,lin_phy,46,NestedSelect,26.78,20.020109176635742,6.759890823364259
trial1_day12_plant2,trial1,12,2,2025-10-26,lodo,lin_phy,46,NestedSelect,27.78,21.59037971496582,6.189620285034181
trial1_day12_plant3,trial1,12,3,2025-10-26,lodo,lin_phy,46,NestedSelect,32.78,22.83444595336914,9.94555404663086
trial1_day12_plant4,trial1,12,4,2025-10-26,lodo,lin_phy,46,NestedSelect,29.78,21.153778076171875,8.626221923828126
trial1_day12_plant5,trial1,12,5,2025-10-26,lodo,lin_phy,46,NestedSelect,25.78,16.972471237182617,8.807528762817384
trial1_day12_plant6,trial1,12,6,2025-10-26,lodo,lin_phy,46,NestedSelect,21.78,16.972471237182617,4.807528762817384
trial1_day12_plant7,trial1,12,7,2025-10-26,lodo,lin_phy,46,NestedSelect,26.78,18.305397033691406,8.474602966308595
trial1_day12_plant8,trial1,12,8,2025-10-26,lodo,lin_phy,46,NestedSelect,26.78,18.61043357849121,8.16956642150879
trial1_day12_plant9,trial1,12,9,2025-10-26,lodo,lin_phy,46,NestedSelect,27.78,19.31731414794922,8.462685852050782
trial1_day12_plant10,trial1,12,10,2025-10-26,lodo,lin_phy,46,NestedSelect,29.78,19.31731414794922,10.462685852050782
trial1_day16_plant1,trial1,16,1,2025-10-30,lodo,lin_phy,46,NestedSelect,40.78,29.276945114135742,11.503054885864259
trial1_day16_plant2,trial1,16,2,2025-10-30,lodo,lin_phy,46,NestedSelect,45.78,29.454374313354492,16.32562568664551
trial1_day16_plant3,trial1,16,3,2025-10-30,lodo,lin_phy,46,NestedSelect,49.78,31.238800048828125,18.541199951171876
trial1_day16_plant4,trial1,16,4,2025-10-30,lodo,lin_phy,46,NestedSelect,50.78,29.313547134399414,21.466452865600587
trial1_day16_plant5,trial1,16,5,2025-10-30,lodo,lin_phy,46,NestedSelect,36.78,26.653961181640625,10.126038818359376
trial1_day16_plant6,trial1,16,6,2025-10-30,lodo,lin_phy,46,NestedSelect,35.78,26.653961181640625,9.126038818359376
trial1_day16_plant7,trial1,16,7,2025-10-30,lodo,lin_phy,46,NestedSelect,40.78,27.915294647216797,12.864705352783204
trial1_day16_plant8,trial1,16,8,2025-10-30,lodo,lin_phy,46,NestedSelect,42.78,28.044076919555664,14.735923080444337
trial1_day16_plant9,trial1,16,9,2025-10-30,lodo,lin_phy,46,NestedSelect,41.78,29.095951080322266,12.684048919677736
trial1_day16_plant10,trial1,16,10,2025-10-30,lodo,lin_phy,46,NestedSelect,44.78,28.61439323425293,16.16560676574707
trial1_day20_plant1,trial1,20,1,2025-11-03,lodo,lin_phy,46,NestedSelect,78.78,65.85784912109375,12.922150878906251
trial1_day20_plant2,trial1,20,2,2025-11-03,lodo,lin_phy,46,NestedSelect,89.78,69.45225524902344,20.327744750976564
trial1_day20_plant3,trial1,20,3,2025-11-03,lodo,lin_phy,46,NestedSelect,93.78,72.63020324707031,21.14979675292969
trial1_day20_plant4,trial1,20,4,2025-11-03,lodo,lin_phy,46,NestedSelect,91.78,72.4967269897461,19.283273010253907
trial1_day20_plant5,trial1,20,5,2025-11-03,lodo,lin_phy,46,NestedSelect,65.78,59.988189697265625,5.791810302734376
trial1_day20_plant6,trial1,20,6,2025-11-03,lodo,lin_phy,46,NestedSelect,69.78,61.90952682495117,7.870473175048829
trial1_day20_plant7,trial1,20,7,2025-11-03,lodo,lin_phy,46,NestedSelect,76.78,63.68772888183594,13.092271118164064
trial1_day20_plant8,trial1,20,8,2025-11-03,lodo,lin_phy,46,NestedSelect,78.78,67.38187408447266,11.398125915527345
trial1_day20_plant9,trial1,20,9,2025-11-03,lodo,lin_phy,46,NestedSelect,83.78,64.63111877441406,19.14888122558594
trial1_day20_plant10,trial1,20,10,2025-11-03,lodo,lin_phy,46,NestedSelect,82.78,68.63777160644531,14.142228393554689
trial1_day24_plant1,trial1,24,1,2025-11-07,lodo,lin_phy,46,NestedSelect,135.78,70.56383514404297,65.21616485595703
trial1_day24_plant2,trial1,24,2,2025-11-07,lodo,lin_phy,46,NestedSelect,153.78,82.82657623291016,70.95342376708984
trial1_day24_plant3,trial1,24,3,2025-11-07,lodo,lin_phy,46,NestedSelect,157.78,74.18453979492188,83.59546020507813
trial1_day24_plant4,trial1,24,4,2025-11-07,lodo,lin_phy,46,NestedSelect,140.78,81.07333374023438,59.706666259765626
trial1_day24_plant5,trial1,24,5,2025-11-07,lodo,lin_phy,46,NestedSelect,123.78,81.94750213623047,41.83249786376953
trial1_day24_plant6,trial1,24,6,2025-11-07,lodo,lin_phy,46,NestedSelect,125.78,75.3738021850586,50.40619781494141
trial1_day24_plant7,trial1,24,7,2025-11-07,lodo,lin_phy,46,NestedSelect,135.78,84.22706604003906,51.55293395996094
trial1_day24_plant8,trial1,24,8,2025-11-07,lodo,lin_phy,46,NestedSelect,137.78,77.22245788574219,60.557542114257814
trial1_day24_plant9,trial1,24,9,2025-11-07,lodo,lin_phy,46,NestedSelect,152.78,80.9344253540039,71.8455746459961
trial1_day24_plant10,trial1,24,10,2025-11-07,lodo,lin_phy,46,NestedSelect,141.78,72.29710388183594,69.48289611816406
trial1_day28_plant1,trial1,28,1,2025-11-11,lodo,lin_phy,46,NestedSelect,213.78,128.80755615234375,84.97244384765625
trial1_day28_plant2,trial1,28,2,2025-11-11,lodo,lin_phy,46,NestedSelect,217.78,130.0509490966797,87.72905090332031
trial1_day28_plant3,trial1,28,3,2025-11-11,lodo,lin_phy,46,NestedSelect,232.78,129.78492736816406,102.99507263183594
trial1_day28_plant4,trial1,28,4,2025-11-11,lodo,lin_phy,46,NestedSelect,220.78,128.7143096923828,92.06569030761719
trial1_day28_plant5,trial1,28,5,2025-11-11,lodo,lin_phy,46,NestedSelect,185.78,124.43467712402344,61.345322875976564
trial1_day28_plant6,trial1,28,6,2025-11-11,lodo,lin_phy,46,NestedSelect,195.78,130.8960418701172,64.88395812988281
trial1_day28_plant7,trial1,28,7,2025-11-11,lodo,lin_phy,46,NestedSelect,218.78,123.57183837890625,95.20816162109375
trial1_day28_plant8,trial1,28,8,2025-11-11,lodo,lin_phy,46,NestedSelect,214.78,130.70262145996094,84.07737854003906
trial1_day28_plant9,trial1,28,9,2025-11-11,lodo,lin_phy,46,NestedSelect,222.78,137.188720703125,85.591279296875
trial1_day28_plant10,trial1,28,10,2025-11-11,lodo,lin_phy,46,NestedSelect,220.78,139.0563201904297,81.72367980957031
trial1_day0_plant1,trial1,0,1,2025-10-14,lodo,lin_phy,46,NestedSelect,4.48,7.153735326745475,2.673735326745475
trial1_day0_plant2,trial1,0,2,2025-10-14,lodo,lin_phy,46,NestedSelect,4.880000000000003,7.153735326745475,2.2737353267454727
trial1_day0_plant3,trial1,0,3,2025-10-14,lodo,lin_phy,46,NestedSelect,6.580000000000002,7.153735326745475,0.5737353267454735
trial1_day0_plant4,trial1,0,4,2025-10-14,lodo,lin_phy,46,NestedSelect,4.080000000000002,7.153735326745475,3.0737353267454735
trial1_day0_plant5,trial1,0,5,2025-10-14,lodo,lin_phy,46,NestedSelect,4.98,7.153735326745475,2.173735326745475
trial1_day0_plant6,trial1,0,6,2025-10-14,lodo,lin_phy,46,NestedSelect,3.8800000000000026,7.153735326745475,3.2737353267454727
trial1_day0_plant7,trial1,0,7,2025-10-14,lodo,lin_phy,46,NestedSelect,5.18,7.153735326745475,1.9737353267454756
trial1_day0_plant8,trial1,0,8,2025-10-14,lodo,lin_phy,46,NestedSelect,4.580000000000002,7.153735326745475,2.5737353267454735
trial1_day0_plant9,trial1,0,9,2025-10-14,lodo,lin_phy,46,NestedSelect,4.380000000000003,7.153735326745475,2.7737353267454727
trial1_day0_plant10,trial1,0,10,2025-10-14,lodo,lin_phy,46,NestedSelect,5.880000000000003,7.153735326745475,1.2737353267454727
trial1_day4_plant1,trial1,4,1,2025-10-18,lodo,lin_phy,46,NestedSelect,12.880000000000004,11.112207893445012,1.7677921065549924
trial1_day4_plant2,trial1,4,2,2025-10-18,lodo,lin_phy,46,NestedSelect,11.079999999999998,11.662366375646519,0.5823663756465205
trial1_day4_plant3,trial1,4,3,2025-10-18,lodo,lin_phy,46,NestedSelect,16.880000000000003,11.112207893445012,5.767792106554991
trial1_day4_plant4,trial1,4,4,2025-10-18,lodo,lin_phy,46,NestedSelect,13.980000000000004,11.112207893445012,2.867792106554992
trial1_day4_plant5,trial1,4,5,2025-10-18,lodo,lin_phy,46,NestedSelect,13.28,11.112207893445012,2.1677921065549874
trial1_day4_plant6,trial1,4,6,2025-10-18,lodo,lin_phy,46,NestedSelect,7.880000000000003,11.112207893445012,3.2322078934450094
trial1_day4_plant7,trial1,4,7,2025-10-18,lodo,lin_phy,46,NestedSelect,13.980000000000004,11.112207893445012,2.867792106554992
trial1_day4_plant8,trial1,4,8,2025-10-18,lodo,lin_phy,46,NestedSelect,11.28,11.494299171102252,0.21429917110225283
trial1_day4_plant9,trial1,4,9,2025-10-18,lodo,lin_phy,46,NestedSelect,11.68,11.112207893445012,0.5677921065549878
trial1_day4_plant10,trial1,4,10,2025-10-18,lodo,lin_phy,46,NestedSelect,14.68,11.112207893445012,3.567792106554988
trial1_day8_plant1,trial1,8,1,2025-10-22,lodo,lin_phy,46,NestedSelect,19.08,26.979175808585023,7.899175808585024
trial1_day8_plant2,trial1,8,2,2025-10-22,lodo,lin_phy,46,NestedSelect,18.18,26.995294314170284,8.815294314170284
trial1_day8_plant3,trial1,8,3,2025-10-22,lodo,lin_phy,46,NestedSelect,23.980000000000004,27.5870257787539,3.607025778753897
trial1_day8_plant4,trial1,8,4,2025-10-22,lodo,lin_phy,46,NestedSelect,20.78,27.5870257787539,6.8070257787539
trial1_day8_plant5,trial1,8,5,2025-10-22,lodo,lin_phy,46,NestedSelect,19.880000000000003,27.5870257787539,7.7070257787538985
trial1_day8_plant6,trial1,8,6,2025-10-22,lodo,lin_phy,46,NestedSelect,17.330000000000002,27.001650555562453,9.67165055556245
trial1_day8_plant7,trial1,8,7,2025-10-22,lodo,lin_phy,46,NestedSelect,20.980000000000004,26.966837120027204,5.9868371200272
trial1_day8_plant8,trial1,8,8,2025-10-22,lodo,lin_phy,46,NestedSelect,18.380000000000003,27.00968168299987,8.629681682999866
trial1_day8_plant9,trial1,8,9,2025-10-22,lodo,lin_phy,46,NestedSelect,21.58,26.954136493320256,5.374136493320258
trial1_day12_plant1,trial1,12,1,2025-10-26,lodo,lin_phy,46,NestedSelect,26.78,23.334780017301185,3.4452199826988164
trial1_day12_plant2,trial1,12,2,2025-10-26,lodo,lin_phy,46,NestedSelect,27.78,23.334780017301185,4.445219982698816
trial1_day12_plant3,trial1,12,3,2025-10-26,lodo,lin_phy,46,NestedSelect,32.78,23.334780017301185,9.445219982698816
trial1_day12_plant4,trial1,12,4,2025-10-26,lodo,lin_phy,46,NestedSelect,29.78,23.334780017301185,6.445219982698816
trial1_day12_plant5,trial1,12,5,2025-10-26,lodo,lin_phy,46,NestedSelect,25.78,23.334780017301185,2.4452199826988164
trial1_day12_plant6,trial1,12,6,2025-10-26,lodo,lin_phy,46,NestedSelect,21.78,23.334780017301185,1.5547800173011836
trial1_day12_plant7,trial1,12,7,2025-10-26,lodo,lin_phy,46,NestedSelect,26.78,22.45105608039085,4.328943919609152
trial1_day12_plant8,trial1,12,8,2025-10-26,lodo,lin_phy,46,NestedSelect,26.78,23.334780017301185,3.4452199826988164
trial1_day12_plant9,trial1,12,9,2025-10-26,lodo,lin_phy,46,NestedSelect,27.78,23.334780017301185,4.445219982698816
trial1_day12_plant10,trial1,12,10,2025-10-26,lodo,lin_phy,46,NestedSelect,29.78,23.334780017301185,6.445219982698816
trial1_day16_plant1,trial1,16,1,2025-10-30,lodo,lin_phy,46,NestedSelect,40.78,42.62096442928388,1.8409644292838792
trial1_day16_plant2,trial1,16,2,2025-10-30,lodo,lin_phy,46,NestedSelect,45.78,42.62096442928388,3.159035570716121
trial1_day16_plant3,trial1,16,3,2025-10-30,lodo,lin_phy,46,NestedSelect,49.78,42.62096442928388,7.159035570716121
trial1_day16_plant4,trial1,16,4,2025-10-30,lodo,lin_phy,46,NestedSelect,50.78,42.62096442928388,8.15903557071612
trial1_day16_plant5,trial1,16,5,2025-10-30,lodo,lin_phy,46,NestedSelect,36.78,42.62096442928388,5.840964429283879
trial1_day16_plant6,trial1,16,6,2025-10-30,lodo,lin_phy,46,NestedSelect,35.78,42.62096442928388,6.840964429283879
trial1_day16_plant7,trial1,16,7,2025-10-30,lodo,lin_phy,46,NestedSelect,40.78,42.06603065338992,1.286030653389922
trial1_day16_plant8,trial1,16,8,2025-10-30,lodo,lin_phy,46,NestedSelect,42.78,42.62096442928388,0.15903557071612084
trial1_day16_plant9,trial1,16,9,2025-10-30,lodo,lin_phy,46,NestedSelect,41.78,42.09596850424116,0.3159685042411624
trial1_day16_plant10,trial1,16,10,2025-10-30,lodo,lin_phy,46,NestedSelect,44.78,42.62096442928388,2.159035570716121
trial1_day20_plant1,trial1,20,1,2025-11-03,lodo,lin_phy,46,NestedSelect,78.78,92.62487109247931,13.844871092479309
trial1_day20_plant2,trial1,20,2,2025-11-03,lodo,lin_phy,46,NestedSelect,89.78,91.59858890654237,1.8185889065423737
trial1_day20_plant3,trial1,20,3,2025-11-03,lodo,lin_phy,46,NestedSelect,93.78,89.0255093393757,4.754490660624299
trial1_day20_plant4,trial1,20,4,2025-11-03,lodo,lin_phy,46,NestedSelect,91.78,92.47374578015769,0.6937457801576841
trial1_day20_plant5,trial1,20,5,2025-11-03,lodo,lin_phy,46,NestedSelect,65.78,92.46745418871497,26.687454188714966
trial1_day20_plant6,trial1,20,6,2025-11-03,lodo,lin_phy,46,NestedSelect,69.78,93.06546736515843,23.285467365158425
trial1_day20_plant7,trial1,20,7,2025-11-03,lodo,lin_phy,46,NestedSelect,76.78,95.08392084482645,18.30392084482645
trial1_day20_plant8,trial1,20,8,2025-11-03,lodo,lin_phy,46,NestedSelect,78.78,95.39697148070537,16.616971480705374
trial1_day20_plant9,trial1,20,9,2025-11-03,lodo,lin_phy,46,NestedSelect,83.78,95.02303788370814,11.24303788370814
trial1_day20_plant10,trial1,20,10,2025-11-03,lodo,lin_phy,46,NestedSelect,82.78,96.65338123683969,13.873381236839691
trial1_day24_plant1,trial1,24,1,2025-11-07,lodo,lin_phy,46,NestedSelect,135.78,155.34478907682018,19.564789076820176
trial1_day24_plant2,trial1,24,2,2025-11-07,lodo,lin_phy,46,NestedSelect,153.78,156.82303038968013,3.0430303896801263
trial1_day24_plant3,trial1,24,3,2025-11-07,lodo,lin_phy,46,NestedSelect,157.78,150.63149969057957,7.148500309420427
trial1_day24_plant4,trial1,24,4,2025-11-07,lodo,lin_phy,46,NestedSelect,140.78,157.06514867359925,16.285148673599252
trial1_day24_plant5,trial1,24,5,2025-11-07,lodo,lin_phy,46,NestedSelect,123.78,158.05700067602635,34.27700067602635
trial1_day24_plant6,trial1,24,6,2025-11-07,lodo,lin_phy,46,NestedSelect,125.78,155.89576224118812,30.115762241188122
trial1_day24_plant7,trial1,24,7,2025-11-07,lodo,lin_phy,46,NestedSelect,135.78,158.19937565744365,22.419375657443652
trial1_day24_plant8,trial1,24,8,2025-11-07,lodo,lin_phy,46,NestedSelect,137.78,156.18460084923865,18.404600849238648
trial1_day24_plant9,trial1,24,9,2025-11-07,lodo,lin_phy,46,NestedSelect,152.78,157.43564409311875,4.655644093118752
trial1_day24_plant10,trial1,24,10,2025-11-07,lodo,lin_phy,46,NestedSelect,141.78,150.63149969057957,8.851499690579573
trial1_day28_plant1,trial1,28,1,2025-11-11,lodo,lin_phy,46,NestedSelect,213.78,181.05093532631713,32.72906467368287
trial1_day28_plant2,trial1,28,2,2025-11-11,lodo,lin_phy,46,NestedSelect,217.78,180.45715513702112,37.32284486297888
trial1_day28_plant3,trial1,28,3,2025-11-11,lodo,lin_phy,46,NestedSelect,232.78,179.79204311943008,52.987956880569925
trial1_day28_plant4,trial1,28,4,2025-11-11,lodo,lin_phy,46,NestedSelect,220.78,181.42664442114267,39.35335557885733
trial1_day28_plant5,trial1,28,5,2025-11-11,lodo,lin_phy,46,NestedSelect,185.78,180.69558652233593,5.0844134776640715
trial1_day28_plant6,trial1,28,6,2025-11-11,lodo,lin_phy,46,NestedSelect,195.78,182.6317781937501,13.148221806249893
trial1_day28_plant7,trial1,28,7,2025-11-11,lodo,lin_phy,46,NestedSelect,218.78,183.68240491769808,35.09759508230192
trial1_day28_plant8,trial1,28,8,2025-11-11,lodo,lin_phy,46,NestedSelect,214.78,182.87920770052165,31.900792299478354
trial1_day28_plant9,trial1,28,9,2025-11-11,lodo,lin_phy,46,NestedSelect,222.78,181.84293288103194,40.93706711896806
trial1_day28_plant10,trial1,28,10,2025-11-11,lodo,lin_phy,46,NestedSelect,220.78,183.37158211651845,37.40841788348155
trial1_day0_plant1,trial1,0,1,2025-10-14,lodo,canopy,46,NestedSelect,4.48,15.35265064239502,10.872650642395019
trial1_day0_plant2,trial1,0,2,2025-10-14,lodo,canopy,46,NestedSelect,4.880000000000003,16.431194305419922,11.55119430541992
trial1_day0_plant3,trial1,0,3,2025-10-14,lodo,canopy,46,NestedSelect,6.580000000000002,17.95658302307129,11.376583023071287
trial1_day0_plant4,trial1,0,4,2025-10-14,lodo,canopy,46,NestedSelect,4.080000000000002,17.082887649536133,13.002887649536131
trial1_day0_plant5,trial1,0,5,2025-10-14,lodo,canopy,46,NestedSelect,4.98,12.038501739501953,7.058501739501953
trial1_day0_plant6,trial1,0,6,2025-10-14,lodo,canopy,46,NestedSelect,3.8800000000000026,12.038501739501953,8.15850173950195
trial1_day0_plant7,trial1,0,7,2025-10-14,lodo,canopy,46,NestedSelect,5.18,14.053936958312988,8.873936958312989
trial1_day0_plant8,trial1,0,8,2025-10-14,lodo,canopy,46,NestedSelect,4.580000000000002,14.197744369506836,9.617744369506834
trial1_day0_plant9,trial1,0,9,2025-10-14,lodo,canopy,46,NestedSelect,4.380000000000003,14.561295509338379,10.181295509338376
trial1_day0_plant10,trial1,0,10,2025-10-14,lodo,canopy,46,NestedSelect,5.880000000000003,15.111971855163574,9.231971855163572
trial1_day4_plant1,trial1,4,1,2025-10-18,lodo,canopy,46,NestedSelect,12.880000000000004,7.322141170501709,5.557858829498295
trial1_day4_plant2,trial1,4,2,2025-10-18,lodo,canopy,46,NestedSelect,11.079999999999998,11.418756484985352,0.33875648498535327
trial1_day4_plant3,trial1,4,3,2025-10-18,lodo,canopy,46,NestedSelect,16.880000000000003,9.614883422851562,7.26511657714844
trial1_day4_plant4,trial1,4,4,2025-10-18,lodo,canopy,46,NestedSelect,13.980000000000004,8.575945854187012,5.404054145812992
trial1_day4_plant5,trial1,4,5,2025-10-18,lodo,canopy,46,NestedSelect,13.28,4.802157402038574,8.477842597961425
trial1_day4_plant6,trial1,4,6,2025-10-18,lodo,canopy,46,NestedSelect,7.880000000000003,4.802157402038574,3.0778425979614283
trial1_day4_plant7,trial1,4,7,2025-10-18,lodo,canopy,46,NestedSelect,13.980000000000004,6.231292724609375,7.748707275390629
trial1_day4_plant8,trial1,4,8,2025-10-18,lodo,canopy,46,NestedSelect,11.28,9.047547340393066,2.232452659606933
trial1_day4_plant9,trial1,4,9,2025-10-18,lodo,canopy,46,NestedSelect,11.68,7.058038711547852,4.621961288452148
trial1_day4_plant10,trial1,4,10,2025-10-18,lodo,canopy,46,NestedSelect,14.68,7.2087602615356445,7.471239738464355
trial1_day8_plant1,trial1,8,1,2025-10-22,lodo,canopy,46,NestedSelect,19.08,17.269371032714844,1.8106289672851545
trial1_day8_plant2,trial1,8,2,2025-10-22,lodo,canopy,46,NestedSelect,18.18,17.258974075317383,0.9210259246826169
trial1_day8_plant3,trial1,8,3,2025-10-22,lodo,canopy,46,NestedSelect,23.980000000000004,18.666738510131836,5.313261489868168
trial1_day8_plant4,trial1,8,4,2025-10-22,lodo,canopy,46,NestedSelect,20.78,17.583017349243164,3.196982650756837
trial1_day8_plant5,trial1,8,5,2025-10-22,lodo,canopy,46,NestedSelect,19.880000000000003,12.337724685668945,7.542275314331057
trial1_day8_plant6,trial1,8,6,2025-10-22,lodo,canopy,46,NestedSelect,17.330000000000002,11.15804672241211,6.1719532775878925
trial1_day8_plant7,trial1,8,7,2025-10-22,lodo,canopy,46,NestedSelect,20.980000000000004,13.99937629699707,6.980623703002934
trial1_day8_plant8,trial1,8,8,2025-10-22,lodo,canopy,46,NestedSelect,18.380000000000003,15.003936767578125,3.3760632324218776
trial1_day8_plant9,trial1,8,9,2025-10-22,lodo,canopy,46,NestedSelect,21.58,15.050864219665527,6.529135780334471
trial1_day12_plant1,trial1,12,1,2025-10-26,lodo,canopy,46,NestedSelect,26.78,19.959245681762695,6.820754318237306
trial1_day12_plant2,trial1,12,2,2025-10-26,lodo,canopy,46,NestedSelect,27.78,21.25664710998535,6.52335289001465
trial1_day12_plant3,trial1,12,3,2025-10-26,lodo,canopy,46,NestedSelect,32.78,22.096214294433594,10.683785705566407
trial1_day12_plant4,trial1,12,4,2025-10-26,lodo,canopy,46,NestedSelect,29.78,20.96829605102539,8.81170394897461
trial1_day12_plant5,trial1,12,5,2025-10-26,lodo,canopy,46,NestedSelect,25.78,16.935855865478516,8.844144134521486
trial1_day12_plant6,trial1,12,6,2025-10-26,lodo,canopy,46,NestedSelect,21.78,16.935855865478516,4.8441441345214855
trial1_day12_plant7,trial1,12,7,2025-10-26,lodo,canopy,46,NestedSelect,26.78,17.929548263549805,8.850451736450196
trial1_day12_plant8,trial1,12,8,2025-10-26,lodo,canopy,46,NestedSelect,26.78,18.48940658569336,8.290593414306642
trial1_day12_plant9,trial1,12,9,2025-10-26,lodo,canopy,46,NestedSelect,27.78,19.144182205200195,8.635817794799806
trial1_day12_plant10,trial1,12,10,2025-10-26,lodo,canopy,46,NestedSelect,29.78,19.144182205200195,10.635817794799806
trial1_day16_plant1,trial1,16,1,2025-10-30,lodo,canopy,46,NestedSelect,40.78,28.692209243774414,12.087790756225587
trial1_day16_plant2,trial1,16,2,2025-10-30,lodo,canopy,46,NestedSelect,45.78,29.024808883666992,16.75519111633301
trial1_day16_plant3,trial1,16,3,2025-10-30,lodo,canopy,46,NestedSelect,49.78,30.41364097595215,19.366359024047853
trial1_day16_plant4,trial1,16,4,2025-10-30,lodo,canopy,46,NestedSelect,50.78,28.764619827270508,22.015380172729493
trial1_day16_plant5,trial1,16,5,2025-10-30,lodo,canopy,46,NestedSelect,36.78,25.667232513427734,11.112767486572267
trial1_day16_plant6,trial1,16,6,2025-10-30,lodo,canopy,46,NestedSelect,35.78,25.667232513427734,10.112767486572267
trial1_day16_plant7,trial1,16,7,2025-10-30,lodo,canopy,46,NestedSelect,40.78,26.526775360107422,14.25322463989258
trial1_day16_plant8,trial1,16,8,2025-10-30,lodo,canopy,46,NestedSelect,42.78,26.955947875976562,15.824052124023439
trial1_day16_plant9,trial1,16,9,2025-10-30,lodo,canopy,46,NestedSelect,41.78,27.55951690673828,14.22048309326172
trial1_day16_plant10,trial1,16,10,2025-10-30,lodo,canopy,46,NestedSelect,44.78,27.519298553466797,17.260701446533204
trial1_day20_plant1,trial1,20,1,2025-11-03,lodo,canopy,46,NestedSelect,78.78,42.88751983642578,35.89248016357422
trial1_day20_plant2,trial1,20,2,2025-11-03,lodo,canopy,46,NestedSelect,89.78,43.1904182434082,46.5895817565918
trial1_day20_plant3,trial1,20,3,2025-11-03,lodo,canopy,46,NestedSelect,93.78,44.47633361816406,49.30366638183594
trial1_day20_plant4,trial1,20,4,2025-11-03,lodo,canopy,46,NestedSelect,91.78,47.4375,44.3425
trial1_day20_plant5,trial1,20,5,2025-11-03,lodo,canopy,46,NestedSelect,65.78,42.957557678222656,22.822442321777345
trial1_day20_plant6,trial1,20,6,2025-11-03,lodo,canopy,46,NestedSelect,69.78,39.365657806396484,30.414342193603517
trial1_day20_plant7,trial1,20,7,2025-11-03,lodo,canopy,46,NestedSelect,76.78,41.70663070678711,35.07336929321289
trial1_day20_plant8,trial1,20,8,2025-11-03,lodo,canopy,46,NestedSelect,78.78,42.3804931640625,36.3995068359375
trial1_day20_plant9,trial1,20,9,2025-11-03,lodo,canopy,46,NestedSelect,83.78,42.17353439331055,41.606465606689454
trial1_day20_plant10,trial1,20,10,2025-11-03,lodo,canopy,46,NestedSelect,82.78,43.277828216552734,39.50217178344727
trial1_day24_plant1,trial1,24,1,2025-11-07,lodo,canopy,46,NestedSelect,135.78,83.14089965820312,52.639100341796876
trial1_day24_plant2,trial1,24,2,2025-11-07,lodo,canopy,46,NestedSelect,153.78,86.72484588623047,67.05515411376953
trial1_day24_plant3,trial1,24,3,2025-11-07,lodo,canopy,46,NestedSelect,157.78,83.73419952392578,74.04580047607422
trial1_day24_plant4,trial1,24,4,2025-11-07,lodo,canopy,46,NestedSelect,140.78,87.59003448486328,53.18996551513672
trial1_day24_plant5,trial1,24,5,2025-11-07,lodo,canopy,46,NestedSelect,123.78,83.04795837402344,40.732041625976564
trial1_day24_plant6,trial1,24,6,2025-11-07,lodo,canopy,46,NestedSelect,125.78,79.56925964355469,46.210740356445314
trial1_day24_plant7,trial1,24,7,2025-11-07,lodo,canopy,46,NestedSelect,135.78,83.73580169677734,52.04419830322266
trial1_day24_plant8,trial1,24,8,2025-11-07,lodo,canopy,46,NestedSelect,137.78,81.57058715820312,56.209412841796876
trial1_day24_plant9,trial1,24,9,2025-11-07,lodo,canopy,46,NestedSelect,152.78,82.59563446044922,70.18436553955078
trial1_day24_plant10,trial1,24,10,2025-11-07,lodo,canopy,46,NestedSelect,141.78,79.03510284423828,62.74489715576172
trial1_day28_plant1,trial1,28,1,2025-11-11,lodo,canopy,46,NestedSelect,213.78,130.7803955078125,82.9996044921875
trial1_day28_plant2,trial1,28,2,2025-11-11,lodo,canopy,46,NestedSelect,217.78,133.11952209472656,84.66047790527344
trial1_day28_plant3,trial1,28,3,2025-11-11,lodo,canopy,46,NestedSelect,232.78,132.75735473632812,100.02264526367188
trial1_day28_plant4,trial1,28,4,2025-11-11,lodo,canopy,46,NestedSelect,220.78,129.74549865722656,91.03450134277344
trial1_day28_plant5,trial1,28,5,2025-11-11,lodo,canopy,46,NestedSelect,185.78,124.42193603515625,61.35806396484375
trial1_day28_plant6,trial1,28,6,2025-11-11,lodo,canopy,46,NestedSelect,195.78,136.57276916503906,59.20723083496094
trial1_day28_plant7,trial1,28,7,2025-11-11,lodo,canopy,46,NestedSelect,218.78,124.32495880126953,94.45504119873047
trial1_day28_plant8,trial1,28,8,2025-11-11,lodo,canopy,46,NestedSelect,214.78,131.9691619873047,82.81083801269531
trial1_day28_plant9,trial1,28,9,2025-11-11,lodo,canopy,46,NestedSelect,222.78,137.62852478027344,85.15147521972656
trial1_day28_plant10,trial1,28,10,2025-11-11,lodo,canopy,46,NestedSelect,220.78,139.54000854492188,81.23999145507813
trial1_day0_plant1,trial1,0,1,2025-10-14,lodo,canopy,46,NestedSelect,4.48,5.989528685247487,1.5095286852474867
trial1_day0_plant2,trial1,0,2,2025-10-14,lodo,canopy,46,NestedSelect,4.880000000000003,5.989528685247487,1.1095286852474846
trial1_day0_plant3,trial1,0,3,2025-10-14,lodo,canopy,46,NestedSelect,6.580000000000002,5.989528685247487,0.5904713147525147
trial1_day0_plant4,trial1,0,4,2025-10-14,lodo,canopy,46,NestedSelect,4.080000000000002,5.989528685247487,1.9095286852474853
trial1_day0_plant5,trial1,0,5,2025-10-14,lodo,canopy,46,NestedSelect,4.98,5.989528685247487,1.0095286852474867
trial1_day0_plant6,trial1,0,6,2025-10-14,lodo,canopy,46,NestedSelect,3.8800000000000026,5.989528685247487,2.1095286852474846
trial1_day0_plant7,trial1,0,7,2025-10-14,lodo,canopy,46,NestedSelect,5.18,5.989528685247487,0.8095286852474874
trial1_day0_plant8,trial1,0,8,2025-10-14,lodo,canopy,46,NestedSelect,4.580000000000002,5.989528685247487,1.4095286852474853
trial1_day0_plant9,trial1,0,9,2025-10-14,lodo,canopy,46,NestedSelect,4.380000000000003,5.989528685247488,1.6095286852474855
trial1_day0_plant10,trial1,0,10,2025-10-14,lodo,canopy,46,NestedSelect,5.880000000000003,5.989528685247488,0.10952868524748549
trial1_day4_plant1,trial1,4,1,2025-10-18,lodo,canopy,46,NestedSelect,12.880000000000004,11.655227427252072,1.2247725727479324
trial1_day4_plant2,trial1,4,2,2025-10-18,lodo,canopy,46,NestedSelect,11.079999999999998,12.215057598435596,1.1350575984355977
trial1_day4_plant3,trial1,4,3,2025-10-18,lodo,canopy,46,NestedSelect,16.880000000000003,11.655227427252072,5.224772572747931
trial1_day4_plant4,trial1,4,4,2025-10-18,lodo,canopy,46,NestedSelect,13.980000000000004,11.655227427252072,2.324772572747932
trial1_day4_plant5,trial1,4,5,2025-10-18,lodo,canopy,46,NestedSelect,13.28,11.655227427252072,1.6247725727479274
trial1_day4_plant6,trial1,4,6,2025-10-18,lodo,canopy,46,NestedSelect,7.880000000000003,11.655227427252072,3.7752274272520694
trial1_day4_plant7,trial1,4,7,2025-10-18,lodo,canopy,46,NestedSelect,13.980000000000004,11.655227427252072,2.324772572747932
trial1_day4_plant8,trial1,4,8,2025-10-18,lodo,canopy,46,NestedSelect,11.28,12.019790350488936,0.7397903504889367
trial1_day4_plant9,trial1,4,9,2025-10-18,lodo,canopy,46,NestedSelect,11.68,11.655227427252072,0.024772572747927768
trial1_day4_plant10,trial1,4,10,2025-10-18,lodo,canopy,46,NestedSelect,14.68,11.655227427252072,3.0247725727479278
trial1_day8_plant1,trial1,8,1,2025-10-22,lodo,canopy,46,NestedSelect,19.08,47.214996416477476,28.134996416477478
trial1_day8_plant2,trial1,8,2,2025-10-22,lodo,canopy,46,NestedSelect,18.18,47.07958236013878,28.89958236013878
trial1_day8_plant3,trial1,8,3,2025-10-22,lodo,canopy,46,NestedSelect,23.980000000000004,48.246231272696825,24.26623127269682
trial1_day8_plant4,trial1,8,4,2025-10-22,lodo,canopy,46,NestedSelect,20.78,48.246231272696825,27.466231272696824
trial1_day8_plant5,trial1,8,5,2025-10-22,lodo,canopy,46,NestedSelect,19.880000000000003,48.246231272696825,28.366231272696822
trial1_day8_plant6,trial1,8,6,2025-10-22,lodo,canopy,46,NestedSelect,17.330000000000002,47.117972214527576,29.787972214527574
trial1_day8_plant7,trial1,8,7,2025-10-22,lodo,canopy,46,NestedSelect,20.980000000000004,47.238415587922795,26.25841558792279
trial1_day8_plant8,trial1,8,8,2025-10-22,lodo,canopy,46,NestedSelect,18.380000000000003,47.32322463387315,28.94322463387315
trial1_day8_plant9,trial1,8,9,2025-10-22,lodo,canopy,46,NestedSelect,21.58,47.29431535793512,25.71431535793512
trial1_day12_plant1,trial1,12,1,2025-10-26,lodo,canopy,46,NestedSelect,26.78,26.752846490154734,0.027153509845266655
trial1_day12_plant2,trial1,12,2,2025-10-26,lodo,canopy,46,NestedSelect,27.78,26.752846490154734,1.0271535098452667
trial1_day12_plant3,trial1,12,3,2025-10-26,lodo,canopy,46,NestedSelect,32.78,26.752846490154734,6.027153509845267
trial1_day12_plant4,trial1,12,4,2025-10-26,lodo,canopy,46,NestedSelect,29.78,26.752846490154734,3.0271535098452667
trial1_day12_plant5,trial1,12,5,2025-10-26,lodo,canopy,46,NestedSelect,25.78,26.752846490154734,0.9728464901547333
trial1_day12_plant6,trial1,12,6,2025-10-26,lodo,canopy,46,NestedSelect,21.78,26.752846490154734,4.972846490154733
trial1_day12_plant7,trial1,12,7,2025-10-26,lodo,canopy,46,NestedSelect,26.78,25.56577052351469,1.2142294764853112
trial1_day12_plant8,trial1,12,8,2025-10-26,lodo,canopy,46,NestedSelect,26.78,26.752846490154734,0.027153509845266655
trial1_day12_plant9,trial1,12,9,2025-10-26,lodo,canopy,46,NestedSelect,27.78,26.752846490154734,1.0271535098452667
trial1_day12_plant10,trial1,12,10,2025-10-26,lodo,canopy,46,NestedSelect,29.78,26.752846490154734,3.0271535098452667
trial1_day16_plant1,trial1,16,1,2025-10-30,lodo,canopy,46,NestedSelect,40.78,38.24688271828286,2.5331172817171392
trial1_day16_plant2,trial1,16,2,2025-10-30,lodo,canopy,46,NestedSelect,45.78,38.24688271828286,7.533117281717139
trial1_day16_plant3,trial1,16,3,2025-10-30,lodo,canopy,46,NestedSelect,49.78,38.24688271828286,11.53311728171714
trial1_day16_plant4,trial1,16,4,2025-10-30,lodo,canopy,46,NestedSelect,50.78,38.24688271828286,12.53311728171714
trial1_day16_plant5,trial1,16,5,2025-10-30,lodo,canopy,46,NestedSelect,36.78,38.24688271828286,1.4668827182828608
trial1_day16_plant6,trial1,16,6,2025-10-30,lodo,canopy,46,NestedSelect,35.78,38.24688271828286,2.4668827182828608
trial1_day16_plant7,trial1,16,7,2025-10-30,lodo,canopy,46,NestedSelect,40.78,37.708144699141094,3.071855300858907
trial1_day16_plant8,trial1,16,8,2025-10-30,lodo,canopy,46,NestedSelect,42.78,38.24688271828286,4.533117281717139
trial1_day16_plant9,trial1,16,9,2025-10-30,lodo,canopy,46,NestedSelect,41.78,37.74415488140463,4.035845118595368
trial1_day16_plant10,trial1,16,10,2025-10-30,lodo,canopy,46,NestedSelect,44.78,38.24688271828286,6.533117281717139
trial1_day20_plant1,trial1,20,1,2025-11-03,lodo,canopy,46,NestedSelect,78.78,114.42595192033679,35.645951920336785
trial1_day20_plant2,trial1,20,2,2025-11-03,lodo,canopy,46,NestedSelect,89.78,109.73577340316048,19.955773403160478
trial1_day20_plant3,trial1,20,3,2025-11-03,lodo,canopy,46,NestedSelect,93.78,103.0036984693618,9.223698469361793
trial1_day20_plant4,trial1,20,4,2025-11-03,lodo,canopy,46,NestedSelect,91.78,110.50986449736034,18.72986449736034
trial1_day20_plant5,trial1,20,5,2025-11-03,lodo,canopy,46,NestedSelect,65.78,111.17112360917838,45.39112360917838
trial1_day20_plant6,trial1,20,6,2025-11-03,lodo,canopy,46,NestedSelect,69.78,111.2959001494487,41.5159001494487
trial1_day20_plant7,trial1,20,7,2025-11-03,lodo,canopy,46,NestedSelect,76.78,114.38254510222032,37.60254510222032
trial1_day20_plant8,trial1,20,8,2025-11-03,lodo,canopy,46,NestedSelect,78.78,114.74737730710017,35.967377307100165
trial1_day20_plant9,trial1,20,9,2025-11-03,lodo,canopy,46,NestedSelect,83.78,113.5154763520828,29.7354763520828
trial1_day20_plant10,trial1,20,10,2025-11-03,lodo,canopy,46,NestedSelect,82.78,118.60212910216345,35.822129102163444
trial1_day24_plant1,trial1,24,1,2025-11-07,lodo,canopy,46,NestedSelect,135.78,96.10587936702635,39.674120632973654
trial1_day24_plant2,trial1,24,2,2025-11-07,lodo,canopy,46,NestedSelect,153.78,97.27568046393363,56.504319536066376
trial1_day24_plant3,trial1,24,3,2025-11-07,lodo,canopy,46,NestedSelect,157.78,92.3260677846055,65.4539322153945
trial1_day24_plant4,trial1,24,4,2025-11-07,lodo,canopy,46,NestedSelect,140.78,97.15385098700521,43.62614901299479
trial1_day24_plant5,trial1,24,5,2025-11-07,lodo,canopy,46,NestedSelect,123.78,98.04276440526256,25.73723559473744
trial1_day24_plant6,trial1,24,6,2025-11-07,lodo,canopy,46,NestedSelect,125.78,96.33635086290116,29.443649137098845
trial1_day24_plant7,trial1,24,7,2025-11-07,lodo,canopy,46,NestedSelect,135.78,98.15480239845766,37.62519760154234
trial1_day24_plant8,trial1,24,8,2025-11-07,lodo,canopy,46,NestedSelect,137.78,96.86628579122663,40.91371420877337
trial1_day24_plant9,trial1,24,9,2025-11-07,lodo,canopy,46,NestedSelect,152.78,97.90176622638178,54.87823377361822
trial1_day24_plant10,trial1,24,10,2025-11-07,lodo,canopy,46,NestedSelect,141.78,92.3260677846055,49.4539322153945
trial1_day28_plant1,trial1,28,1,2025-11-11,lodo,canopy,46,NestedSelect,213.78,278.2392923969894,64.45929239698941
trial1_day28_plant2,trial1,28,2,2025-11-11,lodo,canopy,46,NestedSelect,217.78,278.72945885020374,60.94945885020374
trial1_day28_plant3,trial1,28,3,2025-11-11,lodo,canopy,46,NestedSelect,232.78,259.72989500666966,26.949895006669664
trial1_day28_plant4,trial1,28,4,2025-11-11,lodo,canopy,46,NestedSelect,220.78,263.7421345471584,42.9621345471584
trial1_day28_plant5,trial1,28,5,2025-11-11,lodo,canopy,46,NestedSelect,185.78,271.4195625062892,85.6395625062892
trial1_day28_plant6,trial1,28,6,2025-11-11,lodo,canopy,46,NestedSelect,195.78,290.64441599914346,94.86441599914346
trial1_day28_plant7,trial1,28,7,2025-11-11,lodo,canopy,46,NestedSelect,218.78,271.0956414013539,52.31564140135387
trial1_day28_plant8,trial1,28,8,2025-11-11,lodo,canopy,46,NestedSelect,214.78,295.26639740149074,80.48639740149073
trial1_day28_plant9,trial1,28,9,2025-11-11,lodo,canopy,46,NestedSelect,222.78,270.56787661065624,47.78787661065624
trial1_day28_plant10,trial1,28,10,2025-11-11,lodo,canopy,46,NestedSelect,220.78,283.04861891021113,62.26861891021113
trial1_day0_plant1,trial1,0,1,2025-10-14,lodo,climate,46,NestedSelect,4.48,12.189789772033691,7.709789772033691
trial1_day0_plant2,trial1,0,2,2025-10-14,lodo,climate,46,NestedSelect,4.880000000000003,12.242278099060059,7.362278099060056
trial1_day0_plant3,trial1,0,3,2025-10-14,lodo,climate,46,NestedSelect,6.580000000000002,16.303159713745117,9.723159713745115
trial1_day0_plant4,trial1,0,4,2025-10-14,lodo,climate,46,NestedSelect,4.080000000000002,14.746477127075195,10.666477127075193
trial1_day0_plant5,trial1,0,5,2025-10-14,lodo,climate,46,NestedSelect,4.98,12.434859275817871,7.454859275817871
trial1_day0_plant6,trial1,0,6,2025-10-14,lodo,climate,46,NestedSelect,3.8800000000000026,10.298425674438477,6.418425674438474
trial1_day0_plant7,trial1,0,7,2025-10-14,lodo,climate,46,NestedSelect,5.18,12.87533187866211,7.69533187866211
trial1_day0_plant8,trial1,0,8,2025-10-14,lodo,climate,46,NestedSelect,4.580000000000002,12.246101379394531,7.666101379394529
trial1_day0_plant9,trial1,0,9,2025-10-14,lodo,climate,46,NestedSelect,4.380000000000003,12.827045440673828,8.447045440673826
trial1_day0_plant10,trial1,0,10,2025-10-14,lodo,climate,46,NestedSelect,5.880000000000003,14.46098804473877,8.580988044738767
trial1_day4_plant1,trial1,4,1,2025-10-18,lodo,climate,46,NestedSelect,12.880000000000004,3.9414939880371094,8.938506011962895
trial1_day4_plant2,trial1,4,2,2025-10-18,lodo,climate,46,NestedSelect,11.079999999999998,5.263992786407471,5.816007213592528
trial1_day4_plant3,trial1,4,3,2025-10-18,lodo,climate,46,NestedSelect,16.880000000000003,8.217777252197266,8.662222747802737
trial1_day4_plant4,trial1,4,4,2025-10-18,lodo,climate,46,NestedSelect,13.980000000000004,6.350493431091309,7.629506568908695
trial1_day4_plant5,trial1,4,5,2025-10-18,lodo,climate,46,NestedSelect,13.28,2.6792116165161133,10.600788383483886
trial1_day4_plant6,trial1,4,6,2025-10-18,lodo,climate,46,NestedSelect,7.880000000000003,2.72645902633667,5.153540973663333
trial1_day4_plant7,trial1,4,7,2025-10-18,lodo,climate,46,NestedSelect,13.980000000000004,4.848079681396484,9.13192031860352
trial1_day4_plant8,trial1,4,8,2025-10-18,lodo,climate,46,NestedSelect,11.28,4.934694290161133,6.3453057098388665
trial1_day4_plant9,trial1,4,9,2025-10-18,lodo,climate,46,NestedSelect,11.68,5.590006351470947,6.0899936485290525
trial1_day4_plant10,trial1,4,10,2025-10-18,lodo,climate,46,NestedSelect,14.68,6.318161487579346,8.361838512420654
trial1_day8_plant1,trial1,8,1,2025-10-22,lodo,climate,46,NestedSelect,19.08,57.99113215832953,38.91113215832953
trial1_day8_plant2,trial1,8,2,2025-10-22,lodo,climate,46,NestedSelect,18.18,57.77693635574524,39.59693635574524
trial1_day8_plant3,trial1,8,3,2025-10-22,lodo,climate,46,NestedSelect,23.980000000000004,57.562740553160964,33.58274055316096
trial1_day8_plant4,trial1,8,4,2025-10-22,lodo,climate,46,NestedSelect,20.78,57.34854475057668,36.56854475057668
trial1_day8_plant5,trial1,8,5,2025-10-22,lodo,climate,46,NestedSelect,19.880000000000003,57.13434894799239,37.25434894799239
trial1_day8_plant6,trial1,8,6,2025-10-22,lodo,climate,46,NestedSelect,17.330000000000002,56.92015314540811,39.59015314540811
trial1_day8_plant7,trial1,8,7,2025-10-22,lodo,climate,46,NestedSelect,20.980000000000004,56.70595734282382,35.72595734282382
trial1_day8_plant8,trial1,8,8,2025-10-22,lodo,climate,46,NestedSelect,18.380000000000003,56.49176154023954,38.111761540239534
trial1_day8_plant9,trial1,8,9,2025-10-22,lodo,climate,46,NestedSelect,21.58,56.27756573765525,34.69756573765525
trial1_day12_plant1,trial1,12,1,2025-10-26,lodo,climate,46,NestedSelect,26.78,18.65484619140625,8.125153808593751
trial1_day12_plant2,trial1,12,2,2025-10-26,lodo,climate,46,NestedSelect,27.78,19.86410140991211,7.915898590087892
trial1_day12_plant3,trial1,12,3,2025-10-26,lodo,climate,46,NestedSelect,32.78,24.137134552001953,8.642865447998048
trial1_day12_plant4,trial1,12,4,2025-10-26,lodo,climate,46,NestedSelect,29.78,21.75527000427246,8.02472999572754
trial1_day12_plant5,trial1,12,5,2025-10-26,lodo,climate,46,NestedSelect,25.78,16.959016799926758,8.820983200073243
trial1_day12_plant6,trial1,12,6,2025-10-26,lodo,climate,46,NestedSelect,21.78,16.75946044921875,5.020539550781251
trial1_day12_plant7,trial1,12,7,2025-10-26,lodo,climate,46,NestedSelect,26.78,20.167369842529297,6.612630157470704
trial1_day12_plant8,trial1,12,8,2025-10-26,lodo,climate,46,NestedSelect,26.78,20.06689453125,6.713105468750001
trial1_day12_plant9,trial1,12,9,2025-10-26,lodo,climate,46,NestedSelect,27.78,21.59099578857422,6.189004211425782
trial1_day12_plant10,trial1,12,10,2025-10-26,lodo,climate,46,NestedSelect,29.78,22.153980255126953,7.626019744873048
trial1_day16_plant1,trial1,16,1,2025-10-30,lodo,climate,46,NestedSelect,40.78,27.646982192993164,13.133017807006837
trial1_day16_plant2,trial1,16,2,2025-10-30,lodo,climate,46,NestedSelect,45.78,27.44000816345215,18.339991836547853
trial1_day16_plant3,trial1,16,3,2025-10-30,lodo,climate,46,NestedSelect,49.78,31.017995834350586,18.762004165649415
trial1_day16_plant4,trial1,16,4,2025-10-30,lodo,climate,46,NestedSelect,50.78,29.74303436279297,21.036965637207032
trial1_day16_plant5,trial1,16,5,2025-10-30,lodo,climate,46,NestedSelect,36.78,25.79535675048828,10.98464324951172
trial1_day16_plant6,trial1,16,6,2025-10-30,lodo,climate,46,NestedSelect,35.78,24.217453002929688,11.562546997070314
trial1_day16_plant7,trial1,16,7,2025-10-30,lodo,climate,46,NestedSelect,40.78,26.87388038635254,13.906119613647462
trial1_day16_plant8,trial1,16,8,2025-10-30,lodo,climate,46,NestedSelect,42.78,26.301607131958008,16.478392868041993
trial1_day16_plant9,trial1,16,9,2025-10-30,lodo,climate,46,NestedSelect,41.78,27.736501693725586,14.043498306274415
trial1_day16_plant10,trial1,16,10,2025-10-30,lodo,climate,46,NestedSelect,44.78,29.297977447509766,15.482022552490236
trial1_day20_plant1,trial1,20,1,2025-11-03,lodo,climate,46,NestedSelect,78.78,42.46744918823242,36.31255081176758
trial1_day20_plant2,trial1,20,2,2025-11-03,lodo,climate,46,NestedSelect,89.78,45.42792510986328,44.35207489013672
trial1_day20_plant3,trial1,20,3,2025-11-03,lodo,climate,46,NestedSelect,93.78,50.61344528198242,43.16655471801758
trial1_day20_plant4,trial1,20,4,2025-11-03,lodo,climate,46,NestedSelect,91.78,48.021461486816406,43.758538513183595
trial1_day20_plant5,trial1,20,5,2025-11-03,lodo,climate,46,NestedSelect,65.78,37.71279525756836,28.06720474243164
trial1_day20_plant6,trial1,20,6,2025-11-03,lodo,climate,46,NestedSelect,69.78,37.1331672668457,32.6468327331543
trial1_day20_plant7,trial1,20,7,2025-11-03,lodo,climate,46,NestedSelect,76.78,40.99803161621094,35.781968383789064
trial1_day20_plant8,trial1,20,8,2025-11-03,lodo,climate,46,NestedSelect,78.78,41.21346664428711,37.56653335571289
trial1_day20_plant9,trial1,20,9,2025-11-03,lodo,climate,46,NestedSelect,83.78,42.852516174316406,40.927483825683595
trial1_day20_plant10,trial1,20,10,2025-11-03,lodo,climate,46,NestedSelect,82.78,44.3708381652832,38.4091618347168
trial1_day24_plant1,trial1,24,1,2025-11-07,lodo,climate,46,NestedSelect,135.78,84.5354995727539,51.244500427246095
trial1_day24_plant2,trial1,24,2,2025-11-07,lodo,climate,46,NestedSelect,153.78,86.48738098144531,67.29261901855469
trial1_day24_plant3,trial1,24,3,2025-11-07,lodo,climate,46,NestedSelect,157.78,88.76652526855469,69.01347473144531
trial1_day24_plant4,trial1,24,4,2025-11-07,lodo,climate,46,NestedSelect,140.78,87.96348571777344,52.816514282226564
trial1_day24_plant5,trial1,24,5,2025-11-07,lodo,climate,46,NestedSelect,123.78,73.54579162597656,50.23420837402344
trial1_day24_plant6,trial1,24,6,2025-11-07,lodo,climate,46,NestedSelect,125.78,73.54579162597656,52.23420837402344
trial1_day24_plant7,trial1,24,7,2025-11-07,lodo,climate,46,NestedSelect,135.78,78.64933013916016,57.130669860839845
trial1_day24_plant8,trial1,24,8,2025-11-07,lodo,climate,46,NestedSelect,137.78,78.64933013916016,59.130669860839845
trial1_day24_plant9,trial1,24,9,2025-11-07,lodo,climate,46,NestedSelect,152.78,80.91233825683594,71.86766174316406
trial1_day24_plant10,trial1,24,10,2025-11-07,lodo,climate,46,NestedSelect,141.78,80.91233825683594,60.867661743164064
trial1_day28_plant1,trial1,28,1,2025-11-11,lodo,climate,46,NestedSelect,213.78,136.35702514648438,77.42297485351563
trial1_day28_plant2,trial1,28,2,2025-11-11,lodo,climate,46,NestedSelect,217.78,152.1818389892578,65.59816101074219
trial1_day28_plant3,trial1,28,3,2025-11-11,lodo,climate,46,NestedSelect,232.78,153.5293731689453,79.25062683105469
trial1_day28_plant4,trial1,28,4,2025-11-11,lodo,climate,46,NestedSelect,220.78,140.979736328125,79.800263671875
trial1_day28_plant5,trial1,28,5,2025-11-11,lodo,climate,46,NestedSelect,185.78,127.3777847290039,58.402215270996095
trial1_day28_plant6,trial1,28,6,2025-11-11,lodo,climate,46,NestedSelect,195.78,127.72640228271484,68.05359771728516
trial1_day28_plant7,trial1,28,7,2025-11-11,lodo,climate,46,NestedSelect,218.78,135.97946166992188,82.80053833007813
trial1_day28_plant8,trial1,28,8,2025-11-11,lodo,climate,46,NestedSelect,214.78,138.1830596923828,76.59694030761719
trial1_day28_plant9,trial1,28,9,2025-11-11,lodo,climate,46,NestedSelect,222.78,147.76626586914062,75.01373413085938
trial1_day28_plant10,trial1,28,10,2025-11-11,lodo,climate,46,NestedSelect,220.78,144.13856506347656,76.64143493652344
trial1_day0_plant1,trial1,0,1,2025-10-14,lodo,climate,46,NestedSelect,4.48,8.783690380771622,4.303690380771622
trial1_day0_plant2,trial1,0,2,2025-10-14,lodo,climate,46,NestedSelect,4.880000000000003,8.783690380771622,3.9036903807716197
trial1_day0_plant3,trial1,0,3,2025-10-14,lodo,climate,46,NestedSelect,6.580000000000002,8.783690380771622,2.2036903807716204
trial1_day0_plant4,trial1,0,4,2025-10-14,lodo,climate,46,NestedSelect,4.080000000000002,8.783690380771622,4.70369038077162
trial1_day0_plant5,trial1,0,5,2025-10-14,lodo,climate,46,NestedSelect,4.98,8.783690380771622,3.803690380771622
trial1_day0_plant6,trial1,0,6,2025-10-14,lodo,climate,46,NestedSelect,3.8800000000000026,8.783690380771622,4.90369038077162
trial1_day0_plant7,trial1,0,7,2025-10-14,lodo,climate,46,NestedSelect,5.18,8.783690380771622,3.6036903807716225
trial1_day0_plant8,trial1,0,8,2025-10-14,lodo,climate,46,NestedSelect,4.580000000000002,8.783690380771622,4.20369038077162
trial1_day0_plant9,trial1,0,9,2025-10-14,lodo,climate,46,NestedSelect,4.380000000000003,8.783690380771622,4.40369038077162
trial1_day0_plant10,trial1,0,10,2025-10-14,lodo,climate,46,NestedSelect,5.880000000000003,8.783690380771622,2.9036903807716197
trial1_day4_plant1,trial1,4,1,2025-10-18,lodo,climate,46,NestedSelect,12.880000000000004,9.46170338992109,3.418296610078915
trial1_day4_plant2,trial1,4,2,2025-10-18,lodo,climate,46,NestedSelect,11.079999999999998,9.439996663625736,1.6400033363742619
trial1_day4_plant3,trial1,4,3,2025-10-18,lodo,climate,46,NestedSelect,16.880000000000003,9.418334976073009,7.461665023926994
trial1_day4_plant4,trial1,4,4,2025-10-18,lodo,climate,46,NestedSelect,13.980000000000004,9.396718233813155,4.583281766186849
trial1_day4_plant5,trial1,4,5,2025-10-18,lodo,climate,46,NestedSelect,13.28,9.375146343590314,3.904853656409685
trial1_day4_plant6,trial1,4,6,2025-10-18,lodo,climate,46,NestedSelect,7.880000000000003,9.353619212342117,1.4736192123421148
trial1_day4_plant7,trial1,4,7,2025-10-18,lodo,climate,46,NestedSelect,13.980000000000004,9.33213674719928,4.6478632528007235
trial1_day4_plant8,trial1,4,8,2025-10-18,lodo,climate,46,NestedSelect,11.28,9.310698855485228,1.9693011445147715
trial1_day4_plant9,trial1,4,9,2025-10-18,lodo,climate,46,NestedSelect,11.68,9.289305444715673,2.390694555284327
trial1_day4_plant10,trial1,4,10,2025-10-18,lodo,climate,46,NestedSelect,14.68,9.267956422598212,5.412043577401787
trial1_day8_plant1,trial1,8,1,2025-10-22,lodo,climate,46,NestedSelect,19.08,31.9231536334305,12.8431536334305
trial1_day8_plant2,trial1,8,2,2025-10-22,lodo,climate,46,NestedSelect,18.18,31.821029041948417,13.641029041948418
trial1_day8_plant3,trial1,8,3,2025-10-22,lodo,climate,46,NestedSelect,23.980000000000004,31.719221231546943,7.739221231546939
trial1_day8_plant4,trial1,8,4,2025-10-22,lodo,climate,46,NestedSelect,20.78,31.61772921960034,10.837729219600337
trial1_day8_plant5,trial1,8,5,2025-10-22,lodo,climate,46,NestedSelect,19.880000000000003,31.51655202653089,11.636552026530886
trial1_day8_plant6,trial1,8,6,2025-10-22,lodo,climate,46,NestedSelect,17.330000000000002,31.415688675799387,14.085688675799386
trial1_day8_plant7,trial1,8,7,2025-10-22,lodo,climate,46,NestedSelect,20.980000000000004,31.31513819389583,10.335138193895826
trial1_day8_plant8,trial1,8,8,2025-10-22,lodo,climate,46,NestedSelect,18.380000000000003,31.214899610329887,12.834899610329884
trial1_day8_plant9,trial1,8,9,2025-10-22,lodo,climate,46,NestedSelect,21.58,31.114971957621655,9.534971957621657
trial1_day12_plant1,trial1,12,1,2025-10-26,lodo,climate,46,NestedSelect,26.78,19.105880737304688,7.674119262695314
trial1_day12_plant2,trial1,12,2,2025-10-26,lodo,climate,46,NestedSelect,27.78,19.467355728149414,8.312644271850587
trial1_day12_plant3,trial1,12,3,2025-10-26,lodo,climate,46,NestedSelect,32.78,23.66243553161621,9.11756446838379
trial1_day12_plant4,trial1,12,4,2025-10-26,lodo,climate,46,NestedSelect,29.78,21.104623794555664,8.675376205444337
trial1_day12_plant5,trial1,12,5,2025-10-26,lodo,climate,46,NestedSelect,25.78,18.901966094970703,6.878033905029298
trial1_day12_plant6,trial1,12,6,2025-10-26,lodo,climate,46,NestedSelect,21.78,16.697574615478516,5.0824253845214855
trial1_day12_plant7,trial1,12,7,2025-10-26,lodo,climate,46,NestedSelect,26.78,20.133499145507812,6.646500854492189
trial1_day12_plant8,trial1,12,8,2025-10-26,lodo,climate,46,NestedSelect,26.78,19.49819564819336,7.281804351806642
trial1_day12_plant9,trial1,12,9,2025-10-26,lodo,climate,46,NestedSelect,27.78,20.63042640686035,7.14957359313965
trial1_day12_plant10,trial1,12,10,2025-10-26,lodo,climate,46,NestedSelect,29.78,21.442947387695312,8.337052612304689
trial1_day16_plant1,trial1,16,1,2025-10-30,lodo,climate,46,NestedSelect,40.78,27.6647891998291,13.1152108001709
trial1_day16_plant2,trial1,16,2,2025-10-30,lodo,climate,46,NestedSelect,45.78,27.774131774902344,18.005868225097657
trial1_day16_plant3,trial1,16,3,2025-10-30,lodo,climate,46,NestedSelect,49.78,33.19676208496094,16.583237915039064
trial1_day16_plant4,trial1,16,4,2025-10-30,lodo,climate,46,NestedSelect,50.78,29.905014038085938,20.874985961914064
trial1_day16_plant5,trial1,16,5,2025-10-30,lodo,climate,46,NestedSelect,36.78,25.719221115112305,11.060778884887696
trial1_day16_plant6,trial1,16,6,2025-10-30,lodo,climate,46,NestedSelect,35.78,22.422733306884766,13.357266693115236
trial1_day16_plant7,trial1,16,7,2025-10-30,lodo,climate,46,NestedSelect,40.78,26.647340774536133,14.132659225463868
trial1_day16_plant8,trial1,16,8,2025-10-30,lodo,climate,46,NestedSelect,42.78,26.20224380493164,16.57775619506836
trial1_day16_plant9,trial1,16,9,2025-10-30,lodo,climate,46,NestedSelect,41.78,27.887571334838867,13.892428665161134
trial1_day16_plant10,trial1,16,10,2025-10-30,lodo,climate,46,NestedSelect,44.78,29.628145217895508,15.151854782104493
trial1_day20_plant1,trial1,20,1,2025-11-03,lodo,climate,46,NestedSelect,78.78,41.1196174621582,37.6603825378418
trial1_day20_plant2,trial1,20,2,2025-11-03,lodo,climate,46,NestedSelect,89.78,45.853004455566406,43.926995544433595
trial1_day20_plant3,trial1,20,3,2025-11-03,lodo,climate,46,NestedSelect,93.78,50.052581787109375,43.727418212890626
trial1_day20_plant4,trial1,20,4,2025-11-03,lodo,climate,46,NestedSelect,91.78,49.573238372802734,42.20676162719727
trial1_day20_plant5,trial1,20,5,2025-11-03,lodo,climate,46,NestedSelect,65.78,37.00334167480469,28.776658325195314
trial1_day20_plant6,trial1,20,6,2025-11-03,lodo,climate,46,NestedSelect,69.78,35.538822174072266,34.241177825927736
trial1_day20_plant7,trial1,20,7,2025-11-03,lodo,climate,46,NestedSelect,76.78,41.36043930053711,35.41956069946289
trial1_day20_plant8,trial1,20,8,2025-11-03,lodo,climate,46,NestedSelect,78.78,42.2413444519043,36.538655548095704
trial1_day20_plant9,trial1,20,9,2025-11-03,lodo,climate,46,NestedSelect,83.78,43.31078338623047,40.46921661376953
trial1_day20_plant10,trial1,20,10,2025-11-03,lodo,climate,46,NestedSelect,82.78,44.23206329345703,38.54793670654297
trial1_day24_plant1,trial1,24,1,2025-11-07,lodo,climate,46,NestedSelect,135.78,255.08845137039836,119.30845137039836
trial1_day24_plant2,trial1,24,2,2025-11-07,lodo,climate,46,NestedSelect,153.78,255.08845137039836,101.30845137039836
trial1_day24_plant3,trial1,24,3,2025-11-07,lodo,climate,46,NestedSelect,157.78,255.08845137039836,97.30845137039836
trial1_day24_plant4,trial1,24,4,2025-11-07,lodo,climate,46,NestedSelect,140.78,255.08845137039836,114.30845137039836
trial1_day24_plant5,trial1,24,5,2025-11-07,lodo,climate,46,NestedSelect,123.78,255.08845137039836,131.30845137039836
trial1_day24_plant6,trial1,24,6,2025-11-07,lodo,climate,46,NestedSelect,125.78,255.08845137039836,129.30845137039836
trial1_day24_plant7,trial1,24,7,2025-11-07,lodo,climate,46,NestedSelect,135.78,255.08845137039836,119.30845137039836
trial1_day24_plant8,trial1,24,8,2025-11-07,lodo,climate,46,NestedSelect,137.78,255.08845137039836,117.30845137039836
trial1_day24_plant9,trial1,24,9,2025-11-07,lodo,climate,46,NestedSelect,152.78,255.08845137039836,102.30845137039836
trial1_day24_plant10,trial1,24,10,2025-11-07,lodo,climate,46,NestedSelect,141.78,255.08845137039836,113.30845137039836
trial1_day28_plant1,trial1,28,1,2025-11-11,lodo,climate,46,NestedSelect,213.78,142.5278368676039,71.2521631323961
trial1_day28_plant2,trial1,28,2,2025-11-11,lodo,climate,46,NestedSelect,217.78,142.5278368676039,75.2521631323961
trial1_day28_plant3,trial1,28,3,2025-11-11,lodo,climate,46,NestedSelect,232.78,142.5278368676039,90.2521631323961
trial1_day28_plant4,trial1,28,4,2025-11-11,lodo,climate,46,NestedSelect,220.78,142.5278368676039,78.2521631323961
trial1_day28_plant5,trial1,28,5,2025-11-11,lodo,climate,46,NestedSelect,185.78,142.5278368676039,43.252163132396106
trial1_day28_plant6,trial1,28,6,2025-11-11,lodo,climate,46,NestedSelect,195.78,142.5278368676039,53.252163132396106
trial1_day28_plant7,trial1,28,7,2025-11-11,lodo,climate,46,NestedSelect,218.78,142.5278368676039,76.2521631323961
trial1_day28_plant8,trial1,28,8,2025-11-11,lodo,climate,46,NestedSelect,214.78,142.5278368676039,72.2521631323961
trial1_day28_plant9,trial1,28,9,2025-11-11,lodo,climate,46,NestedSelect,222.78,142.5278368676039,80.2521631323961
trial1_day28_plant10,trial1,28,10,2025-11-11,lodo,climate,46,NestedSelect,220.78,142.5278368676039,78.2521631323961
trial1_day0_plant1,trial1,0,1,2025-10-14,lodo,compact,46,NestedSelect,4.48,19.263057708740234,14.783057708740234
trial1_day0_plant2,trial1,0,2,2025-10-14,lodo,compact,46,NestedSelect,4.880000000000003,20.561113357543945,15.681113357543943
trial1_day0_plant3,trial1,0,3,2025-10-14,lodo,compact,46,NestedSelect,6.580000000000002,21.795516967773438,15.215516967773436
trial1_day0_plant4,trial1,0,4,2025-10-14,lodo,compact,46,NestedSelect,4.080000000000002,20.510822296142578,16.430822296142576
trial1_day0_plant5,trial1,0,5,2025-10-14,lodo,compact,46,NestedSelect,4.98,15.70875358581543,10.72875358581543
trial1_day0_plant6,trial1,0,6,2025-10-14,lodo,compact,46,NestedSelect,3.8800000000000026,15.70875358581543,11.828753585815427
trial1_day0_plant7,trial1,0,7,2025-10-14,lodo,compact,46,NestedSelect,5.18,17.78409767150879,12.60409767150879
trial1_day0_plant8,trial1,0,8,2025-10-14,lodo,compact,46,NestedSelect,4.580000000000002,17.87228775024414,13.292287750244139
trial1_day0_plant9,trial1,0,9,2025-10-14,lodo,compact,46,NestedSelect,4.380000000000003,18.33389663696289,13.953896636962888
trial1_day0_plant10,trial1,0,10,2025-10-14,lodo,compact,46,NestedSelect,5.880000000000003,18.68727684020996,12.807276840209958
trial1_day4_plant1,trial1,4,1,2025-10-18,lodo,compact,46,NestedSelect,12.880000000000004,11.593360900878906,1.286639099121098
trial1_day4_plant2,trial1,4,2,2025-10-18,lodo,compact,46,NestedSelect,11.079999999999998,16.378950119018555,5.298950119018556
trial1_day4_plant3,trial1,4,3,2025-10-18,lodo,compact,46,NestedSelect,16.880000000000003,14.086984634399414,2.7930153656005885
trial1_day4_plant4,trial1,4,4,2025-10-18,lodo,compact,46,NestedSelect,13.980000000000004,13.286441802978516,0.6935581970214884
trial1_day4_plant5,trial1,4,5,2025-10-18,lodo,compact,46,NestedSelect,13.28,8.598969459533691,4.681030540466308
trial1_day4_plant6,trial1,4,6,2025-10-18,lodo,compact,46,NestedSelect,7.880000000000003,8.598969459533691,0.7189694595336888
trial1_day4_plant7,trial1,4,7,2025-10-18,lodo,compact,46,NestedSelect,13.980000000000004,10.482601165771484,3.4973988342285196
trial1_day4_plant8,trial1,4,8,2025-10-18,lodo,compact,46,NestedSelect,11.28,15.16301441192627,3.88301441192627
trial1_day4_plant9,trial1,4,9,2025-10-18,lodo,compact,46,NestedSelect,11.68,11.273900032043457,0.4060999679565427
trial1_day4_plant10,trial1,4,10,2025-10-18,lodo,compact,46,NestedSelect,14.68,11.40208911895752,3.27791088104248
trial1_day8_plant1,trial1,8,1,2025-10-22,lodo,compact,46,NestedSelect,19.08,24.381587982177734,5.301587982177736
trial1_day8_plant2,trial1,8,2,2025-10-22,lodo,compact,46,NestedSelect,18.18,25.839012145996094,7.659012145996094
trial1_day8_plant3,trial1,8,3,2025-10-22,lodo,compact,46,NestedSelect,23.980000000000004,26.303422927856445,2.3234229278564413
trial1_day8_plant4,trial1,8,4,2025-10-22,lodo,compact,46,NestedSelect,20.78,25.300310134887695,4.520310134887694
trial1_day8_plant5,trial1,8,5,2025-10-22,lodo,compact,46,NestedSelect,19.880000000000003,20.760059356689453,0.8800593566894506
trial1_day8_plant6,trial1,8,6,2025-10-22,lodo,compact,46,NestedSelect,17.330000000000002,21.388717651367188,4.058717651367186
trial1_day8_plant7,trial1,8,7,2025-10-22,lodo,compact,46,NestedSelect,20.980000000000004,24.392988204956055,3.4129882049560507
trial1_day8_plant8,trial1,8,8,2025-10-22,lodo,compact,46,NestedSelect,18.380000000000003,23.600215911865234,5.220215911865232
trial1_day8_plant9,trial1,8,9,2025-10-22,lodo,compact,46,NestedSelect,21.58,25.81653594970703,4.236535949707033
trial1_day12_plant1,trial1,12,1,2025-10-26,lodo,compact,46,NestedSelect,26.78,21.528017044067383,5.251982955932618
trial1_day12_plant2,trial1,12,2,2025-10-26,lodo,compact,46,NestedSelect,27.78,22.300975799560547,5.479024200439454
trial1_day12_plant3,trial1,12,3,2025-10-26,lodo,compact,46,NestedSelect,32.78,25.127830505371094,7.652169494628907
trial1_day12_plant4,trial1,12,4,2025-10-26,lodo,compact,46,NestedSelect,29.78,23.43122100830078,6.34877899169922
trial1_day12_plant5,trial1,12,5,2025-10-26,lodo,compact,46,NestedSelect,25.78,19.014720916748047,6.765279083251954
trial1_day12_plant6,trial1,12,6,2025-10-26,lodo,compact,46,NestedSelect,21.78,18.331382751464844,3.4486172485351574
trial1_day12_plant7,trial1,12,7,2025-10-26,lodo,compact,46,NestedSelect,26.78,19.609498977661133,7.170501022338868
trial1_day12_plant8,trial1,12,8,2025-10-26,lodo,compact,46,NestedSelect,26.78,20.310440063476562,6.469559936523439
trial1_day12_plant9,trial1,12,9,2025-10-26,lodo,compact,46,NestedSelect,27.78,20.887001037597656,6.892998962402345
trial1_day12_plant10,trial1,12,10,2025-10-26,lodo,compact,46,NestedSelect,29.78,21.421579360961914,8.358420639038087
trial1_day16_plant1,trial1,16,1,2025-10-30,lodo,compact,46,NestedSelect,40.78,47.19083786010742,6.410837860107421
trial1_day16_plant2,trial1,16,2,2025-10-30,lodo,compact,46,NestedSelect,45.78,47.5148811340332,1.734881134033202
trial1_day16_plant3,trial1,16,3,2025-10-30,lodo,compact,46,NestedSelect,49.78,48.074501037597656,1.7054989624023449
trial1_day16_plant4,trial1,16,4,2025-10-30,lodo,compact,46,NestedSelect,50.78,46.6241455078125,4.155854492187501
trial1_day16_plant5,trial1,16,5,2025-10-30,lodo,compact,46,NestedSelect,36.78,42.89017105102539,6.1101710510253895
trial1_day16_plant6,trial1,16,6,2025-10-30,lodo,compact,46,NestedSelect,35.78,42.89017105102539,7.1101710510253895
trial1_day16_plant7,trial1,16,7,2025-10-30,lodo,compact,46,NestedSelect,40.78,43.382362365722656,2.602362365722655
trial1_day16_plant8,trial1,16,8,2025-10-30,lodo,compact,46,NestedSelect,42.78,44.4866828918457,1.706682891845702
trial1_day16_plant9,trial1,16,9,2025-10-30,lodo,compact,46,NestedSelect,41.78,44.17189025878906,2.3918902587890614
trial1_day16_plant10,trial1,16,10,2025-10-30,lodo,compact,46,NestedSelect,44.78,44.85541915893555,0.07541915893554574
trial1_day20_plant1,trial1,20,1,2025-11-03,lodo,compact,46,NestedSelect,78.78,42.993309020996094,35.78669097900391
trial1_day20_plant2,trial1,20,2,2025-11-03,lodo,compact,46,NestedSelect,89.78,43.56977462768555,46.210225372314454
trial1_day20_plant3,trial1,20,3,2025-11-03,lodo,compact,46,NestedSelect,93.78,44.894744873046875,48.885255126953126
trial1_day20_plant4,trial1,20,4,2025-11-03,lodo,compact,46,NestedSelect,91.78,46.308467864990234,45.47153213500977
trial1_day20_plant5,trial1,20,5,2025-11-03,lodo,compact,46,NestedSelect,65.78,41.51543426513672,24.264565734863282
trial1_day20_plant6,trial1,20,6,2025-11-03,lodo,compact,46,NestedSelect,69.78,39.13713073730469,30.642869262695314
trial1_day20_plant7,trial1,20,7,2025-11-03,lodo,compact,46,NestedSelect,76.78,41.694210052490234,35.08578994750977
trial1_day20_plant8,trial1,20,8,2025-11-03,lodo,compact,46,NestedSelect,78.78,42.26100540161133,36.51899459838867
trial1_day20_plant9,trial1,20,9,2025-11-03,lodo,compact,46,NestedSelect,83.78,41.95630645751953,41.82369354248047
trial1_day20_plant10,trial1,20,10,2025-11-03,lodo,compact,46,NestedSelect,82.78,43.16356658935547,39.61643341064453
trial1_day24_plant1,trial1,24,1,2025-11-07,lodo,compact,46,NestedSelect,135.78,88.65858459472656,47.12141540527344
trial1_day24_plant2,trial1,24,2,2025-11-07,lodo,compact,46,NestedSelect,153.78,96.77546691894531,57.00453308105469
trial1_day24_plant3,trial1,24,3,2025-11-07,lodo,compact,46,NestedSelect,157.78,99.03649139404297,58.74350860595703
trial1_day24_plant4,trial1,24,4,2025-11-07,lodo,compact,46,NestedSelect,140.78,96.67097473144531,44.10902526855469
trial1_day24_plant5,trial1,24,5,2025-11-07,lodo,compact,46,NestedSelect,123.78,90.51608276367188,33.263917236328126
trial1_day24_plant6,trial1,24,6,2025-11-07,lodo,compact,46,NestedSelect,125.78,87.33739471435547,38.44260528564453
trial1_day24_plant7,trial1,24,7,2025-11-07,lodo,compact,46,NestedSelect,135.78,92.47423553466797,43.30576446533203
trial1_day24_plant8,trial1,24,8,2025-11-07,lodo,compact,46,NestedSelect,137.78,91.1937484741211,46.58625152587891
trial1_day24_plant9,trial1,24,9,2025-11-07,lodo,compact,46,NestedSelect,152.78,89.49884796142578,63.28115203857422
trial1_day24_plant10,trial1,24,10,2025-11-07,lodo,compact,46,NestedSelect,141.78,97.0621109008789,44.717889099121095
trial1_day28_plant1,trial1,28,1,2025-11-11,lodo,compact,46,NestedSelect,213.78,134.5523223876953,79.22767761230469
trial1_day28_plant2,trial1,28,2,2025-11-11,lodo,compact,46,NestedSelect,217.78,137.7166748046875,80.0633251953125
trial1_day28_plant3,trial1,28,3,2025-11-11,lodo,compact,46,NestedSelect,232.78,139.94088745117188,92.83911254882813
trial1_day28_plant4,trial1,28,4,2025-11-11,lodo,compact,46,NestedSelect,220.78,138.15151977539062,82.62848022460938
trial1_day28_plant5,trial1,28,5,2025-11-11,lodo,compact,46,NestedSelect,185.78,133.68386840820312,52.096131591796876
trial1_day28_plant6,trial1,28,6,2025-11-11,lodo,compact,46,NestedSelect,195.78,139.38592529296875,56.39407470703125
trial1_day28_plant7,trial1,28,7,2025-11-11,lodo,compact,46,NestedSelect,218.78,131.85662841796875,86.92337158203125
trial1_day28_plant8,trial1,28,8,2025-11-11,lodo,compact,46,NestedSelect,214.78,138.1625213623047,76.61747863769531
trial1_day28_plant9,trial1,28,9,2025-11-11,lodo,compact,46,NestedSelect,222.78,146.31509399414062,76.46490600585938
trial1_day28_plant10,trial1,28,10,2025-11-11,lodo,compact,46,NestedSelect,220.78,146.82667541503906,73.95332458496094
trial1_day0_plant1,trial1,0,1,2025-10-14,lodo,compact,46,NestedSelect,4.48,13.470049858093262,8.990049858093261
trial1_day0_plant2,trial1,0,2,2025-10-14,lodo,compact,46,NestedSelect,4.880000000000003,13.49685001373291,8.616850013732908
trial1_day0_plant3,trial1,0,3,2025-10-14,lodo,compact,46,NestedSelect,6.580000000000002,14.444470405578613,7.864470405578611
trial1_day0_plant4,trial1,0,4,2025-10-14,lodo,compact,46,NestedSelect,4.080000000000002,14.111647605895996,10.031647605895994
trial1_day0_plant5,trial1,0,5,2025-10-14,lodo,compact,46,NestedSelect,4.98,12.126547813415527,7.146547813415527
trial1_day0_plant6,trial1,0,6,2025-10-14,lodo,compact,46,NestedSelect,3.8800000000000026,11.547290802001953,7.667290802001951
trial1_day0_plant7,trial1,0,7,2025-10-14,lodo,compact,46,NestedSelect,5.18,12.788068771362305,7.608068771362305
trial1_day0_plant8,trial1,0,8,2025-10-14,lodo,compact,46,NestedSelect,4.580000000000002,12.788068771362305,8.208068771362303
trial1_day0_plant9,trial1,0,9,2025-10-14,lodo,compact,46,NestedSelect,4.380000000000003,12.999767303466797,8.619767303466794
trial1_day0_plant10,trial1,0,10,2025-10-14,lodo,compact,46,NestedSelect,5.880000000000003,13.704520225524902,7.8245202255249
trial1_day4_plant1,trial1,4,1,2025-10-18,lodo,compact,46,NestedSelect,12.880000000000004,7.4026265144348145,5.47737348556519
trial1_day4_plant2,trial1,4,2,2025-10-18,lodo,compact,46,NestedSelect,11.079999999999998,7.618305206298828,3.46169479370117
trial1_day4_plant3,trial1,4,3,2025-10-18,lodo,compact,46,NestedSelect,16.880000000000003,8.142366409301758,8.737633590698245
trial1_day4_plant4,trial1,4,4,2025-10-18,lodo,compact,46,NestedSelect,13.980000000000004,7.605037689208984,6.37496231079102
trial1_day4_plant5,trial1,4,5,2025-10-18,lodo,compact,46,NestedSelect,13.28,6.936417102813721,6.343582897186279
trial1_day4_plant6,trial1,4,6,2025-10-18,lodo,compact,46,NestedSelect,7.880000000000003,6.8619513511657715,1.018048648834231
trial1_day4_plant7,trial1,4,7,2025-10-18,lodo,compact,46,NestedSelect,13.980000000000004,7.340294361114502,6.639705638885502
trial1_day4_plant8,trial1,4,8,2025-10-18,lodo,compact,46,NestedSelect,11.28,7.277568340301514,4.002431659698486
trial1_day4_plant9,trial1,4,9,2025-10-18,lodo,compact,46,NestedSelect,11.68,7.476893901824951,4.2031060981750485
trial1_day4_plant10,trial1,4,10,2025-10-18,lodo,compact,46,NestedSelect,14.68,8.045487403869629,6.634512596130371
trial1_day8_plant1,trial1,8,1,2025-10-22,lodo,compact,46,NestedSelect,19.08,27.804823604879434,8.724823604879436
trial1_day8_plant2,trial1,8,2,2025-10-22,lodo,compact,46,NestedSelect,18.18,27.86045769980153,9.68045769980153
trial1_day8_plant3,trial1,8,3,2025-10-22,lodo,compact,46,NestedSelect,23.980000000000004,28.346575513608727,4.366575513608723
trial1_day8_plant4,trial1,8,4,2025-10-22,lodo,compact,46,NestedSelect,20.78,28.346575513608727,7.566575513608726
trial1_day8_plant5,trial1,8,5,2025-10-22,lodo,compact,46,NestedSelect,19.880000000000003,28.346575513608727,8.466575513608724
trial1_day8_plant6,trial1,8,6,2025-10-22,lodo,compact,46,NestedSelect,17.330000000000002,27.859119785903772,10.52911978590377
trial1_day8_plant7,trial1,8,7,2025-10-22,lodo,compact,46,NestedSelect,20.980000000000004,27.782602744285683,6.802602744285679
trial1_day8_plant8,trial1,8,8,2025-10-22,lodo,compact,46,NestedSelect,18.380000000000003,27.817786580707367,9.437786580707364
trial1_day8_plant9,trial1,8,9,2025-10-22,lodo,compact,46,NestedSelect,21.58,27.75172924471142,6.171729244711422
trial1_day12_plant1,trial1,12,1,2025-10-26,lodo,compact,46,NestedSelect,26.78,24.616205184523604,2.163794815476397
trial1_day12_plant2,trial1,12,2,2025-10-26,lodo,compact,46,NestedSelect,27.78,24.616205184523604,3.163794815476397
trial1_day12_plant3,trial1,12,3,2025-10-26,lodo,compact,46,NestedSelect,32.78,24.616205184523604,8.163794815476397
trial1_day12_plant4,trial1,12,4,2025-10-26,lodo,compact,46,NestedSelect,29.78,24.616205184523604,5.163794815476397
trial1_day12_plant5,trial1,12,5,2025-10-26,lodo,compact,46,NestedSelect,25.78,24.616205184523604,1.1637948154763968
trial1_day12_plant6,trial1,12,6,2025-10-26,lodo,compact,46,NestedSelect,21.78,24.616205184523604,2.836205184523603
trial1_day12_plant7,trial1,12,7,2025-10-26,lodo,compact,46,NestedSelect,26.78,23.96954881691066,2.8104511830893415
trial1_day12_plant8,trial1,12,8,2025-10-26,lodo,compact,46,NestedSelect,26.78,24.616205184523604,2.163794815476397
trial1_day12_plant9,trial1,12,9,2025-10-26,lodo,compact,46,NestedSelect,27.78,24.616205184523604,3.163794815476397
trial1_day12_plant10,trial1,12,10,2025-10-26,lodo,compact,46,NestedSelect,29.78,24.616205184523604,5.163794815476397
trial1_day16_plant1,trial1,16,1,2025-10-30,lodo,compact,46,NestedSelect,40.78,35.870601654052734,4.909398345947267
trial1_day16_plant2,trial1,16,2,2025-10-30,lodo,compact,46,NestedSelect,45.78,35.870601654052734,9.909398345947267
trial1_day16_plant3,trial1,16,3,2025-10-30,lodo,compact,46,NestedSelect,49.78,39.77518081665039,10.00481918334961
trial1_day16_plant4,trial1,16,4,2025-10-30,lodo,compact,46,NestedSelect,50.78,36.70068359375,14.079316406250001
trial1_day16_plant5,trial1,16,5,2025-10-30,lodo,compact,46,NestedSelect,36.78,33.86371612548828,2.91628387451172
trial1_day16_plant6,trial1,16,6,2025-10-30,lodo,compact,46,NestedSelect,35.78,31.789583206176758,3.9904167938232433
trial1_day16_plant7,trial1,16,7,2025-10-30,lodo,compact,46,NestedSelect,40.78,34.832088470458984,5.947911529541017
trial1_day16_plant8,trial1,16,8,2025-10-30,lodo,compact,46,NestedSelect,42.78,35.22259521484375,7.557404785156251
trial1_day16_plant9,trial1,16,9,2025-10-30,lodo,compact,46,NestedSelect,41.78,35.474571228027344,6.305428771972657
trial1_day16_plant10,trial1,16,10,2025-10-30,lodo,compact,46,NestedSelect,44.78,36.072383880615234,8.707616119384767
trial1_day20_plant1,trial1,20,1,2025-11-03,lodo,compact,46,NestedSelect,78.78,39.35723475835943,39.42276524164057
trial1_day20_plant2,trial1,20,2,2025-11-03,lodo,compact,46,NestedSelect,89.78,38.78957131771494,50.990428682285064
trial1_day20_plant3,trial1,20,3,2025-11-03,lodo,compact,46,NestedSelect,93.78,42.456229083924406,51.323770916075595
trial1_day20_plant4,trial1,20,4,2025-11-03,lodo,compact,46,NestedSelect,91.78,39.93311973850841,51.84688026149159
trial1_day20_plant5,trial1,20,5,2025-11-03,lodo,compact,46,NestedSelect,65.78,33.420956122126604,32.3590438778734
trial1_day20_plant6,trial1,20,6,2025-11-03,lodo,compact,46,NestedSelect,69.78,29.57686258369761,40.20313741630239
trial1_day20_plant7,trial1,20,7,2025-11-03,lodo,compact,46,NestedSelect,76.78,35.9165425120586,40.8634574879414
trial1_day20_plant8,trial1,20,8,2025-11-03,lodo,compact,46,NestedSelect,78.78,36.47700213247739,42.30299786752261
trial1_day20_plant9,trial1,20,9,2025-11-03,lodo,compact,46,NestedSelect,83.78,34.23142603603636,49.54857396396364
trial1_day20_plant10,trial1,20,10,2025-11-03,lodo,compact,46,NestedSelect,82.78,40.52999595072986,42.25000404927014
trial1_day24_plant1,trial1,24,1,2025-11-07,lodo,compact,46,NestedSelect,135.78,269.6400369627192,133.8600369627192
trial1_day24_plant2,trial1,24,2,2025-11-07,lodo,compact,46,NestedSelect,153.78,272.01412724807034,118.23412724807034
trial1_day24_plant3,trial1,24,3,2025-11-07,lodo,compact,46,NestedSelect,157.78,262.38398330626967,104.60398330626967
trial1_day24_plant4,trial1,24,4,2025-11-07,lodo,compact,46,NestedSelect,140.78,271.72437996677235,130.94437996677235
trial1_day24_plant5,trial1,24,5,2025-11-07,lodo,compact,46,NestedSelect,123.78,272.5938560248323,148.8138560248323
trial1_day24_plant6,trial1,24,6,2025-11-07,lodo,compact,46,NestedSelect,125.78,270.8534090495291,145.0734090495291
trial1_day24_plant7,trial1,24,7,2025-11-07,lodo,compact,46,NestedSelect,135.78,273.60809900449925,137.82809900449925
trial1_day24_plant8,trial1,24,8,2025-11-07,lodo,compact,46,NestedSelect,137.78,271.00071185944654,133.22071185944654
trial1_day24_plant9,trial1,24,9,2025-11-07,lodo,compact,46,NestedSelect,152.78,272.39353590968574,119.61353590968574
trial1_day24_plant10,trial1,24,10,2025-11-07,lodo,compact,46,NestedSelect,141.78,262.38398330626967,120.60398330626967
trial1_day28_plant1,trial1,28,1,2025-11-11,lodo,compact,46,NestedSelect,213.78,135.09772367675083,78.68227632324917
trial1_day28_plant2,trial1,28,2,2025-11-11,lodo,compact,46,NestedSelect,217.78,134.93203730854097,82.84796269145903
trial1_day28_plant3,trial1,28,3,2025-11-11,lodo,compact,46,NestedSelect,232.78,134.9667108790006,97.8132891209994
trial1_day28_plant4,trial1,28,4,2025-11-11,lodo,compact,46,NestedSelect,220.78,135.40691657401743,85.37308342598257
trial1_day28_plant5,trial1,28,5,2025-11-11,lodo,compact,46,NestedSelect,185.78,135.59105247138626,50.18894752861374
trial1_day28_plant6,trial1,28,6,2025-11-11,lodo,compact,46,NestedSelect,195.78,135.67759020890261,60.10240979109739
trial1_day28_plant7,trial1,28,7,2025-11-11,lodo,compact,46,NestedSelect,218.78,136.0790673785628,82.7009326214372
trial1_day28_plant8,trial1,28,8,2025-11-11,lodo,compact,46,NestedSelect,214.78,135.77719953979135,79.00280046020865
trial1_day28_plant9,trial1,28,9,2025-11-11,lodo,compact,46,NestedSelect,222.78,135.1677789507334,87.6122210492666
trial1_day28_plant10,trial1,28,10,2025-11-11,lodo,compact,46,NestedSelect,220.78,135.63157869615887,85.14842130384113
